{
"type": "FeatureCollection",
"name": "country",
"crs": { "type": "name", "properties": { "name": "urn:ogc:def:crs:OGC:1.3:CRS84" } },
"features": [
{ "type": "Feature", "properties": { "name": "Nigeria", "pcode": "NG", "level": "country" }, "geometry": { "type": "MultiPolygon", "coordinates": [ [ [ [ 5.514638016, 13.894419132999985 ], [ 5.529122014, 13.892298696000012 ], [ 5.536184838, 13.891264856000021 ], [ 5.559834093, 13.878127173 ], [ 5.590840463, 13.86236046800002 ], [ 5.610285369999986, 13.855003392000015 ], [ 5.642343091999976, 13.843441650999978 ], [ 5.667043267999986, 13.830303249999986 ], [ 5.683334726, 13.825572817000022 ], [ 5.699100846000022, 13.820318434 ], [ 5.721435891, 13.807179282 ], [ 5.748764142000027, 13.794566993999979 ], [ 5.779245291999985, 13.785106198999983 ], [ 5.840207666000026, 13.763035042000013 ], [ 5.868586612, 13.754625966 ], [ 5.894337576, 13.744641612 ], [ 5.921139717000017, 13.73780967 ], [ 5.953197612, 13.724670018999973 ], [ 5.987883027, 13.713109160999977 ], [ 6.00575114999998, 13.708378545000016 ], [ 6.013111751999986, 13.705434275000016 ], [ 6.015171494000015, 13.705909471999973 ], [ 6.043690571000013, 13.697195615999988 ], [ 6.065079659, 13.686897193999982 ], [ 6.088845651999975, 13.676598008999974 ], [ 6.125286716, 13.653625330000011 ], [ 6.146709203, 13.643282952999982 ], [ 6.166396307000014, 13.653696475 ], [ 6.219201595000015, 13.673742689999983 ], [ 6.266393742, 13.679705239999976 ], [ 6.295042799999976, 13.677106047999985 ], [ 6.336688139999978, 13.659159161 ], [ 6.441623517999972, 13.596733374 ], [ 6.484840433999977, 13.556323572999986 ], [ 6.584271219000016, 13.453116874999978 ], [ 6.604457174, 13.429386288999979 ], [ 6.613308163, 13.41715050900001 ], [ 6.641006867999977, 13.389823681999985 ], [ 6.666914075000022, 13.362653643999977 ], [ 6.673486635000017, 13.355759466999984 ], [ 6.676665295000021, 13.354073724999978 ], [ 6.683172599999978, 13.346752990000027 ], [ 6.69456063299998, 13.325604355 ], [ 6.709201827000015, 13.304455556 ], [ 6.720589178000012, 13.280054264 ], [ 6.735230450000017, 13.258905501000015 ], [ 6.762545497000019, 13.210149521 ], [ 6.773054127000023, 13.191391791 ], [ 6.786068508000028, 13.17431072 ], [ 6.792541933999985, 13.16102311100002 ], [ 6.801523332999977, 13.142587686000013 ], [ 6.821858282, 13.11493185 ], [ 6.848701060999986, 13.082395727 ], [ 6.873103248, 13.053113057000019 ], [ 6.91052011, 13.013255961000027 ], [ 6.927601875999983, 12.990480287000025 ], [ 6.935735781, 12.990480217000027 ], [ 6.978846164, 12.992107291000025 ], [ 7.013822917000027, 12.991294144999983 ], [ 7.031717771999979, 12.996988279 ], [ 7.038205557000026, 12.997434887 ], [ 7.047684776999972, 12.999111686999981 ], [ 7.049030882000011, 12.999349802999973 ], [ 7.053943764999985, 12.999766417999979 ], [ 7.059272803, 13.000432035000017 ], [ 7.063352711999983, 13.000848706999989 ], [ 7.067266409000013, 13.002180834 ], [ 7.072345595, 13.003930215000025 ], [ 7.082337838, 13.007010444 ], [ 7.088007095000023, 13.008670009000014 ], [ 7.094911459, 13.010591713999986 ], [ 7.102738354, 13.012839451 ], [ 7.111460165999972, 13.018050193000022 ], [ 7.116151926999976, 13.01924055 ], [ 7.123182757, 13.02388937500001 ], [ 7.129043033000016, 13.02738932 ], [ 7.131384938, 13.029710006000016 ], [ 7.13607218300001, 13.033199996 ], [ 7.138413876000016, 13.035519506000014 ], [ 7.141929960000027, 13.037850519000017 ], [ 7.15832896400002, 13.051790057 ], [ 7.161836043, 13.05757040200001 ], [ 7.170030985999972, 13.066840247000016 ], [ 7.177053036000018, 13.07495959900001 ], [ 7.181732225000019, 13.081899669 ], [ 7.187586739999972, 13.08769965099998 ], [ 7.192274146999978, 13.091190617999985 ], [ 7.195784193, 13.09582039999998 ], [ 7.200459948, 13.103920027000015 ], [ 7.203972796000016, 13.107400063999989 ], [ 7.208656898000015, 13.112039331 ], [ 7.213343092, 13.115529998999989 ], [ 7.220000428, 13.120840688999976 ], [ 7.227970383000013, 13.123592622999979 ], [ 7.235338194, 13.123929224 ], [ 7.248560828999985, 13.120071398999983 ], [ 7.261473076000016, 13.116814449 ], [ 7.271331866000025, 13.109924998999986 ], [ 7.28208844400001, 13.107863496999983 ], [ 7.288851971999975, 13.106085617000019 ], [ 7.298998569, 13.103116365 ], [ 7.300160987000027, 13.102657267999973 ], [ 7.303749980000021, 13.102330113999983 ], [ 7.314319119, 13.100099611000019 ], [ 7.320191841, 13.097840339000015 ], [ 7.333106014, 13.09677007099998 ], [ 7.337928928999986, 13.095228393000014 ], [ 7.340486371, 13.095161252000025 ], [ 7.350318168, 13.093697034 ], [ 7.364139853999973, 13.092551750999974 ], [ 7.365986351, 13.091655361 ], [ 7.370288653999978, 13.090769143999978 ], [ 7.375815209, 13.09079325099998 ], [ 7.380730455, 13.090211829999987 ], [ 7.390237529, 13.092665297 ], [ 7.397609946999978, 13.091792559 ], [ 7.404667722, 13.092727296000021 ], [ 7.411024564, 13.094004090999988 ], [ 7.421133038, 13.097379623 ], [ 7.431681984000022, 13.103210289 ], [ 7.443399901000021, 13.111359542 ], [ 7.453951672000017, 13.116040479999981 ], [ 7.460981161, 13.121850054 ], [ 7.48090877300001, 13.132360597 ], [ 7.493805662, 13.138210328000014 ], [ 7.503184721000025, 13.142880602999981 ], [ 7.513732157999982, 13.149860266000019 ], [ 7.520762811999987, 13.154520174000027 ], [ 7.526620611999988, 13.159170227 ], [ 7.533658166, 13.16151985800002 ], [ 7.539864736000027, 13.164790353 ], [ 7.553586048, 13.172030414 ], [ 7.555928177999988, 13.174349522 ], [ 7.564130681, 13.180170132 ], [ 7.573500905, 13.188299965 ], [ 7.578187903000014, 13.191779812 ], [ 7.58873971700001, 13.196470461 ], [ 7.596948234000024, 13.199979736999978 ], [ 7.599286907000021, 13.203449920000025 ], [ 7.605146938000019, 13.206950189 ], [ 7.61100496, 13.211600593000014 ], [ 7.619217683999977, 13.212809543999981 ], [ 7.62155991100002, 13.215129914999977 ], [ 7.62741982, 13.21862024 ], [ 7.635355141, 13.222023157000024 ], [ 7.63914371300001, 13.224459458000013 ], [ 7.64617775, 13.227970147 ], [ 7.654380065, 13.233790422000027 ], [ 7.661411911000016, 13.238439718999985 ], [ 7.664929848999975, 13.239620049999985 ], [ 7.673134692000019, 13.244280109999977 ], [ 7.680165794, 13.248940335999976 ], [ 7.688379031000011, 13.250149462000024 ], [ 7.693060710999987, 13.255940655000018 ], [ 7.696575908, 13.258270314000015 ], [ 7.702434209999979, 13.262920388999987 ], [ 7.710638916999983, 13.267580167 ], [ 7.716498791, 13.27107981 ], [ 7.728219989000024, 13.278079928000011 ], [ 7.734083135999981, 13.280420056000025 ], [ 7.738767097, 13.285059898999975 ], [ 7.744626942000025, 13.288559666000026 ], [ 7.752832193000017, 13.293219635000014 ], [ 7.757518817, 13.296710184 ], [ 7.765724386999977, 13.301380028999972 ], [ 7.771582014999979, 13.306019940999988 ], [ 7.775092070000028, 13.310660542 ], [ 7.778607180999984, 13.312989989000016 ], [ 7.784464578999973, 13.317629693000015 ], [ 7.789152393, 13.32112039499998 ], [ 7.795012161999978, 13.324620487 ], [ 7.798522151999975, 13.329250120999973 ], [ 7.802038180000011, 13.331579901999987 ], [ 7.806729941000015, 13.332770553999978 ], [ 7.811425008000015, 13.332799658999988 ], [ 7.81801826200001, 13.330421332000014 ], [ 7.820821852, 13.329409371999986 ], [ 7.838428288999978, 13.329529537999974 ], [ 7.847817184, 13.329589721 ], [ 7.853687756, 13.32847962 ], [ 7.86073418, 13.327380366999989 ], [ 7.867781330000014, 13.325120059000028 ], [ 7.874824778, 13.324020530999974 ], [ 7.879652116999978, 13.324049732 ], [ 7.883041639999988, 13.324080235999986 ], [ 7.891256799000018, 13.324130146000016 ], [ 7.904172743, 13.321920434 ], [ 7.910041827999976, 13.321960204999982 ], [ 7.91943398799998, 13.320870647999982 ], [ 7.925304757999982, 13.319760568999982 ], [ 7.937046775, 13.317540099999974 ], [ 7.940565828, 13.318710474 ], [ 7.961691911, 13.318860235999978 ], [ 7.974610535000011, 13.31548998400001 ], [ 7.986341993, 13.317879495 ], [ 7.993387241, 13.316769830999988 ], [ 8.001608616, 13.314530488 ], [ 8.010997701, 13.314590510000016 ], [ 8.015692538999986, 13.314619859 ], [ 8.021563489000016, 13.313509952 ], [ 8.026261407, 13.312390118999986 ], [ 8.042700976, 13.309049839000011 ], [ 8.048575358999983, 13.306790439 ], [ 8.054443622, 13.306830214 ], [ 8.059138358999974, 13.30686014600002 ], [ 8.066014503000019, 13.304209808 ], [ 8.070885651000026, 13.302330014 ], [ 8.075136397999984, 13.301316913 ], [ 8.079827696, 13.301086153000028 ], [ 8.089832143000024, 13.302338844000019 ], [ 8.093585271999984, 13.302347978 ], [ 8.097350147999975, 13.297445023000023 ], [ 8.099239282999974, 13.292538060000027 ], [ 8.102326759999983, 13.288957058999983 ], [ 8.108484155999975, 13.285309923999989 ], [ 8.113182016999986, 13.284190105999983 ], [ 8.119064611, 13.278469975 ], [ 8.129637919, 13.273940288 ], [ 8.134332815999983, 13.273969849000025 ], [ 8.141380068999979, 13.271710594000012 ], [ 8.144901479999987, 13.271740134000027 ], [ 8.149599048000027, 13.270620448999978 ], [ 8.159007022000026, 13.26261970600001 ], [ 8.162536403, 13.259189456 ], [ 8.169603515, 13.248869781 ], [ 8.17195818, 13.245430048 ], [ 8.18192594300001, 13.237473458000011 ], [ 8.199455779, 13.228915992999987 ], [ 8.213228456000024, 13.222192055 ], [ 8.230130765000013, 13.21363181800001 ], [ 8.238890734999984, 13.211194013000011 ], [ 8.254542868999977, 13.202016019999974 ], [ 8.278342764, 13.183030681999981 ], [ 8.292121875000021, 13.171391685 ], [ 8.299018607999983, 13.161581587 ], [ 8.316565288, 13.140739671 ], [ 8.337853236, 13.12358754600001 ], [ 8.352874317999976, 13.114404256 ], [ 8.361012287, 13.108279095 ], [ 8.382920383999988, 13.091738928999973 ], [ 8.390429562, 13.087453777 ], [ 8.399200166000014, 13.075802552000027 ], [ 8.401108151000017, 13.070913212999983 ], [ 8.404779669, 13.063860149 ], [ 8.408303268999987, 13.062729655 ], [ 8.414184439, 13.057009877999974 ], [ 8.418030938000015, 13.053897975999973 ], [ 8.425849086000028, 13.056341036999981 ], [ 8.452542461, 13.065493693 ], [ 8.481523802000027, 13.070069326 ], [ 8.499064696, 13.067781556 ], [ 8.501581435, 13.066686686000025 ], [ 8.515097803, 13.06808013 ], [ 8.52449810600001, 13.063529765999988 ], [ 8.529195797999989, 13.062410363000026 ], [ 8.535075274, 13.057849624000028 ], [ 8.544475639999973, 13.053299881999976 ], [ 8.551530628000023, 13.047590088 ], [ 8.559760384000015, 13.041890025999976 ], [ 8.571524516000011, 13.030450089999988 ], [ 8.576232807, 13.024720159000026 ], [ 8.578587277, 13.021280065999974 ], [ 8.590341439999975, 13.014450012999987 ], [ 8.592693256000018, 13.012160036000012 ], [ 8.597396670000023, 13.008740466 ], [ 8.603276129, 13.004170155999986 ], [ 8.611508189, 12.997309673000018 ], [ 8.617390791999981, 12.991600200999983 ], [ 8.619743455999981, 12.989310069 ], [ 8.632681024000021, 12.977879519 ], [ 8.634435768, 12.972449288 ], [ 8.639774591999981, 12.961771928000019 ], [ 8.642825104, 12.95643331399998 ], [ 8.645113244000015, 12.948043790999975 ], [ 8.646637924, 12.941180003 ], [ 8.661891990000015, 12.931265774 ], [ 8.677145242999984, 12.925164312999982 ], [ 8.699261924999973, 12.914486666000016 ], [ 8.709818127, 12.913826686 ], [ 8.722141179, 12.913724779 ], [ 8.739681949999976, 12.90686033999998 ], [ 8.757223269, 12.90075944199998 ], [ 8.771713966, 12.897708823000016 ], [ 8.783153692999974, 12.896182952 ], [ 8.788492444999974, 12.890844445000027 ], [ 8.806796269000017, 12.887794605000011 ], [ 8.824336847999973, 12.880168001000015 ], [ 8.839589905000025, 12.876354133 ], [ 8.848742551999976, 12.871778471000027 ], [ 8.867046327000025, 12.869490633 ], [ 8.885350341999981, 12.860338322000018 ], [ 8.922719982999979, 12.850424026999974 ], [ 8.944074758999989, 12.842797056999984 ], [ 8.96695434999998, 12.832882634999976 ], [ 8.97763168900002, 12.834407677 ], [ 8.990596730999982, 12.838984324000023 ], [ 9.012713538000014, 12.838221536999981 ], [ 9.037119120999989, 12.837458364999975 ], [ 9.045207743999981, 12.837206055000024 ], [ 9.061523452000017, 12.836696408000023 ], [ 9.073954755999978, 12.836872108000023 ], [ 9.081819311, 12.834775057 ], [ 9.094404890000021, 12.836085584999978 ], [ 9.113283266, 12.834774725999978 ], [ 9.137404557000025, 12.834250250000025 ], [ 9.142386284999986, 12.832676685000024 ], [ 9.147105222999983, 12.833725666000021 ], [ 9.160740001000022, 12.833725682000022 ], [ 9.180928492000021, 12.827695742 ], [ 9.207147618000022, 12.827957222 ], [ 9.225494535999985, 12.828307009000014 ], [ 9.230482107, 12.824025017999986 ], [ 9.246738470000025, 12.824548488 ], [ 9.260896392, 12.818780862999972 ], [ 9.272016255999972, 12.81763001600001 ], [ 9.287116031999972, 12.812488363999989 ], [ 9.297184010000024, 12.81229122100001 ], [ 9.312286132, 12.811177203 ], [ 9.333028737, 12.813054094999984 ], [ 9.340755753999986, 12.814437757 ], [ 9.35476101, 12.816945219 ], [ 9.374974932999976, 12.818392608000011 ], [ 9.381302903, 12.818659614000012 ], [ 9.389894711000011, 12.822451715999989 ], [ 9.415326957, 12.821402824000018 ], [ 9.429222870999979, 12.82192717800001 ], [ 9.436039970000024, 12.818780941 ], [ 9.462680542999976, 12.814578915000027 ], [ 9.494712981000021, 12.810003465000023 ], [ 9.533607658999983, 12.808478111 ], [ 9.549623282000027, 12.807715304 ], [ 9.565038433999973, 12.806719964000024 ], [ 9.570019791, 12.807768840999984 ], [ 9.574631854000017, 12.807180433999974 ], [ 9.579315045999977, 12.807230237999988 ], [ 9.58282746499998, 12.807279559 ], [ 9.596902014000023, 12.805139282000027 ], [ 9.601585200999978, 12.805199544 ], [ 9.606749741999977, 12.806113181 ], [ 9.616689630999986, 12.80514718 ], [ 9.628488736, 12.805147240999986 ], [ 9.647366566000017, 12.803573734999986 ], [ 9.653658627000027, 12.804360469000017 ], [ 9.655921952000028, 12.807168819000026 ], [ 9.658108449999986, 12.809121391000019 ], [ 9.692076422000014, 12.83944978400001 ], [ 9.707670119999989, 12.856274698999982 ], [ 9.718944454999985, 12.867548186000022 ], [ 9.724449736, 12.873053858 ], [ 9.724457568, 12.876945885 ], [ 9.72551575, 12.884123796999972 ], [ 9.729692766000028, 12.885141353999984 ], [ 9.736551216, 12.885609220999982 ], [ 9.740706688999978, 12.888786117 ], [ 9.74463957, 12.892719377 ], [ 9.74778562900002, 12.895603363000021 ], [ 9.749882625999987, 12.897700180000015 ], [ 9.752096922000021, 12.898969696999984 ], [ 9.754864772000019, 12.90320687000002 ], [ 9.758011037000017, 12.905828615000019 ], [ 9.760865964, 12.907960001 ], [ 9.76378946, 12.910960115000023 ], [ 9.765743026999985, 12.915270071 ], [ 9.770028917, 12.919210217 ], [ 9.774708987999986, 12.925390102999984 ], [ 9.777435401999981, 12.927269657000011 ], [ 9.781720995, 12.931200077000028 ], [ 9.786006683999972, 12.935139499 ], [ 9.788732644999982, 12.937009935999981 ], [ 9.791852848000019, 12.941129693 ], [ 9.794578323999986, 12.943010250999976 ], [ 9.797501819, 12.946009538 ], [ 9.800227923000023, 12.947879890000024 ], [ 9.804335488999982, 12.952720541000019 ], [ 9.808980803, 12.96293943500001 ], [ 9.820103802, 12.973578495000027 ], [ 9.827841643999989, 12.991471306999983 ], [ 9.842832558, 13.010332327000015 ], [ 9.843140478, 13.01064024599998 ], [ 9.843765449999978, 13.015165320999984 ], [ 9.844819194000024, 13.019265734999976 ], [ 9.844836051000016, 13.026445611999975 ], [ 9.854252863, 13.034629752 ], [ 9.865746151999986, 13.037680342999977 ], [ 9.90510085, 13.064234 ], [ 9.905866343000014, 13.065019662 ], [ 9.908593347000021, 13.066889779 ], [ 9.91171261, 13.071020366000027 ], [ 9.914635826999984, 13.07402039599998 ], [ 9.917362358999981, 13.075889873999984 ], [ 9.919119067, 13.079079725999975 ], [ 9.926131246000011, 13.084890334000022 ], [ 9.930416877000027, 13.088820689999977 ], [ 9.932371089000014, 13.093130272999986 ], [ 9.935096736, 13.095009786999981 ], [ 9.937823536999986, 13.096880242 ], [ 9.939579963000028, 13.100069992999977 ], [ 9.945228832999987, 13.104940202000023 ], [ 9.948151435, 13.107939983 ], [ 9.952635007000026, 13.113000027 ], [ 9.955951457000026, 13.118249999 ], [ 9.957905569, 13.122559439999975 ], [ 9.960829005999983, 13.125559671000019 ], [ 9.96355558800002, 13.127429936 ], [ 9.966281093000021, 13.129309772999989 ], [ 9.969006601, 13.13118 ], [ 9.973293253, 13.135109867999972 ], [ 9.976610188, 13.140359665 ], [ 9.978653996999981, 13.141769473000011 ], [ 9.980657493000024, 13.148640655 ], [ 9.992265, 13.159763562000023 ], [ 10.000002157999972, 13.167501189 ], [ 10.015960538, 13.174754834999987 ], [ 10.035788649999972, 13.183943817999989 ], [ 10.045943358999978, 13.194098485999973 ], [ 10.064320437999982, 13.204254386 ], [ 10.085599192000018, 13.214409959000022 ], [ 10.107844156999988, 13.224565408999979 ], [ 10.120901231, 13.22940182100001 ], [ 10.125508508, 13.23079803600001 ], [ 10.128259836999973, 13.232689595000011 ], [ 10.136450622999973, 13.235600714999975 ], [ 10.145564864, 13.242941866000024 ], [ 10.176514684999972, 13.255999544000019 ], [ 10.198276659999976, 13.264220161000026 ], [ 10.201159711, 13.266241821 ], [ 10.208432179999988, 13.267605818999982 ], [ 10.233096107999984, 13.268089525 ], [ 10.252439487, 13.270023271000014 ], [ 10.267431185000021, 13.271474813999987 ], [ 10.281180660000018, 13.270557309000026 ], [ 10.289193162, 13.270023529000014 ], [ 10.327880868000022, 13.27292553 ], [ 10.365601801000025, 13.275826505999987 ], [ 10.398969532000024, 13.276794368000026 ], [ 10.44152664, 13.281629821000024 ], [ 10.454099542999984, 13.280662451000012 ], [ 10.465706137999973, 13.282113004999985 ], [ 10.481664425000019, 13.288884014000018 ], [ 10.492369707000023, 13.294809344999976 ], [ 10.497969806000015, 13.296629721999977 ], [ 10.50185944499998, 13.298310029999982 ], [ 10.505559662999985, 13.298870228 ], [ 10.509449946000018, 13.300550454000017 ], [ 10.513340286000016, 13.302240229 ], [ 10.525019499999985, 13.307290097000021 ], [ 10.528710077000028, 13.307850105 ], [ 10.532409866000023, 13.308409483 ], [ 10.536299777000011, 13.31008998599998 ], [ 10.540189742999985, 13.311770448 ], [ 10.545249662, 13.313269776000027 ], [ 10.549139704000027, 13.314950145000012 ], [ 10.552840167, 13.315509873 ], [ 10.559060327999987, 13.316820012 ], [ 10.563150496, 13.319629839000015 ], [ 10.565870190999988, 13.321499679999988 ], [ 10.571129801999973, 13.324119763999988 ], [ 10.574819478, 13.324680447999981 ], [ 10.578520081000022, 13.32523992199998 ], [ 10.583379697999987, 13.325610268999981 ], [ 10.5861099, 13.32748047299998 ], [ 10.59000032900002, 13.32917004 ], [ 10.59272024, 13.331040239 ], [ 10.596220234999976, 13.330469952999977 ], [ 10.598950585000011, 13.332349669999985 ], [ 10.604399796, 13.336089878 ], [ 10.608289822000017, 13.337779792 ], [ 10.613549982999984, 13.340399865999984 ], [ 10.617440075, 13.342080077 ], [ 10.620160267000017, 13.343959682 ], [ 10.625220375000026, 13.345450576000019 ], [ 10.628919554999982, 13.346010130000025 ], [ 10.632809758, 13.347689624999987 ], [ 10.636500340999987, 13.348250252000014 ], [ 10.641559463000021, 13.349749407 ], [ 10.650320148, 13.351799901999982 ], [ 10.654009647, 13.352359805999981 ], [ 10.656740442, 13.354230062999989 ], [ 10.660819716, 13.357040548999976 ], [ 10.664520225, 13.357600301 ], [ 10.668209806, 13.358160063000014 ], [ 10.673270307999985, 13.359649749000027 ], [ 10.676969719, 13.360210511 ], [ 10.682019957000023, 13.361709712999982 ], [ 10.686889383, 13.362079799000014 ], [ 10.6905802, 13.362640465000027 ], [ 10.695440424000026, 13.363010481 ], [ 10.700499391, 13.36449980499998 ], [ 10.704200040999979, 13.365059718 ], [ 10.707690388, 13.36448958 ], [ 10.711389338, 13.365050557000018 ], [ 10.718779756, 13.36617019900001 ], [ 10.723440064999977, 13.365409777000025 ], [ 10.729470338, 13.365590348000012 ], [ 10.732970507, 13.365030091 ], [ 10.737629625000011, 13.364270053999974 ], [ 10.742289353, 13.363519562000022 ], [ 10.74578942, 13.362950152 ], [ 10.750849803999984, 13.364450635000026 ], [ 10.756880067999987, 13.364629633 ], [ 10.761540282999988, 13.363869866000016 ], [ 10.767569397999978, 13.364049825999984 ], [ 10.772230218, 13.363300102999972 ], [ 10.775930354000025, 13.363849699000014 ], [ 10.780790121, 13.364219736999985 ], [ 10.785449745999983, 13.363469854000016 ], [ 10.789149958, 13.364030056 ], [ 10.792639597, 13.363459682999974 ], [ 10.797499376000019, 13.363829502999977 ], [ 10.803729906, 13.365140033999978 ], [ 10.807419738000021, 13.36568996 ], [ 10.811320254, 13.367379968000023 ], [ 10.815010171999972, 13.367939982 ], [ 10.819870037999976, 13.368310085000019 ], [ 10.82357035299998, 13.368869944999972 ], [ 10.830559968999978, 13.367730156 ], [ 10.833860234999975, 13.366040065 ], [ 10.837360201000024, 13.365469779000023 ], [ 10.84086019, 13.364910194 ], [ 10.846890520999978, 13.365090571 ], [ 10.851940367, 13.366580129999988 ], [ 10.858169411, 13.367890335000027 ], [ 10.86283004500001, 13.367130428999985 ], [ 10.86653041400001, 13.367689864 ], [ 10.870220424000024, 13.36824988799998 ], [ 10.873920235000014, 13.368809826000017 ], [ 10.87761027099998, 13.369370350999986 ], [ 10.881310671, 13.369930212999975 ], [ 10.88500016, 13.370490093 ], [ 10.888500072, 13.369919901 ], [ 10.891999994, 13.36935023 ], [ 10.895489578000024, 13.368789632000016 ], [ 10.900359848999983, 13.369150155 ], [ 10.904049926000027, 13.369709844999988 ], [ 10.907750373, 13.37027 ], [ 10.911439907999977, 13.370829619 ], [ 10.915140382, 13.37139027500001 ], [ 10.921359968, 13.372699475 ], [ 10.926019386, 13.371939914999984 ], [ 10.930879425, 13.372309702 ], [ 10.935740629, 13.372679973 ], [ 10.940210314000012, 13.370799831 ], [ 10.964294183, 13.372546066999973 ], [ 10.987990352, 13.373996792000014 ], [ 11.020874972, 13.373996482 ], [ 11.038768533, 13.373996907 ], [ 11.057628666000028, 13.373996810999984 ], [ 11.065850308999984, 13.374480173999984 ], [ 11.086160518999975, 13.374963802000025 ], [ 11.221810269, 13.37399689 ], [ 11.255178563000015, 13.373996775000023 ], [ 11.27992457900001, 13.374472415000014 ], [ 11.297735036, 13.374963735999984 ], [ 11.340290990000028, 13.373512989 ], [ 11.377044479, 13.372062745999983 ], [ 11.404609849999986, 13.369643955000015 ], [ 11.416551797000011, 13.365663665999989 ], [ 11.420180308999988, 13.365940143999978 ], [ 11.423669657, 13.365380249999987 ], [ 11.427169863000017, 13.364810072000012 ], [ 11.432809970999983, 13.362739576000024 ], [ 11.439410494000015, 13.35935035 ], [ 11.443100189, 13.359909808999987 ], [ 11.446800256000017, 13.360469718 ], [ 11.454380263000019, 13.362719271 ], [ 11.460410361000015, 13.362899883000011 ], [ 11.462513143000024, 13.362557762999984 ], [ 11.467688740000028, 13.363875698000015 ], [ 11.475032739000028, 13.367929845999981 ], [ 11.485469723, 13.365809112000022 ], [ 11.508383445, 13.354373187000022 ], [ 11.508639347999974, 13.354153266000026 ], [ 11.520914882999989, 13.352234580000015 ], [ 11.543643857, 13.346915121999984 ], [ 11.566856251, 13.335308775999977 ], [ 11.592971092000028, 13.324186452999982 ], [ 11.604576783000027, 13.317899727 ], [ 11.62005253, 13.313546992 ], [ 11.644715317000021, 13.304359346000012 ], [ 11.657289552, 13.301457165999977 ], [ 11.666477051000015, 13.296621225000024 ], [ 11.679051109999989, 13.292752253 ], [ 11.708067192999977, 13.285014912 ], [ 11.730312325, 13.280179038000028 ], [ 11.741435291000016, 13.274859301999982 ], [ 11.749172158000022, 13.276310222 ], [ 11.763680318000013, 13.273892422000017 ], [ 11.772385375, 13.27147484 ], [ 11.783508335000022, 13.268572961000018 ], [ 11.802367941999989, 13.266155065000021 ], [ 11.848310379999987, 13.255516112 ], [ 11.879260107999983, 13.248744938000016 ], [ 11.890866043000017, 13.241974653999989 ], [ 11.927136647999987, 13.224081792999982 ], [ 11.94696445, 13.208123433000026 ], [ 11.979365398000027, 13.185394509999981 ], [ 11.998708938, 13.168951881 ], [ 12.011282216999973, 13.157829447999973 ], [ 12.014183874000025, 13.151059307000025 ], [ 12.031109728999979, 13.137518 ], [ 12.042716176999988, 13.13074796799998 ], [ 12.046101428999975, 13.128329446 ], [ 12.054805572000021, 13.121558984999979 ], [ 12.066896401, 13.116723168000021 ], [ 12.071427761, 13.113507331999983 ], [ 12.073828640999977, 13.113204294000013 ], [ 12.085272660999976, 13.107981180000024 ], [ 12.096734025999979, 13.104809021999984 ], [ 12.106124238, 13.103705215 ], [ 12.118638481, 13.101549337999984 ], [ 12.129063945999974, 13.099410549000027 ], [ 12.130998130000023, 13.09863181999998 ], [ 12.131568182000024, 13.100910453999973 ], [ 12.134683802999973, 13.104155404999972 ], [ 12.139486095, 13.099352961000022 ], [ 12.14253723500002, 13.098963993999973 ], [ 12.149287365000021, 13.096886761 ], [ 12.151039943, 13.098508659 ], [ 12.149027577000027, 13.105323820000024 ], [ 12.150910606000025, 13.108569433000014 ], [ 12.157595738, 13.108115156 ], [ 12.161750039000026, 13.103247857999975 ], [ 12.163632328, 13.102144356 ], [ 12.170382214000028, 13.103701695999973 ], [ 12.172848440999985, 13.100845203 ], [ 12.177586820999977, 13.098314510000023 ], [ 12.180313344000012, 13.103896248000012 ], [ 12.187388366999983, 13.106557841999972 ], [ 12.179339168000013, 13.11506083 ], [ 12.176873379000028, 13.120382292999977 ], [ 12.178495527999985, 13.125185878000025 ], [ 12.183753129000024, 13.12103152200001 ], [ 12.188426686000014, 13.120317613999987 ], [ 12.194852573999981, 13.122005520000016 ], [ 12.197967715, 13.122524022 ], [ 12.202641331, 13.122719516000018 ], [ 12.206925341999977, 13.120512699000017 ], [ 12.211014633, 13.114800235000018 ], [ 12.218283106, 13.11408732000001 ], [ 12.226916820999975, 13.109607720999975 ], [ 12.230162230000019, 13.107661036000025 ], [ 12.233667232000016, 13.107336315 ], [ 12.235678681000024, 13.109932948999983 ], [ 12.238210305999985, 13.113437452000028 ], [ 12.241130537, 13.114605859 ], [ 12.251126973999988, 13.114411526000026 ], [ 12.25703324, 13.114346431 ], [ 12.26534198500002, 13.10960778499998 ], [ 12.270275240999979, 13.103636978 ], [ 12.272986023999977, 13.095564761 ], [ 12.272445052000023, 13.088834593 ], [ 12.27460518700002, 13.08335187199998 ], [ 12.277554039999984, 13.080984205999982 ], [ 12.287067440999976, 13.080028739 ], [ 12.287980684, 13.08227150099998 ], [ 12.282331121000027, 13.083683963999988 ], [ 12.280462138000019, 13.086134828000013 ], [ 12.281957190000014, 13.08746458600001 ], [ 12.283453399, 13.08879377300002 ], [ 12.286859621000019, 13.091909484999974 ], [ 12.289476432000015, 13.093114085000025 ], [ 12.293543761000024, 13.095797353000023 ], [ 12.297452444999976, 13.096229467 ], [ 12.302070194, 13.096073373000024 ], [ 12.30619674899998, 13.095797264 ], [ 12.311971685, 13.09249694 ], [ 12.319123591, 13.087820997 ], [ 12.32310001899998, 13.085379419 ], [ 12.327100057, 13.085621151999987 ], [ 12.333589013999983, 13.08368019 ], [ 12.333151140999973, 13.077644067 ], [ 12.336176873999989, 13.072693921999985 ], [ 12.339201554999988, 13.072968537 ], [ 12.34078953300002, 13.083669432000022 ], [ 12.343603490000021, 13.085895585 ], [ 12.347728860000018, 13.082045643000015 ], [ 12.352405058999977, 13.079295209 ], [ 12.355705372999978, 13.079019773000027 ], [ 12.361480713999981, 13.080394856999987 ], [ 12.362307096, 13.087821216 ], [ 12.363405649000015, 13.090022009 ], [ 12.36863237, 13.086721209000018 ], [ 12.368769518000022, 13.079130244999988 ], [ 12.370252076999975, 13.077128174999984 ], [ 12.374877603000016, 13.075866599 ], [ 12.390429800999982, 13.076809708999974 ], [ 12.393673616, 13.077064007999979 ], [ 12.394129994000025, 13.077099767999982 ], [ 12.400262291999979, 13.077644484000018 ], [ 12.401638057000014, 13.074343831000022 ], [ 12.407138455, 13.078744981999989 ], [ 12.412364766, 13.077644121 ], [ 12.419517067000015, 13.075718747 ], [ 12.428318036, 13.072968482000022 ], [ 12.429491229, 13.072655468 ], [ 12.432443256999989, 13.07186785 ], [ 12.434536885999989, 13.071867914999984 ], [ 12.438494404999972, 13.071868038 ], [ 12.447846895, 13.071593550999978 ], [ 12.453898036999988, 13.071593506999989 ], [ 12.458298475, 13.070768546000011 ], [ 12.461366666, 13.069014966999987 ], [ 12.465999440000019, 13.066367172000014 ], [ 12.470951105999973, 13.063066346000028 ], [ 12.473701668999979, 13.063066729000013 ], [ 12.477277046999973, 13.063066734000017 ], [ 12.480027108, 13.064441633 ], [ 12.480852512000013, 13.066642953999974 ], [ 12.482503122000026, 13.069117351999978 ], [ 12.482227476999981, 13.072968479999986 ], [ 12.480852094, 13.075994278 ], [ 12.479477334000023, 13.080394621999972 ], [ 12.480027749999977, 13.083420530000012 ], [ 12.483603275, 13.084245904999989 ], [ 12.488829080000016, 13.082870523999986 ], [ 12.494605472999979, 13.082870671000023 ], [ 12.497629553000024, 13.084245704000011 ], [ 12.495429789000013, 13.086721661000013 ], [ 12.492404779000026, 13.088096877999988 ], [ 12.491029868, 13.089746466 ], [ 12.493229856000028, 13.091672172000017 ], [ 12.497080415000028, 13.093321937999974 ], [ 12.495705902999987, 13.095247229999984 ], [ 12.493504948, 13.096898345999989 ], [ 12.492129149999982, 13.10047332900001 ], [ 12.492714965, 13.10170989 ], [ 12.494605170999989, 13.105699804999972 ], [ 12.496254863, 13.109000112 ], [ 12.495672512999988, 13.111497719 ], [ 12.49529285, 13.113126032000025 ], [ 12.491442129, 13.117527014000018 ], [ 12.490891862000012, 13.122477289000017 ], [ 12.493917313, 13.126328566999973 ], [ 12.496667812, 13.130178452999985 ], [ 12.500242969, 13.134579889 ], [ 12.504369747999988, 13.138430353 ], [ 12.508495086999972, 13.141180795000025 ], [ 12.509738078999987, 13.142035261 ], [ 12.512895867999987, 13.144206011 ], [ 12.517021379000028, 13.148607173000016 ], [ 12.517783634000011, 13.148861324999984 ], [ 12.519496451, 13.149432416000025 ], [ 12.525823050999975, 13.146407176000025 ], [ 12.531874314, 13.146406989000013 ], [ 12.536824801000023, 13.146681559 ], [ 12.538200943, 13.141181002 ], [ 12.540125825000018, 13.139530009 ], [ 12.542325544, 13.140905154 ], [ 12.543976604000022, 13.143931225000017 ], [ 12.5470014, 13.149157779 ], [ 12.549477552999974, 13.152182773 ], [ 12.552502098, 13.15410818700002 ], [ 12.556078916, 13.155208548000019 ], [ 12.558553927, 13.157408641000018 ], [ 12.556079015000023, 13.159059343000024 ], [ 12.553327982999974, 13.164560043999984 ], [ 12.553328029, 13.168410279 ], [ 12.553328801000021, 13.175011846000018 ], [ 12.555802775000018, 13.180237918999978 ], [ 12.557729264999978, 13.184088982 ], [ 12.560204908, 13.186564190000013 ], [ 12.564330438000013, 13.191789675 ], [ 12.561853897, 13.197015498999974 ], [ 12.558553695, 13.196465655999987 ], [ 12.55442797, 13.192615787000022 ], [ 12.551126870000019, 13.190690191999977 ], [ 12.547002191, 13.192064989000016 ], [ 12.54232625100002, 13.193440474999989 ], [ 12.540676668, 13.197015952000015 ], [ 12.538750815000014, 13.199766377 ], [ 12.53738953200002, 13.202487236000024 ], [ 12.537099610999974, 13.203066714999977 ], [ 12.537925745999985, 13.206092717 ], [ 12.536000329999979, 13.210768509 ], [ 12.536550958000021, 13.212694324999973 ], [ 12.540590679, 13.212218614999983 ], [ 12.54122609, 13.212143790000027 ], [ 12.54342658500002, 13.208293022000021 ], [ 12.547551708000015, 13.20169179200002 ], [ 12.55112691, 13.201417115000027 ], [ 12.553328916, 13.205542391999984 ], [ 12.554153488, 13.213519136 ], [ 12.553603231000011, 13.218745182000021 ], [ 12.557591017999982, 13.221770409999976 ], [ 12.561716897, 13.223970539999982 ], [ 12.567493942999988, 13.225896106999983 ], [ 12.569967935000022, 13.227821565999989 ], [ 12.57216975, 13.23084732 ], [ 12.568868712999972, 13.234422908999989 ], [ 12.566118064000023, 13.237448565000022 ], [ 12.566118432, 13.239923662000024 ], [ 12.569693113000028, 13.243499569 ], [ 12.572718662999989, 13.248450169000023 ], [ 12.575469516, 13.250650330999974 ], [ 12.576569591, 13.253400740000018 ], [ 12.577119924999977, 13.256427049000024 ], [ 12.577944392, 13.260277816999974 ], [ 12.578494738000018, 13.263302974999988 ], [ 12.578770464, 13.266603642 ], [ 12.579044867999983, 13.269079492 ], [ 12.582895816000018, 13.268803559 ], [ 12.586746703000017, 13.266328773999987 ], [ 12.59032197, 13.263577504000011 ], [ 12.592247821, 13.264403569000024 ], [ 12.592248109000025, 13.267428375 ], [ 12.591697329999988, 13.269904236 ], [ 12.589771897999981, 13.272929464000015 ], [ 12.588396911000018, 13.275404786000024 ], [ 12.589497419999987, 13.277604881 ], [ 12.599398087, 13.275680753000017 ], [ 12.603523951, 13.275955056999976 ], [ 12.608750702, 13.276505652000026 ], [ 12.612051507999979, 13.274854550999976 ], [ 12.618101669, 13.271554202 ], [ 12.62662845, 13.272104194 ], [ 12.629654304999974, 13.275955477000025 ], [ 12.633780364000017, 13.27898023 ], [ 12.635155698, 13.282831150999982 ], [ 12.636530772000015, 13.285857243 ], [ 12.637630087, 13.289157742999976 ], [ 12.63873055800002, 13.292458802999988 ], [ 12.641206575000012, 13.297683688 ], [ 12.643131701000016, 13.29988463 ], [ 12.643164792, 13.29988463 ], [ 12.646432033, 13.299884591000023 ], [ 12.647532120999983, 13.295759256999986 ], [ 12.647532071, 13.294070249000015 ], [ 12.647532023, 13.292458763000013 ], [ 12.648356916000012, 13.290257532999988 ], [ 12.648907553000015, 13.285307049999972 ], [ 12.650558244000024, 13.283381352 ], [ 12.652372184, 13.283510805 ], [ 12.654407992000017, 13.283656091000012 ], [ 12.657709501, 13.285032203000014 ], [ 12.663485356000024, 13.284206627 ], [ 12.665961074, 13.280905549000011 ], [ 12.66706088, 13.276780149999979 ], [ 12.668711879999989, 13.273204669999984 ], [ 12.673937825, 13.272654397 ], [ 12.675862632000019, 13.274029757 ], [ 12.678063593, 13.275954931 ], [ 12.679713588000027, 13.278705837000018 ], [ 12.683288383, 13.283381196 ], [ 12.69044003, 13.292458377 ], [ 12.690990995, 13.294658538000022 ], [ 12.692366059999983, 13.297409273000028 ], [ 12.693740620000028, 13.299884890999977 ], [ 12.692640733000019, 13.30263524999998 ], [ 12.691541261999987, 13.306210465 ], [ 12.691265075999979, 13.308686013 ], [ 12.692091491999975, 13.312261373000013 ], [ 12.694565913000019, 13.312537455999973 ], [ 12.698141489000022, 13.312537067999983 ], [ 12.703642385000023, 13.312811878 ], [ 12.705568487999983, 13.311711439000021 ], [ 12.709693838000021, 13.307311224999978 ], [ 12.71299452400001, 13.305110096000021 ], [ 12.716019932, 13.30401051299998 ], [ 12.720695196, 13.305385365 ], [ 12.719871061, 13.309511002000022 ], [ 12.715194482000015, 13.313362031999986 ], [ 12.713819587999978, 13.316112374 ], [ 12.716845954, 13.317213290999973 ], [ 12.723171137, 13.318037795 ], [ 12.730322918000013, 13.318862964 ], [ 12.735547569, 13.320238360000019 ], [ 12.738849153, 13.321888890000025 ], [ 12.740548137000019, 13.323021368000013 ], [ 12.740769350999983, 13.323301078999975 ], [ 12.741076317000022, 13.323936704 ], [ 12.741283177000014, 13.324573351000026 ], [ 12.741941526, 13.325303717999986 ], [ 12.74269972899998, 13.326129940999976 ], [ 12.742699548000019, 13.329589665000015 ], [ 12.738299359, 13.331790217 ], [ 12.738574315, 13.334540503000028 ], [ 12.741049788999987, 13.339766414999985 ], [ 12.748750937000011, 13.348293464999983 ], [ 12.753151651, 13.352968901999986 ], [ 12.760027916000013, 13.35159408200002 ], [ 12.768829738000022, 13.353793944000017 ], [ 12.774682564999978, 13.355745359000025 ], [ 12.777906307000023, 13.356820200000016 ], [ 12.78279231, 13.358106154999973 ], [ 12.787080923000019, 13.365298017999976 ], [ 12.789417459999981, 13.366187825 ], [ 12.791763660000015, 13.36799107600001 ], [ 12.791797382000027, 13.371188088999986 ], [ 12.791821468000023, 13.373471678999977 ], [ 12.793109742000013, 13.377532587000019 ], [ 12.793265844000018, 13.378024655 ], [ 12.797948793999979, 13.380717632000028 ], [ 12.798190899000019, 13.380610147000027 ], [ 12.798260200000016, 13.380748638999989 ], [ 12.801285557000028, 13.381024613000022 ], [ 12.805961213999979, 13.384049198000014 ], [ 12.808161236999979, 13.38597474 ], [ 12.809537422, 13.387625623000019 ], [ 12.816195952999976, 13.390970524000011 ], [ 12.818888430000015, 13.392850851999981 ], [ 12.820814268999982, 13.396701668 ], [ 12.819714111999986, 13.400552939000022 ], [ 12.820813585, 13.403028620999976 ], [ 12.823014538999985, 13.405778890000022 ], [ 12.82576429400001, 13.405778969999972 ], [ 12.826315447000013, 13.40357790500002 ], [ 12.82658934, 13.399452048 ], [ 12.827689637, 13.39670186 ], [ 12.830715168999973, 13.396977596 ], [ 12.832090945, 13.39890182900001 ], [ 12.833466349, 13.401653180999972 ], [ 12.833740961, 13.404403966000018 ], [ 12.833466171, 13.406603889 ], [ 12.832641017000014, 13.411829738999984 ], [ 12.832641033000016, 13.414855086999978 ], [ 12.830440579000026, 13.418431254999973 ], [ 12.827690408000024, 13.4198063 ], [ 12.825489908, 13.420355960999984 ], [ 12.820813613999974, 13.420906092999985 ], [ 12.818366160999972, 13.421232502 ], [ 12.816688893999981, 13.421456192999983 ], [ 12.81609813, 13.425141215 ], [ 12.821970522000015, 13.425076441999977 ], [ 12.826040608000028, 13.425031548999982 ], [ 12.828790814, 13.426682399000015 ], [ 12.830165876000024, 13.430258028000026 ], [ 12.833191036000017, 13.430258044000027 ], [ 12.834842052, 13.428607807999981 ], [ 12.838142553000012, 13.429158052 ], [ 12.838691798000013, 13.431633131000012 ], [ 12.837316132000012, 13.433834207000018 ], [ 12.835941812999977, 13.437133551999977 ], [ 12.837041533, 13.439609750999978 ], [ 12.838141893, 13.442359943999975 ], [ 12.841442633999975, 13.443460421999987 ], [ 12.844193972000028, 13.441534983 ], [ 12.847218183999985, 13.439609545 ], [ 12.84996922900001, 13.439059171999986 ], [ 12.856845118000024, 13.437959411 ], [ 12.860421151000025, 13.437133782999979 ], [ 12.862621809000018, 13.439058978 ], [ 12.860971683, 13.441534742999977 ], [ 12.858220886000026, 13.445110538 ], [ 12.856570176, 13.447860846000026 ], [ 12.858221016000016, 13.456387600000028 ], [ 12.861245763999989, 13.462438631 ], [ 12.862071438999976, 13.466289860000018 ], [ 12.859953807000011, 13.466730730999984 ], [ 12.855469761, 13.467664268000021 ], [ 12.851619293, 13.468489286000022 ], [ 12.850244601999975, 13.470140701999981 ], [ 12.852169921999973, 13.473441657000023 ], [ 12.855469481, 13.475366861999987 ], [ 12.858220991999985, 13.477841172000012 ], [ 12.862071496999988, 13.478941452000015 ], [ 12.866472096999985, 13.476466599 ], [ 12.867864304000022, 13.47540576 ], [ 12.87224776, 13.472065638 ], [ 12.875273735, 13.469864829000016 ], [ 12.878298939999979, 13.470691007000028 ], [ 12.879674663, 13.474266441999987 ], [ 12.879399809, 13.477290673000027 ], [ 12.876098876000015, 13.480591527 ], [ 12.874748146, 13.482954912000025 ], [ 12.873897958999976, 13.484442493000017 ], [ 12.872798107999984, 13.490218684000013 ], [ 12.874448325, 13.494895198999984 ], [ 12.877749352000023, 13.496820191999973 ], [ 12.884899538000013, 13.494895094000015 ], [ 12.891777330000025, 13.49324384800002 ], [ 12.891911849999985, 13.491762635999976 ], [ 12.892326842999978, 13.487193115000025 ], [ 12.893701897000028, 13.485268112000028 ], [ 12.900302561, 13.48526814600001 ], [ 12.904154273000017, 13.483067511 ], [ 12.907180384000014, 13.481417834000013 ], [ 12.919281673, 13.482792647 ], [ 12.924782617, 13.483341630999973 ], [ 12.928358377, 13.489943385 ], [ 12.936885254, 13.499020528000017 ], [ 12.946511317999978, 13.502321075 ], [ 12.950026591999972, 13.505695353000021 ], [ 12.953388777999976, 13.50892268299998 ], [ 12.954502396, 13.507585974999984 ], [ 12.95888856900001, 13.502321126000027 ], [ 12.960815, 13.498195732 ], [ 12.964940325999976, 13.50672119 ], [ 12.967965527, 13.511673082000016 ], [ 12.970022617999973, 13.514141865 ], [ 12.970715719, 13.514973678 ], [ 12.971300284999984, 13.514681564 ], [ 12.973467253000024, 13.513598705999982 ], [ 12.975116849000017, 13.511947298999985 ], [ 12.975390839999989, 13.509747827000012 ], [ 12.986118187999978, 13.50947189599998 ], [ 12.992994813, 13.51249778 ], [ 12.998220273000015, 13.513598894999973 ], [ 13.001796733, 13.51359899800002 ], [ 13.003996396, 13.51222291900001 ], [ 13.005921901000022, 13.510847510000019 ], [ 13.009497952, 13.511948071 ], [ 13.015823872999988, 13.517723993 ], [ 13.026001339, 13.529826469 ], [ 13.027926205000028, 13.531475718000024 ], [ 13.033152701, 13.53037641200001 ], [ 13.039752725000028, 13.526249813 ], [ 13.042520777999982, 13.525528291 ], [ 13.046079878, 13.524600575000022 ], [ 13.046629903999985, 13.526800206000019 ], [ 13.046079338000027, 13.531201523999982 ], [ 13.046629605000021, 13.535876764000022 ], [ 13.047052559, 13.538414386 ], [ 13.047454867, 13.540828132 ], [ 13.049379805, 13.541652430999989 ], [ 13.05282891600001, 13.540272855000012 ], [ 13.056255744, 13.538902192000023 ], [ 13.060106706999989, 13.542478303999985 ], [ 13.063958334, 13.547429470999987 ], [ 13.067532061, 13.547428904000014 ], [ 13.068908255, 13.547428685 ], [ 13.074959805999981, 13.54715481 ], [ 13.08128566, 13.545779552 ], [ 13.08017801699998, 13.541260717 ], [ 13.076394517999972, 13.536845664 ], [ 13.072543047000011, 13.535989861000019 ], [ 13.070718554, 13.535584455999981 ], [ 13.06920499, 13.532179127 ], [ 13.068196119, 13.529909294 ], [ 13.069893010999976, 13.526514932999987 ], [ 13.071348828, 13.523602805 ], [ 13.07513316, 13.521710725999981 ], [ 13.079008085999988, 13.521157096000024 ], [ 13.081572189999974, 13.520790749000014 ], [ 13.08396172099998, 13.520449344999975 ], [ 13.088375500999973, 13.517296042999988 ], [ 13.088512851000019, 13.517158763999987 ], [ 13.089570160999983, 13.516101995999975 ], [ 13.091530229999989, 13.514142934 ], [ 13.094682768999974, 13.51666538 ], [ 13.100359035, 13.529277311999977 ], [ 13.105403528000011, 13.534953923999979 ], [ 13.111021231999985, 13.530834468000023 ], [ 13.114863072999981, 13.528017249000015 ], [ 13.118494539999972, 13.523175311999978 ], [ 13.118646814999977, 13.522972278999987 ], [ 13.118838994999976, 13.522852157999978 ], [ 13.119971726000017, 13.522144149999974 ], [ 13.123692687000016, 13.51981838 ], [ 13.126845003000028, 13.519188083000017 ], [ 13.126373262000016, 13.522967570999981 ], [ 13.126215275, 13.524233329000026 ], [ 13.126215280999986, 13.525502044 ], [ 13.126215296, 13.52864789 ], [ 13.12650714, 13.530401445 ], [ 13.126773581, 13.532002370999976 ], [ 13.126845049, 13.532431788 ], [ 13.125451511999984, 13.533592883999972 ], [ 13.123061517999986, 13.535584229999984 ], [ 13.123789763, 13.537040764999972 ], [ 13.12495378, 13.539368868999986 ], [ 13.138826787000028, 13.539999548000026 ], [ 13.141940863, 13.542489868000018 ], [ 13.145134198, 13.545043571 ], [ 13.149548467999978, 13.54504427400002 ], [ 13.148287181, 13.541260637999983 ], [ 13.145764133, 13.53873732 ], [ 13.145133797000028, 13.534324090999974 ], [ 13.145133543999975, 13.529909531999976 ], [ 13.143872, 13.525494270000024 ], [ 13.143242110000017, 13.51981779099998 ], [ 13.144842279999978, 13.516617892999989 ], [ 13.145133609000027, 13.516035316 ], [ 13.146111850000011, 13.515872264 ], [ 13.152701689000025, 13.514773874000014 ], [ 13.157746766, 13.512881626000024 ], [ 13.15963814600002, 13.518557588000021 ], [ 13.162161186, 13.522972294999988 ], [ 13.164053380999974, 13.526125133 ], [ 13.170990196, 13.529908633 ], [ 13.176665685999978, 13.531799955 ], [ 13.185494614, 13.531170038000027 ], [ 13.186095465999983, 13.52953925700001 ], [ 13.189909515000011, 13.519187504 ], [ 13.191847607999989, 13.51498830700001 ], [ 13.193693307999979, 13.510989293000023 ], [ 13.198738607999985, 13.509728117 ], [ 13.200630389000025, 13.516665986000021 ], [ 13.199368858000014, 13.521080068 ], [ 13.206305736, 13.526125045000015 ], [ 13.210090251999986, 13.529909420000024 ], [ 13.210568643999977, 13.532940081 ], [ 13.210672408999983, 13.533597443000019 ], [ 13.211981579999986, 13.541891169 ], [ 13.213873593000017, 13.550088824 ], [ 13.218918721000023, 13.545044427999983 ], [ 13.222072121, 13.550088883 ], [ 13.227748115999987, 13.553242663999981 ], [ 13.236576535999973, 13.557026138000026 ], [ 13.239099090000025, 13.560809830999972 ], [ 13.242251794000026, 13.565855251000016 ], [ 13.241621904999988, 13.570269081999982 ], [ 13.238468078999972, 13.572161318999974 ], [ 13.235610733999977, 13.572161307999977 ], [ 13.234684782999977, 13.572161304000019 ], [ 13.233738109, 13.573343903000023 ], [ 13.232160949, 13.575314113 ], [ 13.234685168, 13.580990435999979 ], [ 13.237837458, 13.58540539400002 ], [ 13.241621409, 13.586035869 ], [ 13.243800030999978, 13.584401599999978 ], [ 13.246092676999979, 13.58268179800001 ], [ 13.249189107, 13.580359047 ], [ 13.254234586999985, 13.579728742999976 ], [ 13.257387637000022, 13.586036154 ], [ 13.261820576, 13.589138993 ], [ 13.26369352, 13.59044996199998 ], [ 13.264955042999986, 13.594233189000022 ], [ 13.263063256, 13.598017406999986 ], [ 13.260538397, 13.598017557999981 ], [ 13.257386770999972, 13.598017745999982 ], [ 13.255496118999986, 13.599279922 ], [ 13.255496188999984, 13.600288853 ], [ 13.255496511999979, 13.604954336 ], [ 13.25044985, 13.611261319 ], [ 13.249189275, 13.613784058000022 ], [ 13.251711275, 13.616306705999989 ], [ 13.256126384000027, 13.617568235000022 ], [ 13.259193883000023, 13.620251917000019 ], [ 13.261171155, 13.621981786 ], [ 13.261434324, 13.62277154100002 ], [ 13.263693272000012, 13.629550504 ], [ 13.270000562, 13.634594680000021 ], [ 13.274414891, 13.638379096 ], [ 13.274365739000018, 13.638526464 ], [ 13.273709863000022, 13.640492907 ], [ 13.273153235999985, 13.642161784999985 ], [ 13.274415116, 13.648469165999984 ], [ 13.284505229999979, 13.651621273999979 ], [ 13.291441862999989, 13.657298528000013 ], [ 13.291946078000024, 13.657348915 ], [ 13.292995168, 13.657453753000027 ], [ 13.297749104, 13.657928825 ], [ 13.299640746000023, 13.665495508 ], [ 13.299074992999977, 13.66775789899998 ], [ 13.29831606, 13.670792802 ], [ 13.297748123000019, 13.673063929000023 ], [ 13.302185056999974, 13.674172494 ], [ 13.30279327400001, 13.674324457000012 ], [ 13.303110130999983, 13.674451190000013 ], [ 13.309100487000023, 13.676847158999976 ], [ 13.310361312999987, 13.682523946 ], [ 13.312883393, 13.687568114999976 ], [ 13.314775508000025, 13.690721285 ], [ 13.316288795, 13.690810320000026 ], [ 13.319800229, 13.691016916000024 ], [ 13.323402042, 13.69122883 ], [ 13.32549715, 13.691352096 ], [ 13.325596153999982, 13.69136733800002 ], [ 13.33369455899998, 13.692614113 ], [ 13.333856973000024, 13.693036262000021 ], [ 13.335099517, 13.696265894000021 ], [ 13.336848649, 13.700812255000017 ], [ 13.339371041999982, 13.707748832 ], [ 13.342523154, 13.710901923 ], [ 13.349460681999972, 13.711533065000026 ], [ 13.354023585999983, 13.713813996 ], [ 13.354505733, 13.714055014999985 ], [ 13.355803553999976, 13.713622493 ], [ 13.357071938999979, 13.713199782 ], [ 13.35839669, 13.712758286 ], [ 13.358852732, 13.712606301999983 ], [ 13.362073507, 13.711532923 ], [ 13.368379135999987, 13.712794809 ], [ 13.374056298000028, 13.712793925000028 ], [ 13.376577956, 13.710902311999973 ], [ 13.394236353, 13.710901818000025 ], [ 13.401803568999981, 13.71090201200002 ], [ 13.421352972000022, 13.709010219999982 ], [ 13.449733246, 13.710902626 ], [ 13.485048402000018, 13.709010361000026 ], [ 13.556941354, 13.711532432000013 ], [ 13.599823406999974, 13.710901893000027 ], [ 13.610544960000027, 13.708379985000022 ], [ 13.618112253999982, 13.709640164 ], [ 13.631642854, 13.71172234 ], [ 13.635930299, 13.707090742 ], [ 13.643230861, 13.699660161999986 ], [ 13.646889177, 13.695949231999975 ], [ 13.650140322000027, 13.691149573000018 ], [ 13.652690171000017, 13.687820722000026 ], [ 13.653902062999975, 13.685816225 ], [ 13.657370048000018, 13.6800801 ], [ 13.661339348000013, 13.673810404999983 ], [ 13.664600463, 13.669010483000022 ], [ 13.66856951699998, 13.66273955600002 ], [ 13.672860177000018, 13.653919981 ], [ 13.677949639000019, 13.647259804999976 ], [ 13.681200059999981, 13.642470018999973 ], [ 13.685569806999979, 13.637280879 ], [ 13.689940665, 13.632099555000025 ], [ 13.693910035999977, 13.625829474999989 ], [ 13.699390895000022, 13.620260071000018 ], [ 13.702649897000015, 13.615460939 ], [ 13.706299815000023, 13.611749488999976 ], [ 13.710269824000022, 13.605480339999986 ], [ 13.715680449, 13.596269813999982 ], [ 13.718219808000015, 13.592940624999983 ], [ 13.721480564999979, 13.588139032000015 ], [ 13.725839974, 13.582959657 ], [ 13.729819702999976, 13.576690153000015 ], [ 13.737440387999982, 13.566710049999983 ], [ 13.740699514000028, 13.561909421999985 ], [ 13.746499692999976, 13.553779342999974 ], [ 13.749039734, 13.550460061000024 ], [ 13.754119425999988, 13.543800009999984 ], [ 13.756660360000012, 13.540470498 ], [ 13.759209424, 13.537149915999976 ], [ 13.763569838000024, 13.531959888000017 ], [ 13.763774812, 13.531637043999979 ], [ 13.767550646000018, 13.52568992800002 ], [ 13.770090176999986, 13.522360334999973 ], [ 13.772629779999988, 13.519039774000021 ], [ 13.775890319999974, 13.514239920000023 ], [ 13.780890629, 13.503939829999979 ], [ 13.78168537800002, 13.502305697 ], [ 13.785180124000021, 13.495119938000016 ], [ 13.790980518000026, 13.486990204999984 ], [ 13.794630551000012, 13.483280084 ], [ 13.799720107999974, 13.476630519000025 ], [ 13.803477236999981, 13.472167302 ], [ 13.804089579999982, 13.47143988 ], [ 13.80663069000002, 13.468109993999974 ], [ 13.808110144000011, 13.465773375000026 ], [ 13.810600814, 13.461839661 ], [ 13.813860498, 13.457050745 ], [ 13.816044710000028, 13.45482278999998 ], [ 13.816730436, 13.454123331 ], [ 13.817662539000025, 13.45259000599998 ], [ 13.824331816999972, 13.441618935 ], [ 13.83476674000002, 13.423358661 ], [ 13.836944663999986, 13.41954719 ], [ 13.850188313, 13.399366193 ], [ 13.857854491000012, 13.39515009500002 ], [ 13.870410124999978, 13.378729850000013 ], [ 13.872949966000022, 13.375399506 ], [ 13.87763951300002, 13.367659636999974 ], [ 13.880180505999988, 13.364339960999985 ], [ 13.883440523, 13.359540208999988 ], [ 13.88963936, 13.352500217 ], [ 13.892179988, 13.349169702999973 ], [ 13.892321547, 13.349025833999974 ], [ 13.895829901000013, 13.345460225000011 ], [ 13.898988771, 13.339757318000011 ], [ 13.903379832999974, 13.331829856000013 ], [ 13.908060093000017, 13.324090258000012 ], [ 13.912429734, 13.318909514999973 ], [ 13.915690086999973, 13.314110022000023 ], [ 13.918230200999972, 13.31077932 ], [ 13.922599558, 13.305600156000025 ], [ 13.927679647, 13.298949962999984 ], [ 13.931659657000012, 13.292679761999977 ], [ 13.933800045, 13.288260421000018 ], [ 13.937769458, 13.281990286999985 ], [ 13.940747568, 13.275130954000019 ], [ 13.949828973000024, 13.263526754999987 ], [ 13.955378865, 13.256968777999987 ], [ 13.959414789999983, 13.248896334999984 ], [ 13.964964373999976, 13.243346132999989 ], [ 13.969000336000022, 13.238301334000028 ], [ 13.973679702000027, 13.23285015099998 ], [ 13.978760135000016, 13.226200303999974 ], [ 13.980899681999972, 13.221790278000014 ], [ 13.983450076999986, 13.218460101 ], [ 13.991390098000011, 13.205920304000017 ], [ 13.994649529000014, 13.201120619 ], [ 13.998299175, 13.197409490999974 ], [ 14.001560738000023, 13.192609711999978 ], [ 14.004099365, 13.189290259000018 ], [ 14.005503008, 13.187337695 ], [ 14.012388144, 13.177759998999989 ], [ 14.01642474099998, 13.171706126 ], [ 14.022999192999976, 13.165610136 ], [ 14.02554995600002, 13.162280198000019 ], [ 14.028089148, 13.158949822000011 ], [ 14.030630590999976, 13.155619397 ], [ 14.031560179, 13.150011770999981 ], [ 14.038622496000016, 13.140426864 ], [ 14.042659367, 13.134371526 ], [ 14.044676282000012, 13.130335644000013 ], [ 14.049449509999988, 13.128309982000019 ], [ 14.051999765, 13.124979852000024 ], [ 14.054860468000015, 13.119099628000015 ], [ 14.059539325, 13.111359642000025 ], [ 14.062089362999984, 13.108030569 ], [ 14.065739549, 13.104310246000011 ], [ 14.069389802999979, 13.100600066000027 ], [ 14.071930459999976, 13.097269918999984 ], [ 14.075509679999982, 13.089919807 ], [ 14.082456378000018, 13.082859445 ], [ 14.082819857, 13.082490018999977 ], [ 14.083945398000026, 13.08017587 ], [ 14.087109606000013, 13.073670159000017 ], [ 14.087030547999973, 13.070030413999973 ], [ 14.088700599, 13.060890303 ], [ 14.091560190999985, 13.055009767 ], [ 14.091799176, 13.048810197000023 ], [ 14.092429736999975, 13.043700238999975 ], [ 14.093042527000023, 13.038806150000028 ], [ 14.093118156, 13.038461556000016 ], [ 14.096249199999988, 13.030150288000016 ], [ 14.096879656, 13.025039742 ], [ 14.097519318000025, 13.019929639999987 ], [ 14.101729926000019, 13.007470349000016 ], [ 14.101249917000018, 13.002739976999976 ], [ 14.101637105, 12.999646325000015 ], [ 14.101889476999986, 12.997629859000028 ], [ 14.102529025000024, 12.992520292999984 ], [ 14.103880366, 12.985939901999984 ], [ 14.105230507999977, 12.979359518000024 ], [ 14.105722289000028, 12.974946918 ], [ 14.105217751, 12.968893075999972 ], [ 14.106227151999974, 12.96132462700001 ], [ 14.110767539999983, 12.943163180999989 ], [ 14.111776403000022, 12.937107780000019 ], [ 14.11228081500002, 12.934080939000012 ], [ 14.112758225999983, 12.933144917 ], [ 14.116040143000021, 12.926710328000013 ], [ 14.117070768000019, 12.922680147 ], [ 14.117309217000013, 12.916479943000013 ], [ 14.117229870000017, 12.912840142 ], [ 14.118980228999988, 12.907349719000024 ], [ 14.119930232, 12.89968031 ], [ 14.119059917000016, 12.893870470000024 ], [ 14.119700172000023, 12.888759688999983 ], [ 14.120730634999973, 12.884730059999981 ], [ 14.122871017000023, 12.880319595 ], [ 14.124619999, 12.874830277 ], [ 14.125260003, 12.869709872999977 ], [ 14.126290494999978, 12.865690384 ], [ 14.127639776000024, 12.859109859 ], [ 14.130499299, 12.853219888000012 ], [ 14.131139335, 12.8481102 ], [ 14.13057985, 12.839750171999981 ], [ 14.131940451, 12.833170015 ], [ 14.132570083000019, 12.828059904999975 ], [ 14.13280936000001, 12.821860167000011 ], [ 14.135270252999987, 12.814889678999975 ], [ 14.137200764999989, 12.80829995 ], [ 14.138049920000014, 12.805370540000013 ], [ 14.138689747, 12.800259692 ], [ 14.139640197, 12.792590173 ], [ 14.139809118000016, 12.78275950699998 ], [ 14.14146961199998, 12.773619627000016 ], [ 14.143619434000016, 12.769210011999974 ], [ 14.144570864, 12.761540427999989 ], [ 14.146639827, 12.753490410999973 ], [ 14.147589976, 12.745820270000024 ], [ 14.148939568, 12.73923957400001 ], [ 14.148870311, 12.735600735999981 ], [ 14.150540693999972, 12.726460640000028 ], [ 14.150770518, 12.720270023000012 ], [ 14.150974083999984, 12.719575105999979 ], [ 14.151847732000022, 12.716592720999984 ], [ 14.150624258, 12.711087207999981 ], [ 14.152765266000017, 12.70497015 ], [ 14.154155378999974, 12.700997538000024 ], [ 14.155669397, 12.687376159 ], [ 14.159201236, 12.670222046999982 ], [ 14.163236502000018, 12.648528347000024 ], [ 14.166263096000023, 12.627842983 ], [ 14.168281561000015, 12.613717264 ], [ 14.170804939, 12.600599267 ], [ 14.172630857, 12.590740848999985 ], [ 14.173327793999988, 12.586977817 ], [ 14.174877079999987, 12.580776131999983 ], [ 14.177362906999974, 12.570833427000025 ], [ 14.178372595999974, 12.551157853 ], [ 14.181903541999986, 12.534508463 ], [ 14.185940179, 12.52492319800001 ], [ 14.192498328, 12.518868565 ], [ 14.195020516, 12.516850729 ], [ 14.197039153999981, 12.509787485 ], [ 14.197038378, 12.504238421000025 ], [ 14.196680604, 12.502090667 ], [ 14.196534116, 12.501211281999986 ], [ 14.192223500000011, 12.498193871000012 ], [ 14.191488903, 12.497679657 ], [ 14.190391854999973, 12.493565456999988 ], [ 14.190329443999985, 12.493331402000024 ], [ 14.189470890999985, 12.490111620999983 ], [ 14.186948308000012, 12.483552964000012 ], [ 14.183365951999974, 12.480797003000021 ], [ 14.180390838999983, 12.478508203999979 ], [ 14.177180824, 12.474495981000018 ], [ 14.176354643000025, 12.473463332 ], [ 14.17534566, 12.469427275999976 ], [ 14.178876597999988, 12.46337311000002 ], [ 14.17988534, 12.455804715999989 ], [ 14.178877178, 12.451264647000016 ], [ 14.178902172999983, 12.45116465000001 ], [ 14.179886123000017, 12.44722821900001 ], [ 14.181399517999978, 12.445210347999989 ], [ 14.186948914000027, 12.446724185999983 ], [ 14.193002912, 12.447228538 ], [ 14.194902066999987, 12.446710381 ], [ 14.195394965, 12.446575901000017 ], [ 14.19822073, 12.442151301000024 ], [ 14.192021786, 12.438276417 ], [ 14.192216277, 12.437737885999979 ], [ 14.193718962999981, 12.433577053000022 ], [ 14.195380168999975, 12.428977289999978 ], [ 14.187631178, 12.429493864999984 ], [ 14.18582213000002, 12.424844065 ], [ 14.179623100000015, 12.423811043 ], [ 14.177199722000012, 12.423437727000021 ], [ 14.176265789000013, 12.423293856999976 ], [ 14.174457350000012, 12.420194417 ], [ 14.178290641999979, 12.415910392 ], [ 14.178848336999977, 12.415287122 ], [ 14.175588286999982, 12.410693556000012 ], [ 14.17316494, 12.407278946000019 ], [ 14.173940910999988, 12.40469674000002 ], [ 14.186339466, 12.401337456000022 ], [ 14.193571728, 12.392813765000028 ], [ 14.197067418000017, 12.386988159999987 ], [ 14.198996839000017, 12.38377276 ], [ 14.199824257999978, 12.383250230999977 ], [ 14.202418207, 12.382057605999989 ], [ 14.207746762999989, 12.379341786999987 ], [ 14.209416686999987, 12.378823164999972 ], [ 14.21224147800001, 12.376967703999981 ], [ 14.213568818, 12.375958626999989 ], [ 14.217215371, 12.372936050000021 ], [ 14.217463398, 12.372033217000023 ], [ 14.218490121, 12.368295878000026 ], [ 14.218456098, 12.368175619999988 ], [ 14.21940286, 12.364658189000011 ], [ 14.221470093999983, 12.361041832000012 ], [ 14.225601837, 12.359492159000013 ], [ 14.23643447, 12.361954014 ], [ 14.248333359000014, 12.36465819 ], [ 14.253758891000018, 12.363883263 ], [ 14.274422792999985, 12.368790408 ], [ 14.279847662, 12.367499231000011 ], [ 14.284496865999984, 12.364916615000027 ], [ 14.292504043, 12.349159414999974 ], [ 14.29689601299998, 12.353551084 ], [ 14.294553259999986, 12.358124816999975 ], [ 14.291471272000024, 12.364141749999987 ], [ 14.294632749000016, 12.36705916 ], [ 14.294829406000019, 12.367240634999973 ], [ 14.297413020000022, 12.366466516 ], [ 14.303352808999989, 12.355617548 ], [ 14.31136167, 12.357425560000024 ], [ 14.317818353, 12.363366207000013 ], [ 14.321104594000019, 12.365641332 ], [ 14.324535222, 12.368016419000014 ], [ 14.329544625999972, 12.36985848 ], [ 14.334354394, 12.366972901999986 ], [ 14.341324298000018, 12.363882801999978 ], [ 14.348318891000019, 12.359214647999977 ], [ 14.352789735999977, 12.357959864 ], [ 14.35314539, 12.358060653999985 ], [ 14.355774942999972, 12.360308993999979 ], [ 14.356079946000023, 12.361167513 ], [ 14.356387086999973, 12.362169805 ], [ 14.356685684000013, 12.362596962 ], [ 14.358148798, 12.362719724999977 ], [ 14.360621733000016, 12.36196501400002 ], [ 14.363964819999978, 12.36076631200001 ], [ 14.368764565, 12.359258938999972 ], [ 14.369036250000022, 12.358975944 ], [ 14.37258024099998, 12.357425517000024 ], [ 14.386333268999977, 12.356111375000012 ], [ 14.391764500000022, 12.357663402000014 ], [ 14.40486864899998, 12.360783868 ], [ 14.418918185999985, 12.356887651000022 ], [ 14.428227252999989, 12.359214973 ], [ 14.433658692, 12.360766408000018 ], [ 14.439999183, 12.360008172999983 ], [ 14.443710786999986, 12.357749168 ], [ 14.445940513999972, 12.356392083 ], [ 14.4472318, 12.350967522000019 ], [ 14.44791483, 12.3503012 ], [ 14.451502060999985, 12.346801715000026 ], [ 14.454981584, 12.350708801 ], [ 14.459630925999988, 12.354067556000018 ], [ 14.465466911000021, 12.355336275000013 ], [ 14.471482336, 12.351326047999976 ], [ 14.472449637000011, 12.350681189999989 ], [ 14.475713725999981, 12.346081458000015 ], [ 14.477195656, 12.34399313199998 ], [ 14.481587914999977, 12.347350882 ], [ 14.487265756999989, 12.348243640000021 ], [ 14.487965214999974, 12.348353620000012 ], [ 14.48719037799998, 12.340595253 ], [ 14.490645915000016, 12.338435853000021 ], [ 14.493396757000028, 12.336716824 ], [ 14.494416022, 12.335697472 ], [ 14.499725101000024, 12.330387941000026 ], [ 14.501930386000026, 12.328182469000012 ], [ 14.510465110999974, 12.325079018999986 ], [ 14.518998577, 12.324303906000011 ], [ 14.522141509999983, 12.318547962000025 ], [ 14.522916230000021, 12.317129147 ], [ 14.524724386, 12.312479746 ], [ 14.523653334000016, 12.309562531999973 ], [ 14.514343371, 12.31111432900002 ], [ 14.514343363000023, 12.307594140999981 ], [ 14.51434336, 12.30645955 ], [ 14.514960401, 12.303990863000024 ], [ 14.515894719000016, 12.300252797999974 ], [ 14.514713328000028, 12.296707148999985 ], [ 14.514343712000027, 12.295597840000028 ], [ 14.51744675499998, 12.293270221 ], [ 14.524749166, 12.293358765999983 ], [ 14.525242006999974, 12.293364742 ], [ 14.527364181, 12.290566988000023 ], [ 14.530859707, 12.285958683999979 ], [ 14.53086248, 12.285961717000021 ], [ 14.532718640999974, 12.287353274 ], [ 14.533907793000026, 12.287980660000017 ], [ 14.535218079, 12.287961171 ], [ 14.536776558999975, 12.287034888999983 ], [ 14.539101403000018, 12.284807054999987 ], [ 14.539111928000011, 12.284747798000012 ], [ 14.539169081000011, 12.284736356 ], [ 14.546721354, 12.277813277 ], [ 14.548478730999989, 12.276202309999974 ], [ 14.548478965000015, 12.266892156999972 ], [ 14.551044675000014, 12.25727348800001 ], [ 14.551582886, 12.255255771 ], [ 14.554687897, 12.250485691999984 ], [ 14.556011167, 12.251463320000028 ], [ 14.560630388999982, 12.254875989000027 ], [ 14.559339953, 12.243618207999987 ], [ 14.556237507999981, 12.242066611999974 ], [ 14.550589289000015, 12.235713017000023 ], [ 14.550030435999986, 12.235084372000017 ], [ 14.555461375, 12.230429879999974 ], [ 14.561561806999975, 12.22932046 ], [ 14.563995466999984, 12.228877877 ], [ 14.572530136000012, 12.226549878000014 ], [ 14.577960045999987, 12.222671429 ], [ 14.582844858999977, 12.222587421000014 ], [ 14.593176681999978, 12.221296489999986 ], [ 14.594635883000024, 12.220891212000026 ], [ 14.597826944000019, 12.220004927 ], [ 14.597181309, 12.214844656000025 ], [ 14.59705124300001, 12.213805096999977 ], [ 14.60356185400002, 12.206379035999987 ], [ 14.607440520000011, 12.199397111999986 ], [ 14.60750256, 12.199319596 ], [ 14.609966885, 12.196240556000021 ], [ 14.606665752000026, 12.194742105999978 ], [ 14.605137840999987, 12.193468576999976 ], [ 14.602011291, 12.190862566000021 ], [ 14.604025939, 12.187716568999974 ], [ 14.612922039000011, 12.187320807 ], [ 14.615650684, 12.187199416999988 ], [ 14.616625930999987, 12.186242538999977 ], [ 14.621405477, 12.18155301500002 ], [ 14.624508551000019, 12.178449794000016 ], [ 14.631491329000028, 12.177674557999978 ], [ 14.633042938000017, 12.184655938999981 ], [ 14.638473366000028, 12.186984151 ], [ 14.642353625, 12.186984085 ], [ 14.646233139, 12.190087206999976 ], [ 14.650110939, 12.188535489 ], [ 14.653880703000027, 12.191074592 ], [ 14.658528773, 12.19494907 ], [ 14.664075433999983, 12.189310815999988 ], [ 14.665388749999977, 12.186182106999979 ], [ 14.665503636999972, 12.185908412 ], [ 14.66518733800001, 12.184431814999982 ], [ 14.664113771000018, 12.179420021999988 ], [ 14.663954327999988, 12.178675683 ], [ 14.673770026, 12.174800758 ], [ 14.677482159000022, 12.166508739999983 ], [ 14.678040542000019, 12.165261446999978 ], [ 14.67881623400001, 12.156727014000012 ], [ 14.678677833, 12.150778052000021 ], [ 14.675713912999981, 12.148968798 ], [ 14.666403593999974, 12.141210824999973 ], [ 14.656317498000021, 12.134227794000026 ], [ 14.655938376, 12.131384011000023 ], [ 14.654766134999988, 12.122591053 ], [ 14.65379625700001, 12.114346155000021 ], [ 14.653214605000016, 12.109401553999987 ], [ 14.647784031000015, 12.101643444999979 ], [ 14.643573194, 12.095853939 ], [ 14.641577405000021, 12.093109916 ], [ 14.640189134000025, 12.088783491000015 ], [ 14.641578010999979, 12.083023777 ], [ 14.644786110999974, 12.077677062000021 ], [ 14.646232993000012, 12.075265646 ], [ 14.652330185999972, 12.067085446000021 ], [ 14.651879453, 12.063627898999982 ], [ 14.651555627999983, 12.061143852999976 ], [ 14.64468062100002, 12.055094884000027 ], [ 14.637697649000017, 12.052767704000019 ], [ 14.624896834000026, 12.045784847 ], [ 14.623361821, 12.038620744000013 ], [ 14.623189664999984, 12.037817271 ], [ 14.623103887000013, 12.036844670999983 ], [ 14.623018536000018, 12.035876907999977 ], [ 14.623090416000025, 12.034246716999974 ], [ 14.623198108999986, 12.031804302000012 ], [ 14.623214056999984, 12.031442616 ], [ 14.623433139999975, 12.030012624999983 ], [ 14.624014624999973, 12.026217167000027 ], [ 14.624094684999989, 12.025694612 ], [ 14.623788183999977, 12.02300569099998 ], [ 14.623875243999976, 12.017438991 ], [ 14.623916071, 12.01723185100002 ], [ 14.630115042999989, 12.005607584000018 ], [ 14.634497678, 11.995965909 ], [ 14.635776486, 11.993152566 ], [ 14.636572683, 11.991400954000028 ], [ 14.638019238000027, 11.98948063 ], [ 14.641190084000016, 11.98527128500001 ], [ 14.645067762, 11.976737195 ], [ 14.645542601999978, 11.975274883 ], [ 14.646599826, 11.972019068 ], [ 14.64793913, 11.967894562000026 ], [ 14.656353185, 11.962694413 ], [ 14.657481271999984, 11.96199722 ], [ 14.658012542, 11.956012558999987 ], [ 14.655154327999981, 11.951910807 ], [ 14.645068343999981, 11.94260112500001 ], [ 14.639156476999972, 11.930439885 ], [ 14.639638181, 11.923981916 ], [ 14.642028400000015, 11.916082823000011 ], [ 14.643220094000014, 11.91214456199998 ], [ 14.643546499000024, 11.911065872 ], [ 14.641223159999981, 11.905125676000011 ], [ 14.638085821, 11.905362008999987 ], [ 14.634207032, 11.900707115999978 ], [ 14.628565583000011, 11.893759890000013 ], [ 14.625681816999986, 11.893725244 ], [ 14.625672979, 11.893725137999979 ], [ 14.625501007000025, 11.893290762 ], [ 14.622107391999975, 11.884718967000026 ], [ 14.614811697999983, 11.878209063999975 ], [ 14.607383158, 11.868445131999977 ], [ 14.607002635000015, 11.865931795999984 ], [ 14.606092666, 11.859921504999988 ], [ 14.614358620000019, 11.853204767000022 ], [ 14.609488637000027, 11.845531774999984 ], [ 14.606767712000021, 11.841244771 ], [ 14.605833712, 11.839773189000027 ], [ 14.605889780999973, 11.837761622000016 ], [ 14.605921301000024, 11.836630765999985 ], [ 14.605987689000017, 11.834248976000026 ], [ 14.606016641999986, 11.833210225000016 ], [ 14.606092907, 11.830474073 ], [ 14.610149557999989, 11.819112763000021 ], [ 14.610932757, 11.816919288 ], [ 14.606868115999987, 11.807743055 ], [ 14.60627725, 11.800626562 ], [ 14.607829329000026, 11.786661975000015 ], [ 14.610226008999973, 11.779845070000022 ], [ 14.608605864000026, 11.776576937000016 ], [ 14.602476161000027, 11.767704709999975 ], [ 14.597052010000027, 11.758405885 ], [ 14.59291800699998, 11.755047820000016 ], [ 14.58861403200001, 11.753342052999983 ], [ 14.587180371999978, 11.752773859 ], [ 14.583021014, 11.751125407000018 ], [ 14.577573111999982, 11.744768353999973 ], [ 14.567603898000016, 11.734124077999979 ], [ 14.555464351000012, 11.729216290000011 ], [ 14.553655488, 11.726374530999976 ], [ 14.553521945, 11.717615249 ], [ 14.558952874, 11.7052021 ], [ 14.57291792, 11.692012811999973 ], [ 14.583003292, 11.686582537 ], [ 14.605501838, 11.672617194 ], [ 14.617915657000026, 11.657876956999985 ], [ 14.631103344999985, 11.653222294999978 ], [ 14.63963829, 11.639257147000023 ], [ 14.642741721, 11.626068249000014 ], [ 14.644292271999973, 11.607448870999974 ], [ 14.644553981, 11.606990990999975 ], [ 14.647396215000015, 11.602018277000013 ], [ 14.645424638, 11.596892206 ], [ 14.643517073999988, 11.591932569 ], [ 14.64041303, 11.574089056 ], [ 14.638970025999981, 11.571559697 ], [ 14.636660189999986, 11.568690296 ], [ 14.635069858, 11.564350405000027 ], [ 14.633879214, 11.561100099999976 ], [ 14.631420508000019, 11.550950312999987 ], [ 14.629119995999986, 11.548080185 ], [ 14.627139548, 11.542659526000023 ], [ 14.624759571000027, 11.536149802000011 ], [ 14.620149758000025, 11.530409562999978 ], [ 14.61522931899998, 11.527230315999986 ], [ 14.609109503000013, 11.520799655000019 ], [ 14.605300157999977, 11.517229981000014 ], [ 14.601889238000012, 11.514749382 ], [ 14.592829664000021, 11.510559769 ], [ 14.584179893999988, 11.507449861999987 ], [ 14.580760043999987, 11.50496976 ], [ 14.574730446999979, 11.502169439999989 ], [ 14.568690807, 11.499379912 ], [ 14.558450138000012, 11.491929770000013 ], [ 14.554340790000026, 11.490028215999985 ], [ 14.547268585999973, 11.487629003 ], [ 14.519616559999974, 11.475340045999985 ], [ 14.501182996000011, 11.469809817 ], [ 14.475990616, 11.46673703 ], [ 14.457924952999974, 11.462722647000021 ], [ 14.453870243999972, 11.461821647000022 ], [ 14.446495539000011, 11.448917490999975 ], [ 14.441579495999974, 11.43048411 ], [ 14.429905279000025, 11.415121837000015 ], [ 14.419708765999985, 11.408890123999981 ], [ 14.413346616000013, 11.404391218 ], [ 14.400537935999978, 11.395333736 ], [ 14.370318203000011, 11.374518658999989 ], [ 14.368328592000012, 11.373148233 ], [ 14.345083767, 11.353347924 ], [ 14.310387595, 11.334968705 ], [ 14.279629143000022, 11.324081192999984 ], [ 14.251330446, 11.306863900999986 ], [ 14.202388111, 11.272315665 ], [ 14.18553098000001, 11.252415827 ], [ 14.182404113000018, 11.241695978 ], [ 14.182371395000018, 11.241583811999988 ], [ 14.181509403, 11.238628641 ], [ 14.176321862, 11.232408594 ], [ 14.168675722999978, 11.232515197 ], [ 14.164998790000027, 11.234394784000017 ], [ 14.153490983999973, 11.240277384000024 ], [ 14.114091735999978, 11.248373480999987 ], [ 14.110040250999987, 11.249545147 ], [ 14.109865870000021, 11.249475368999981 ], [ 14.109610448000012, 11.249373162999973 ], [ 14.106168329000013, 11.250664840000013 ], [ 14.101435797000022, 11.25152499 ], [ 14.097133516999975, 11.25367658 ], [ 14.092861305999975, 11.256006789000025 ], [ 14.092401097, 11.256257802999983 ], [ 14.089387650999981, 11.258409700000016 ], [ 14.085516279999979, 11.261421483999982 ], [ 14.078201131000014, 11.267014701999983 ], [ 14.076120451, 11.273079794000012 ], [ 14.073122072, 11.274120415000027 ], [ 14.063069847, 11.286698248999983 ], [ 14.050778814000012, 11.290999221 ], [ 14.046155555999974, 11.292421916000023 ], [ 14.034802879999972, 11.295915427000011 ], [ 14.027429575999975, 11.297759187 ], [ 14.014526675000013, 11.299602428000014 ], [ 14.00408027200001, 11.306975159999979 ], [ 13.990561526000022, 11.312505559999977 ], [ 13.975814942, 11.30513284 ], [ 13.974994134999974, 11.303608850999979 ], [ 13.973744862999979, 11.301289329999975 ], [ 13.971513834, 11.297143968 ], [ 13.967212237000012, 11.284854900000028 ], [ 13.963525323, 11.267035723999982 ], [ 13.95799568000001, 11.254131208 ], [ 13.946803408, 11.242539839000017 ], [ 13.943032158, 11.234945838999977 ], [ 13.932556174000013, 11.221534822000024 ], [ 13.92814142200001, 11.212277567 ], [ 13.925134572, 11.205832260000022 ], [ 13.924813696, 11.202516354000011 ], [ 13.922356979000028, 11.191456121999977 ], [ 13.916826753, 11.187154707 ], [ 13.9155965, 11.181010056 ], [ 13.911611676, 11.173040474 ], [ 13.91006631099998, 11.169949769000027 ], [ 13.897778010000025, 11.157046141000023 ], [ 13.891933295, 11.15520053900002 ], [ 13.886102560999973, 11.153359351 ], [ 13.884937985000022, 11.151263022000023 ], [ 13.881615337000028, 11.145281991 ], [ 13.879958069999986, 11.142298778999987 ], [ 13.881801634, 11.132467177000024 ], [ 13.883135045000017, 11.129267707999986 ], [ 13.88587191900001, 11.124165815000026 ], [ 13.880045872999972, 11.120814242 ], [ 13.872584245999974, 11.11894872 ], [ 13.865826192999975, 11.110346677 ], [ 13.863843429999974, 11.10693224 ], [ 13.854764567000018, 11.091297892999989 ], [ 13.85145068700001, 11.08845319 ], [ 13.846242006000011, 11.087838216000023 ], [ 13.844319356000028, 11.087611214 ], [ 13.836946087, 11.079622992 ], [ 13.825270613999976, 11.069177772999979 ], [ 13.824693178000018, 11.068124800000021 ], [ 13.823681357999988, 11.066279711999982 ], [ 13.814824437000027, 11.050128816999973 ], [ 13.810307371000022, 11.038219235999975 ], [ 13.804847171, 11.035165416999973 ], [ 13.801689816000021, 11.033399549000023 ], [ 13.800421396, 11.022771216000024 ], [ 13.800249620999978, 11.021331884 ], [ 13.798528275000024, 11.013587251 ], [ 13.796849447999989, 11.011996786 ], [ 13.790353152000023, 11.005842409000024 ], [ 13.782608001000028, 11.004551750000019 ], [ 13.782085379000023, 11.004667825000013 ], [ 13.778734739000015, 11.005412002000014 ], [ 13.775722987, 11.004120635 ], [ 13.77142089900002, 11.003690619999986 ], [ 13.767069406000019, 11.003850006999983 ], [ 13.763260318999983, 11.000289844 ], [ 13.757940097000017, 10.996020106 ], [ 13.753019785, 10.99283970099998 ], [ 13.750825642999985, 10.988772650999977 ], [ 13.751088456, 10.988463968000019 ], [ 13.730387087, 10.978565756000023 ], [ 13.721728724, 10.971900855 ], [ 13.713026558000024, 10.961848662000023 ], [ 13.70523685400002, 10.956019232000017 ], [ 13.700051189000021, 10.952697383999976 ], [ 13.695755510000026, 10.951904905 ], [ 13.692258379, 10.945868212999983 ], [ 13.692224931999988, 10.94558355800001 ], [ 13.69096040300002, 10.934847921000028 ], [ 13.690100836999989, 10.91978943700002 ], [ 13.689670289, 10.904299986000012 ], [ 13.689240641000026, 10.893112433 ], [ 13.683215819999987, 10.87891369099998 ], [ 13.678914094, 10.872459478 ], [ 13.67547109100002, 10.863424437 ], [ 13.671599468000011, 10.854387969000015 ], [ 13.665144713000018, 10.843631701999982 ], [ 13.66084162300001, 10.836747264999985 ], [ 13.653958038999974, 10.830293593000022 ], [ 13.650515846000019, 10.829432687 ], [ 13.644061689000011, 10.824700302 ], [ 13.639758825, 10.818676243000027 ], [ 13.636317405, 10.811791487999983 ], [ 13.633305549999989, 10.80576814 ], [ 13.630293740000013, 10.804477862 ], [ 13.627712348999978, 10.797592999000017 ], [ 13.61996695800002, 10.784684960999982 ], [ 13.614804623, 10.777800548000016 ], [ 13.61093123, 10.774358845 ], [ 13.607489107999982, 10.762310711999987 ], [ 13.605767712999977, 10.75198440600002 ], [ 13.602111373000014, 10.733483395 ], [ 13.597377612, 10.714982148 ], [ 13.591784023, 10.701643893999972 ], [ 13.588342266999973, 10.693037985999979 ], [ 13.5788766, 10.682711874 ], [ 13.559944732000019, 10.666792040000018 ], [ 13.549618509000027, 10.658616844999983 ], [ 13.545315777999974, 10.652592796000022 ], [ 13.542458163999981, 10.645924598000022 ], [ 13.542467962999979, 10.645787806999977 ], [ 13.542722664, 10.641880132999972 ], [ 13.544169311000019, 10.636155727000016 ], [ 13.543528143, 10.633460449999973 ], [ 13.539528193000024, 10.629304586999979 ], [ 13.533986046, 10.615113313 ], [ 13.532408057999987, 10.608275134999985 ], [ 13.52982655, 10.59837935500002 ], [ 13.530686149000019, 10.58461078800002 ], [ 13.534343354999976, 10.571273007 ], [ 13.534773952000023, 10.554922137 ], [ 13.539076314, 10.53986362 ], [ 13.541658827999981, 10.53125735499998 ], [ 13.547682106000025, 10.525664243999984 ], [ 13.55069470799998, 10.522222581 ], [ 13.555170678000025, 10.508790283 ], [ 13.554920266000011, 10.507344521999983 ], [ 13.55464686800002, 10.503551324 ], [ 13.554305983, 10.500033153 ], [ 13.552891878000025, 10.493739630999983 ], [ 13.549796676000028, 10.483504086999972 ], [ 13.549723202, 10.483486084999981 ], [ 13.546711351, 10.47573662100001 ], [ 13.543934646000025, 10.472166479 ], [ 13.539663056, 10.470416758 ], [ 13.532000453000023, 10.464503580999974 ], [ 13.528305998, 10.460343835 ], [ 13.524617824000018, 10.455089967999982 ], [ 13.521865712000022, 10.441331666999986 ], [ 13.520575201999975, 10.432727009000018 ], [ 13.520145371000012, 10.42326082 ], [ 13.52125659, 10.415479075 ], [ 13.521865757, 10.411213024 ], [ 13.523157003999984, 10.398735918999989 ], [ 13.523157148999985, 10.390784543999985 ], [ 13.521005574000014, 10.385827299000027 ], [ 13.514121492000015, 10.376791921 ], [ 13.512400499000023, 10.374210103999985 ], [ 13.509387506, 10.368186794999986 ], [ 13.507667129000026, 10.360872313000016 ], [ 13.50723779499998, 10.352697304 ], [ 13.507237659, 10.341939678000017 ], [ 13.510249617999989, 10.3337651 ], [ 13.511109839000028, 10.322148213999981 ], [ 13.509388232999981, 10.309670494999978 ], [ 13.505085380000025, 10.294611213 ], [ 13.501642978, 10.282993557 ], [ 13.501243827999986, 10.282423333 ], [ 13.493794227000024, 10.255882203 ], [ 13.491961149000019, 10.241931873999988 ], [ 13.485856429000023, 10.218170332 ], [ 13.483346283, 10.216556931000014 ], [ 13.475876858, 10.216647377000015 ], [ 13.470846586, 10.212598609999986 ], [ 13.469702374, 10.209332962000019 ], [ 13.46740540899998, 10.202777164 ], [ 13.465644430999987, 10.194579251999983 ], [ 13.461875932, 10.190331384999979 ], [ 13.461629104, 10.189195730999984 ], [ 13.461439228000017, 10.189020479000021 ], [ 13.461424239999985, 10.188876745000016 ], [ 13.45381412, 10.177461570999981 ], [ 13.447864116, 10.16602629800002 ], [ 13.444494479000014, 10.161957200000018 ], [ 13.440285059000018, 10.157076255 ], [ 13.433516086, 10.146472475999985 ], [ 13.429226729, 10.135016985999982 ], [ 13.429146468, 10.128442585000016 ], [ 13.428256552, 10.123521714 ], [ 13.418249802, 10.119531783000014 ], [ 13.406563899999981, 10.113917758000014 ], [ 13.395737919, 10.110758917999988 ], [ 13.380833126000027, 10.113401523999983 ], [ 13.367538067999988, 10.111914935000016 ], [ 13.360041142, 10.109537623 ], [ 13.351744178999979, 10.109635345000015 ], [ 13.336819484999978, 10.110632576 ], [ 13.328522490000012, 10.110729777000017 ], [ 13.322646062, 10.10504507600001 ], [ 13.32087904399998, 10.096024606000015 ], [ 13.312562843000023, 10.094477843999982 ], [ 13.286745912000015, 10.070304234 ], [ 13.282841502, 10.061382546 ], [ 13.280220816999986, 10.055393967999976 ], [ 13.278765421, 10.051939989 ], [ 13.272741478, 10.045916783999985 ], [ 13.258973561, 10.032578291999982 ], [ 13.251658723999981, 10.027415545999986 ], [ 13.247355402999972, 10.013646117 ], [ 13.247499012999981, 10.012593417 ], [ 13.250938303999988, 10.004780128 ], [ 13.255847601000028, 9.998970193 ], [ 13.261615118, 9.995616058999985 ], [ 13.2690414, 9.992242684000018 ], [ 13.273159525999972, 9.989729346999979 ], [ 13.27885891699998, 9.980622258999972 ], [ 13.284558022999988, 9.971515077999982 ], [ 13.282792600999983, 9.962494371999981 ], [ 13.277642104, 9.947759344000019 ], [ 13.272530715000016, 9.93631149700002 ], [ 13.269946131999973, 9.928122089 ], [ 13.263253962000022, 9.923267771999974 ], [ 13.252377153999987, 9.915173805999984 ], [ 13.252195202999985, 9.915215433000014 ], [ 13.252088367999988, 9.915115297999989 ], [ 13.238320804000011, 9.909521822999977 ], [ 13.230575423, 9.900055837000025 ], [ 13.225412528999982, 9.88757812 ], [ 13.227993742000024, 9.87725188600001 ], [ 13.226702137000018, 9.869936734000021 ], [ 13.230575253999973, 9.867355111 ], [ 13.234017755000025, 9.858750434 ], [ 13.23487749100002, 9.850145382 ], [ 13.237459132000026, 9.844982390999974 ], [ 13.239180811999972, 9.842830509 ], [ 13.242622169000015, 9.841970496999977 ], [ 13.250798143, 9.838527745000022 ], [ 13.258973176999973, 9.833364636 ], [ 13.266287244000011, 9.834225689999982 ], [ 13.271020959999987, 9.829062470999986 ], [ 13.280485621000025, 9.82346805200001 ], [ 13.288660517999972, 9.817874802 ], [ 13.294255346999989, 9.809700002999989 ], [ 13.29662960600001, 9.804158117999975 ], [ 13.297201111999982, 9.796671174999972 ], [ 13.291863162000027, 9.789998852 ], [ 13.287859852999986, 9.782993374 ], [ 13.283522711999979, 9.772317964000024 ], [ 13.276182708000022, 9.76431068 ], [ 13.269723868000028, 9.760252181999988 ], [ 13.264841252, 9.751300785000012 ], [ 13.261500679999983, 9.733955517000027 ], [ 13.260169492999978, 9.725612381000019 ], [ 13.259111834, 9.717942505999986 ], [ 13.26050324800002, 9.711601200000018 ], [ 13.25790063, 9.706503984999983 ], [ 13.254499663, 9.698923829000023 ], [ 13.251829951, 9.689248825 ], [ 13.255499337, 9.674903691 ], [ 13.254499039, 9.668899623000016 ], [ 13.245158608999986, 9.661894059000019 ], [ 13.239486843, 9.64921655400002 ], [ 13.243490055999985, 9.639541682000015 ], [ 13.243156209, 9.633203286000025 ], [ 13.239820394999981, 9.626530918000014 ], [ 13.241822125999988, 9.619858842999975 ], [ 13.241154944000016, 9.613854306 ], [ 13.247159731000011, 9.604179542999987 ], [ 13.244824602999984, 9.595171970000024 ], [ 13.236817964000011, 9.583162056 ], [ 13.235149045000014, 9.568817189000015 ], [ 13.229479077, 9.56347970500002 ], [ 13.226476079, 9.553804334 ], [ 13.220137490000013, 9.542462119999982 ], [ 13.215800098999978, 9.541461126 ], [ 13.204124421000017, 9.544463327000017 ], [ 13.201582370999972, 9.541871835999984 ], [ 13.189445364999983, 9.528783847999989 ], [ 13.182439371999976, 9.52711595400001 ], [ 13.177435507999974, 9.523112266 ], [ 13.163513019999982, 9.523578638 ], [ 13.157085693, 9.52377990399998 ], [ 13.15705125, 9.523766180999985 ], [ 13.148241729, 9.520255314 ], [ 13.135495373000026, 9.516852221000022 ], [ 13.122057159, 9.51610679700002 ], [ 13.113050075, 9.516440640999974 ], [ 13.105041949999986, 9.517774700000018 ], [ 13.100038085999984, 9.516106703999981 ], [ 13.089696853000021, 9.511770013999978 ], [ 13.072682838, 9.513438115999975 ], [ 13.059338401, 9.50943490200001 ], [ 13.047328632000017, 9.509768498000028 ], [ 13.04265798, 9.50443076800002 ], [ 13.031982336, 9.498092811 ], [ 13.021306454000012, 9.492421386 ], [ 13.010964906000027, 9.482746174999988 ], [ 13.001624145999983, 9.474739888999977 ], [ 12.991949776000013, 9.474072686 ], [ 12.984944815, 9.471070211999972 ], [ 12.976270659000022, 9.470402541 ], [ 12.957253993, 9.451721446000022 ], [ 12.941574522999986, 9.443380306999984 ], [ 12.932568098, 9.434039023000025 ], [ 12.927563798999984, 9.424031064000019 ], [ 12.916553942, 9.417025378 ], [ 12.898873245, 9.410019837999982 ], [ 12.872518445000026, 9.396342431 ], [ 12.864179042999979, 9.393339233 ], [ 12.855503949000024, 9.384331664 ], [ 12.856839008, 9.379327785999976 ], [ 12.855170859999987, 9.373322243000018 ], [ 12.85683881, 9.363314783000021 ], [ 12.861843207, 9.359978577999982 ], [ 12.874187032, 9.35864439300002 ], [ 12.881526371, 9.35997891 ], [ 12.885861847, 9.358644275000017 ], [ 12.894869562, 9.35797686799998 ], [ 12.902877305, 9.352305559 ], [ 12.903543164999974, 9.340296072 ], [ 12.902542593000021, 9.331621989999974 ], [ 12.900207519999981, 9.320278837999979 ], [ 12.901904718000026, 9.311436636999986 ], [ 12.902209668000012, 9.305267453999988 ], [ 12.902209154, 9.299595957 ], [ 12.901209059, 9.293924307 ], [ 12.900875147000022, 9.286251310000011 ], [ 12.900875149, 9.281580647 ], [ 12.900541756, 9.272573400999988 ], [ 12.904544626000018, 9.266235114999972 ], [ 12.905127557000014, 9.257654425 ], [ 12.905075274000012, 9.246211947 ], [ 12.905311558999983, 9.242455381000013 ], [ 12.904544639, 9.238878963 ], [ 12.904544260000023, 9.233541431 ], [ 12.901543097, 9.229871668999976 ], [ 12.898205227, 9.226536037000017 ], [ 12.893869006999978, 9.222866187000022 ], [ 12.892201073000024, 9.219530371000019 ], [ 12.89086774499998, 9.211189185000023 ], [ 12.890199363000022, 9.203183427999988 ], [ 12.886863528999982, 9.193508183 ], [ 12.882192051, 9.187169832999984 ], [ 12.882192396, 9.180164069 ], [ 12.88352792400002, 9.176160832999983 ], [ 12.883527701, 9.170489314 ], [ 12.880858563, 9.164484769000012 ], [ 12.879524155000013, 9.155143829 ], [ 12.879858002, 9.148137915 ], [ 12.88319446700001, 9.145134803000019 ], [ 12.886863882, 9.141132409000022 ], [ 12.888865899, 9.136794927999972 ], [ 12.888531488000012, 9.132124901999987 ], [ 12.889532353999982, 9.128455202999987 ], [ 12.891867392999984, 9.123451305 ], [ 12.891868016999979, 9.117445753000027 ], [ 12.890199966000012, 9.112775683 ], [ 12.888703314, 9.110281500999974 ], [ 12.88863605, 9.110145529000022 ], [ 12.888598162, 9.110057857000015 ], [ 12.888575291999985, 9.109992045000013 ], [ 12.888567831999978, 9.109984790999988 ], [ 12.888492897999981, 9.109886491999987 ], [ 12.888397506, 9.10977187200001 ], [ 12.886196115000018, 9.106103131 ], [ 12.886863799000025, 9.095427743000016 ], [ 12.88652976100002, 9.086419848 ], [ 12.883193579000022, 9.078413876000013 ], [ 12.878190263000022, 9.069406517 ], [ 12.875854166000011, 9.066070282 ], [ 12.873852436, 9.054061006999973 ], [ 12.874520163999989, 9.051057717999981 ], [ 12.877855950000026, 9.043051612 ], [ 12.878190572999983, 9.035378241999979 ], [ 12.878013800000019, 9.030106376999981 ], [ 12.872782617999974, 9.020885425000017 ], [ 12.868115306999982, 9.012887073 ], [ 12.862291299999981, 9.004891169000018 ], [ 12.855293701, 8.993465271 ], [ 12.849449193999988, 8.980893010999978 ], [ 12.840819292999981, 8.96668538 ], [ 12.833111644999974, 8.954340791 ], [ 12.828348418000019, 8.951009716999977 ], [ 12.826378153, 8.949684045000026 ], [ 12.821638017, 8.947347821 ], [ 12.820467134000012, 8.945457178000026 ], [ 12.814234533999979, 8.939617868000028 ], [ 12.80359596, 8.929194441999982 ], [ 12.799010518999978, 8.927475148999974 ], [ 12.790306462999979, 8.917194151999979 ], [ 12.790234154000018, 8.901182069000015 ], [ 12.795714947000022, 8.895988692 ], [ 12.800944594999976, 8.891045333000022 ], [ 12.801589418999981, 8.885493102 ], [ 12.796861938, 8.876752982000028 ], [ 12.789733215000012, 8.860597628 ], [ 12.78840691, 8.852358723 ], [ 12.789436387000023, 8.845515191 ], [ 12.796379633000015, 8.831478294000021 ], [ 12.799044711000022, 8.829289228999983 ], [ 12.800667782, 8.822804599999984 ], [ 12.807158080000022, 8.807938589 ], [ 12.808011717999989, 8.797262972999988 ], [ 12.808708896999974, 8.789677384000015 ], [ 12.801483846999986, 8.773220843999979 ], [ 12.795864956, 8.766398316 ], [ 12.790290825, 8.758830976000013 ], [ 12.783863541000017, 8.753483663 ], [ 12.772308870000018, 8.754534614000022 ], [ 12.757623216000013, 8.757550461 ], [ 12.746052114, 8.75768581 ], [ 12.73134675, 8.753483546999973 ], [ 12.722412506000012, 8.748335732999976 ], [ 12.713214081, 8.731075146000023 ], [ 12.713492723, 8.718824278999989 ], [ 12.714542129, 8.702018623000015 ], [ 12.712441655000021, 8.689415060999977 ], [ 12.696687698, 8.675761146000013 ], [ 12.689335116, 8.66315756 ], [ 12.688522035, 8.658283267 ], [ 12.67705756700002, 8.642773707 ], [ 12.667825844999982, 8.63956256900002 ], [ 12.661001984999984, 8.641970663 ], [ 12.645750105, 8.642773547 ], [ 12.63852486899998, 8.637556214000028 ], [ 12.626749426, 8.62785631700001 ], [ 12.614040690000024, 8.616684006000014 ], [ 12.601597361000017, 8.608255470000017 ], [ 12.585140892000027, 8.596214294999982 ], [ 12.575108079000017, 8.596615859999986 ], [ 12.567481504, 8.600228389 ], [ 12.551827160000016, 8.605044285000019 ], [ 12.541596555000012, 8.609091665999983 ], [ 12.533889095, 8.612742398000023 ], [ 12.526537029, 8.612742519999983 ], [ 12.51708372600001, 8.614843361 ], [ 12.509732551000013, 8.616944284999988 ], [ 12.489775263000013, 8.622195238000018 ], [ 12.481374164999977, 8.622195341 ], [ 12.471920986999976, 8.615893243000016 ], [ 12.467719738000028, 8.606440645000021 ], [ 12.469143803, 8.590595133000022 ], [ 12.463123659000019, 8.581362747000014 ], [ 12.45549625000001, 8.575743540000019 ], [ 12.448673449000012, 8.567716538000013 ], [ 12.445060253, 8.56049154599998 ], [ 12.441849368000021, 8.553266442 ], [ 12.439039681, 8.54122546100001 ], [ 12.437836564, 8.530387878999989 ], [ 12.43342087100001, 8.515938837000022 ], [ 12.429005664999977, 8.51031962899998 ], [ 12.421818928999983, 8.500240392000023 ], [ 12.417948358, 8.495241034 ], [ 12.413590912000018, 8.485184522 ], [ 12.407147783000028, 8.480460056000027 ], [ 12.40577478900002, 8.477936538999984 ], [ 12.396775787000024, 8.456750597999985 ], [ 12.386660174999975, 8.450588181 ], [ 12.379117173, 8.450657498 ], [ 12.364065814000014, 8.454548723000016 ], [ 12.34903712, 8.460941362000028 ], [ 12.347904399000015, 8.462357791999978 ], [ 12.341858882, 8.461721436 ], [ 12.332138010999984, 8.463062162000028 ], [ 12.322751961999984, 8.466749145 ], [ 12.312360306000016, 8.46741950400002 ], [ 12.304651423999985, 8.464067489 ], [ 12.289232641000012, 8.453676345000019 ], [ 12.279177047000019, 8.446972889 ], [ 12.274232149999989, 8.445372655000028 ], [ 12.267780261999974, 8.443285038 ], [ 12.261411443999975, 8.443620681000027 ], [ 12.253702196, 8.442279758999973 ], [ 12.246998303999987, 8.439933752 ], [ 12.240629572999978, 8.43490510700002 ], [ 12.234595512999988, 8.421497327 ], [ 12.23090877300001, 8.405073077 ], [ 12.225880089999976, 8.378256748000013 ], [ 12.226885547999984, 8.367530768 ], [ 12.228226459999973, 8.353787394 ], [ 12.233254257999988, 8.341720609999982 ], [ 12.238282180999988, 8.326636225000016 ], [ 12.242975613999988, 8.313564311 ], [ 12.244986181, 8.303843501000017 ], [ 12.245610264999982, 8.301763387 ], [ 12.24586148100002, 8.298607721999986 ], [ 12.250472487000025, 8.27151879500002 ], [ 12.252991034, 8.253887191999979 ], [ 12.255897174999973, 8.237610688000018 ], [ 12.258609681, 8.216587887 ], [ 12.258609923999984, 8.196921367000016 ], [ 12.25860981, 8.178611753999974 ], [ 12.257253126000023, 8.171830236 ], [ 12.253092432000017, 8.168015622999974 ], [ 12.251857777, 8.165741973000024 ], [ 12.248170652999988, 8.163730724 ], [ 12.24582503, 8.161719194999989 ], [ 12.244819182000015, 8.158368042 ], [ 12.242472484000018, 8.153675194000016 ], [ 12.242472914000018, 8.150658476 ], [ 12.240461644, 8.14730656 ], [ 12.239456587, 8.144289938999975 ], [ 12.235768215, 8.139931563 ], [ 12.230070328000011, 8.134569305000014 ], [ 12.227054167, 8.129205773000024 ], [ 12.220684980999977, 8.122837093999976 ], [ 12.219008533000022, 8.117138779000015 ], [ 12.214316875, 8.110770285 ], [ 12.210628456999984, 8.104400582999972 ], [ 12.209288142, 8.098702397000011 ], [ 12.207277716000021, 8.092669549999982 ], [ 12.206271048000019, 8.090322532000016 ], [ 12.206941716000017, 8.085294853 ], [ 12.210294281000017, 8.073898375 ], [ 12.213645738000025, 8.063172388999988 ], [ 12.21498698, 8.055461746999981 ], [ 12.215657247000024, 8.049763783 ], [ 12.214986898, 8.045406469999989 ], [ 12.214315834999979, 8.034010032000026 ], [ 12.214149014999975, 8.02730552700001 ], [ 12.214819241999976, 8.023282914999982 ], [ 12.219955008, 8.01517678 ], [ 12.219955522000021, 8.006361130000016 ], [ 12.221311625999988, 7.997544878999975 ], [ 12.220633427999985, 7.988050498 ], [ 12.210461786999986, 7.970418537 ], [ 12.203002255, 7.96431507 ], [ 12.198254496, 7.956855250999979 ], [ 12.196898155999975, 7.946004980999987 ], [ 12.189438818999975, 7.938545171999976 ], [ 12.179265437000026, 7.930407635 ], [ 12.172484376999989, 7.92091330400001 ], [ 12.167737661999979, 7.909384601999989 ], [ 12.162312779999979, 7.902603225 ], [ 12.154852786, 7.889040002 ], [ 12.144001985999978, 7.877511626 ], [ 12.116197668999973, 7.853776089 ], [ 12.097209931, 7.838178663 ], [ 12.089072191000014, 7.818511987000022 ], [ 12.082968764999976, 7.805627316000027 ], [ 12.077543278, 7.802236425999979 ], [ 12.067371424999976, 7.787995306000028 ], [ 12.067371101, 7.779857755000023 ], [ 12.064657905, 7.773754214 ], [ 12.060590063, 7.769007250000016 ], [ 12.060589833, 7.75883489 ], [ 12.057198387000028, 7.750018572999977 ], [ 12.047026443999982, 7.741202851000025 ], [ 12.041601368999977, 7.729674434 ], [ 12.037531643000023, 7.707294895000018 ], [ 12.037531596, 7.681525258000022 ], [ 12.032107236, 7.667962122 ], [ 12.021934569, 7.661858411000026 ], [ 12.019222239999976, 7.65168655399998 ], [ 12.020578302, 7.644905200999972 ], [ 12.023968668, 7.629307149 ], [ 12.024647773000027, 7.610997177 ], [ 12.026004050999973, 7.582514818 ], [ 12.028037889000018, 7.558779781 ], [ 12.032107412000016, 7.535044269000025 ], [ 12.036853646999987, 7.529618852 ], [ 12.039566729, 7.522837177999975 ], [ 12.012440931000015, 7.508595926999988 ], [ 12.007693005000021, 7.50859585 ], [ 11.997521222999978, 7.502492878 ], [ 11.988705537999977, 7.497745396000028 ], [ 11.985216063999985, 7.498819328000025 ], [ 11.974464216, 7.499102132000019 ], [ 11.956153820999987, 7.492998565 ], [ 11.941234849000011, 7.476723301999982 ], [ 11.92495917399998, 7.453665678999982 ], [ 11.903258537999989, 7.433320891999983 ], [ 11.892407242, 7.419079899999986 ], [ 11.889016882000021, 7.41636759 ], [ 11.867994434000025, 7.394666068 ], [ 11.853993262000017, 7.378666047000024 ], [ 11.844258578999984, 7.36754026 ], [ 11.822557168, 7.332276260000015 ], [ 11.814419464000025, 7.312609752000014 ], [ 11.804926005000027, 7.273276937999981 ], [ 11.802890553999987, 7.248185111999987 ], [ 11.805604035999977, 7.219024561000026 ], [ 11.810351119000018, 7.196645835000027 ], [ 11.811029264000013, 7.181048485000019 ], [ 11.817131881000023, 7.149175285000013 ], [ 11.834086442, 7.113911187999975 ], [ 11.842901951999977, 7.098313465 ], [ 11.846463006000022, 7.093862049999984 ], [ 11.844557525000027, 7.092787756 ], [ 11.845819488000018, 7.090053604 ], [ 11.84856721, 7.084559824999985 ], [ 11.843073038999989, 7.075403594000022 ], [ 11.835747491, 7.065331484000012 ], [ 11.819266099, 7.058006353999986 ], [ 11.797291073999986, 7.060753463000026 ], [ 11.788596279999979, 7.062927172 ], [ 11.785259302999975, 7.063049185000011 ], [ 11.771017965, 7.067118574 ], [ 11.762880097999982, 7.066440172 ], [ 11.759488925000028, 7.065083895999976 ], [ 11.752707761000011, 7.060337204 ], [ 11.74660508, 7.058302331999982 ], [ 11.742535676999978, 7.061015036000015 ], [ 11.736431833999973, 7.061015134 ], [ 11.728294232999986, 7.059658642999977 ], [ 11.718122275999974, 7.058302332999972 ], [ 11.715409282, 7.054911698000012 ], [ 11.715409113000021, 7.044061173999978 ], [ 11.715927227, 7.04199166799998 ], [ 11.715799248, 7.033284052999988 ], [ 11.705727563999972, 7.029621650000024 ], [ 11.697936219999974, 7.029621707 ], [ 11.693616737000013, 7.027186816999972 ], [ 11.686498914000026, 7.014971636999974 ], [ 11.680090087, 7.005814897 ], [ 11.673680074, 7.000321413999984 ], [ 11.66177646, 6.996658735999972 ], [ 11.663608324999984, 6.990249209000012 ], [ 11.660744705000013, 6.989963120000027 ], [ 11.654866008, 6.989098942999988 ], [ 11.649109655000018, 6.988719528 ], [ 11.642548574999978, 6.987502625 ], [ 11.638105253999981, 6.986442436 ], [ 11.632096091999983, 6.982521032000022 ], [ 11.62972951, 6.978345912 ], [ 11.625961143999973, 6.972084944000017 ], [ 11.625392031999979, 6.953932897000016 ], [ 11.62254608500001, 6.946912198 ], [ 11.621488634, 6.937142451999989 ], [ 11.619699286000014, 6.923636559999977 ], [ 11.614323678, 6.914339008000013 ], [ 11.603255119999972, 6.91231481 ], [ 11.589972558, 6.909469210999987 ], [ 11.579853233, 6.903839493000021 ], [ 11.576184195, 6.897641142 ], [ 11.571503883, 6.890430883000022 ], [ 11.570428871999979, 6.886319516000015 ], [ 11.567835651, 6.876326673999984 ], [ 11.559360762999972, 6.866649591 ], [ 11.557904969, 6.859881751999978 ], [ 11.559044149999977, 6.851849039 ], [ 11.574223558000028, 6.852671588000021 ], [ 11.578081837000013, 6.850078044999975 ], [ 11.581623856000022, 6.845461436 ], [ 11.585038938000025, 6.833127521 ], [ 11.583032534999973, 6.821771954999974 ], [ 11.583032479999986, 6.817194127 ], [ 11.593104520999987, 6.815363064 ], [ 11.598597340000026, 6.812615887 ], [ 11.598597655, 6.806206620000012 ], [ 11.59937374499998, 6.801170300000024 ], [ 11.590356827999983, 6.795218809 ], [ 11.583032795, 6.792471810999984 ], [ 11.576622913999984, 6.777821502 ], [ 11.575707485, 6.77232804099998 ], [ 11.585779327000012, 6.759509203999983 ], [ 11.589665511000021, 6.750059578999981 ], [ 11.590356578000012, 6.742112119000012 ], [ 11.587666258000013, 6.734069307000027 ], [ 11.583032576999983, 6.731124438999984 ], [ 11.572533482999972, 6.726074218 ], [ 11.564252808999981, 6.724361316 ], [ 11.557399535, 6.715224120000016 ], [ 11.552816276999977, 6.696330053999986 ], [ 11.555562877999989, 6.68625827 ], [ 11.55647852200002, 6.680764096000019 ], [ 11.554647204999981, 6.673439014 ], [ 11.554647207000016, 6.664282730000025 ], [ 11.550069117000021, 6.657873682 ], [ 11.542744457000026, 6.656957609000017 ], [ 11.537250802000017, 6.647801266999977 ], [ 11.530840733, 6.642307802 ], [ 11.52351554, 6.626741896 ], [ 11.525346752000019, 6.619416831000024 ], [ 11.521684766000021, 6.609344476 ], [ 11.509780949, 6.609344572999987 ], [ 11.506118652999987, 6.604766343 ], [ 11.497878101000026, 6.60385083 ], [ 11.490870369999982, 6.597012542000016 ], [ 11.483731507000016, 6.597298111999976 ], [ 11.472240242999987, 6.60110371899998 ], [ 11.465830643, 6.608428849 ], [ 11.463118580000014, 6.609289771000022 ], [ 11.457590354, 6.604766273999985 ], [ 11.451180363, 6.601103694000017 ], [ 11.440192975, 6.59927273 ], [ 11.433762337000019, 6.599011468000015 ], [ 11.431036673999984, 6.595610012 ], [ 11.426458223999987, 6.589200573000028 ], [ 11.431952653999986, 6.576381706 ], [ 11.432867868000017, 6.561731808 ], [ 11.429765554000028, 6.546472489 ], [ 11.426458217, 6.541587887999981 ], [ 11.424627451, 6.537009147 ], [ 11.428289674999974, 6.531515445000025 ], [ 11.424627422000015, 6.530600127000014 ], [ 11.400820652, 6.529684585999973 ], [ 11.393788174, 6.528769559000011 ], [ 11.373800028, 6.525343057999976 ], [ 11.36352145, 6.527627570999982 ], [ 11.356383144, 6.524200881000013 ], [ 11.35381299300002, 6.515349344000015 ], [ 11.354955822000022, 6.508496381999976 ], [ 11.353207829999974, 6.502215310999986 ], [ 11.339473003000023, 6.503131020000012 ], [ 11.324822655, 6.508624522 ], [ 11.316581918999987, 6.515034338000021 ], [ 11.304679013999987, 6.525105884000027 ], [ 11.284142587000019, 6.537050266999984 ], [ 11.273006153999972, 6.537335445999986 ], [ 11.262156264, 6.526199878 ], [ 11.252162919999989, 6.526199867 ], [ 11.246994162000021, 6.521443235999982 ], [ 11.240170605, 6.524486658 ], [ 11.234173750000025, 6.53305253100001 ], [ 11.220468564999976, 6.536764554 ], [ 11.212199009000017, 6.536093737999977 ], [ 11.192970961000015, 6.539756383 ], [ 11.183814829000028, 6.546165850000023 ], [ 11.163075271000025, 6.563033714000028 ], [ 11.154223328, 6.562748489 ], [ 11.149020205999989, 6.55990039 ], [ 11.142611419, 6.547081530000014 ], [ 11.130707568, 6.538840766000021 ], [ 11.101970955000013, 6.540190591 ], [ 11.098660661, 6.548912590999976 ], [ 11.100491474000023, 6.569972612000015 ], [ 11.099576033, 6.607513327999982 ], [ 11.100491404000024, 6.642307800000026 ], [ 11.103238899000019, 6.660620322999989 ], [ 11.1059859, 6.680764205 ], [ 11.099575949999974, 6.687173777999988 ], [ 11.087673060999975, 6.70273970300002 ], [ 11.076684742, 6.712811478 ], [ 11.067528558, 6.713727114 ], [ 11.049216048, 6.714642979000018 ], [ 11.039144734999979, 6.71830547899998 ], [ 11.031819101, 6.713727114999983 ], [ 11.013789224999982, 6.697084022000013 ], [ 11.001603171, 6.685342291999973 ], [ 10.996108807999974, 6.684426772 ], [ 10.988783803, 6.68442676 ], [ 10.981459840000014, 6.689004975999978 ], [ 10.97596547500001, 6.688089432000027 ], [ 10.958568666000019, 6.690836569999988 ], [ 10.952158687, 6.692667444999984 ], [ 10.951243251999983, 6.687173853 ], [ 10.948495875999981, 6.685342369000011 ], [ 10.926521330000014, 6.700908137999988 ], [ 10.918280351000021, 6.708233486999973 ], [ 10.915532860999974, 6.729292760000021 ], [ 10.914617352, 6.735702517 ], [ 10.917215302999978, 6.746094672000027 ], [ 10.916448741000011, 6.753099319 ], [ 10.913701837000019, 6.76591821400001 ], [ 10.908207727999979, 6.769580845 ], [ 10.904546069999981, 6.764087335999989 ], [ 10.898136043000022, 6.760424731 ], [ 10.889895460999981, 6.770496931000025 ], [ 10.88623358000001, 6.778737466999985 ], [ 10.882569984999975, 6.790640758999984 ], [ 10.874329666999984, 6.798881473999984 ], [ 10.859679493999977, 6.809868763999987 ], [ 10.850523249, 6.80620683 ], [ 10.839249699999982, 6.811038035000024 ], [ 10.839105745999973, 6.814008666 ], [ 10.838179426000011, 6.816432483000028 ], [ 10.835872558, 6.816278448999981 ], [ 10.828547556999979, 6.822688067 ], [ 10.823970068, 6.830012733 ], [ 10.821223186, 6.839169506000019 ], [ 10.820306836999976, 6.843747586 ], [ 10.820307035999974, 6.850156756999979 ], [ 10.818475908999972, 6.859313488999987 ], [ 10.817007219, 6.863131625 ], [ 10.820432644, 6.865415657000028 ], [ 10.82414535700002, 6.86770020900002 ], [ 10.821575036000013, 6.873981989000015 ], [ 10.824145233000024, 6.88140582699998 ], [ 10.827857107, 6.893112630000019 ], [ 10.834423976999972, 6.911957735999977 ], [ 10.840134874, 6.92509271 ], [ 10.841848617999972, 6.931088875 ], [ 10.839535452, 6.937142299000016 ], [ 10.834776003, 6.940110598 ], [ 10.822138986000027, 6.94446739 ], [ 10.810235181, 6.950877304000016 ], [ 10.806573078999975, 6.959117798000023 ], [ 10.799247691, 6.960033494000015 ], [ 10.790091511000014, 6.960033371 ], [ 10.78459753300001, 6.967358558 ], [ 10.779103460999977, 6.966442589999986 ], [ 10.774525857000015, 6.957286383999985 ], [ 10.76811604, 6.953623801 ], [ 10.764452843000015, 6.958201950999978 ], [ 10.758959651999987, 6.964611484999978 ], [ 10.749803461, 6.971021194 ], [ 10.748887837999973, 6.977430455 ], [ 10.736068822999982, 6.98933359900002 ], [ 10.716840500999979, 6.991165109 ], [ 10.71226238700001, 6.999405810999974 ], [ 10.706768292, 7.007646478000026 ], [ 10.697611527999982, 7.014971829 ], [ 10.685708723, 7.018634395 ], [ 10.683876840999972, 7.025959001 ], [ 10.684793739999975, 7.037862254 ], [ 10.677468130000022, 7.045187409999983 ], [ 10.662817803999985, 7.052512665 ], [ 10.660070432999987, 7.046103007999989 ], [ 10.652745988, 7.045187501999976 ], [ 10.631686308999974, 7.049765717000014 ], [ 10.621614490000013, 7.057090679 ], [ 10.602385683000023, 7.073572185999979 ], [ 10.604216560999987, 7.075403750000021 ], [ 10.60330101, 7.082728417999988 ], [ 10.607879415000014, 7.101956826999981 ], [ 10.607879398000023, 7.110197552999978 ], [ 10.604216367, 7.120269864000022 ], [ 10.604216556999972, 7.133088558999987 ], [ 10.599638841, 7.144991931 ], [ 10.592313773, 7.146822959000019 ], [ 10.584073064999984, 7.153232675000027 ], [ 10.578300563000028, 7.1590051 ], [ 10.576057210999977, 7.15975283 ], [ 10.571285241, 7.143846581999981 ], [ 10.568900254000027, 7.120782898000016 ], [ 10.568900316999986, 7.095333110000013 ], [ 10.566514263999977, 7.084994288000019 ], [ 10.564127784, 7.073860286000013 ], [ 10.563332796, 7.051591377000022 ], [ 10.565718856, 7.037276395999982 ], [ 10.560946670000021, 7.020574480999983 ], [ 10.556970342, 6.995124808000014 ], [ 10.553789015, 6.979218826000022 ], [ 10.548221491999982, 6.970470361000025 ], [ 10.544245636000028, 6.952973897999982 ], [ 10.545041196999989, 6.945021111000017 ], [ 10.537882976999981, 6.936272697999982 ], [ 10.530725441000016, 6.92991019599998 ], [ 10.529134544999977, 6.924343023 ], [ 10.510047118999978, 6.919571426 ], [ 10.500503537999975, 6.912413672000014 ], [ 10.49652649799998, 6.902074336999988 ], [ 10.490164481000022, 6.9004842 ], [ 10.474258652, 6.911618182999973 ], [ 10.462328937999985, 6.913208838 ], [ 10.433698798000023, 6.91400435700001 ], [ 10.426540396, 6.910027603 ], [ 10.359734797999977, 6.905255896000028 ], [ 10.315993198, 6.900484032 ], [ 10.227714432000028, 6.890940302999979 ], [ 10.214194051, 6.890940118 ], [ 10.203060056000027, 6.905255683 ], [ 10.176019801999985, 6.940248876999988 ], [ 10.175224424000021, 6.945815902 ], [ 10.179996265999989, 6.945021242999985 ], [ 10.181587392999973, 6.952973709999981 ], [ 10.183973075999972, 6.964903414 ], [ 10.183973090999984, 6.973651938999978 ], [ 10.181587130000025, 6.984786031999988 ], [ 10.18079201, 6.989557600000012 ], [ 10.175224582999988, 6.989557691000016 ], [ 10.172839383999985, 6.997510776000013 ], [ 10.174428873000011, 7.003873216999978 ], [ 10.177610496999989, 7.012621986 ], [ 10.179200918, 7.016598343 ], [ 10.173634812999978, 7.021369960000015 ], [ 10.16806717999998, 7.022165380999979 ], [ 10.167271777999986, 7.028527825000026 ], [ 10.167271442000015, 7.034094816999982 ], [ 10.161704077000024, 7.038071073000026 ], [ 10.155001532000028, 7.041422961000023 ], [ 10.143412550999983, 7.026936939999985 ], [ 10.11000995500001, 6.991943819000028 ], [ 10.062292174, 6.953769159999979 ], [ 10.032070109000017, 6.927524023999979 ], [ 10.017754396999976, 6.910027411999977 ], [ 10.01298226, 6.901279371999976 ], [ 9.998667474, 6.897302688000025 ], [ 9.970036736, 6.871057377 ], [ 9.955721082000025, 6.84401743 ], [ 9.927885044, 6.821748763000016 ], [ 9.89527805, 6.789936886000021 ], [ 9.884144036, 6.773235383999975 ], [ 9.873805294000022, 6.772439851 ], [ 9.86187557300002, 6.780393253 ], [ 9.845174000999975, 6.781188617999987 ], [ 9.820519624999974, 6.781188432000022 ], [ 9.816819109, 6.788257155 ], [ 9.813783414, 6.787245219999988 ], [ 9.806701669, 6.791292117000012 ], [ 9.804678027000023, 6.786233360999972 ], [ 9.798606704, 6.785221454 ], [ 9.793547516999979, 6.789269053 ], [ 9.785453975999985, 6.795339550999984 ], [ 9.779382833999989, 6.786233497000012 ], [ 9.778370911000025, 6.776116012999978 ], [ 9.77432441000002, 6.768021697 ], [ 9.771289072, 6.761950440000021 ], [ 9.775336434999986, 6.756891687 ], [ 9.775336130000028, 6.749809186999983 ], [ 9.765217673999985, 6.737668056000018 ], [ 9.76015973, 6.721479299 ], [ 9.755100147, 6.704278827999985 ], [ 9.761171513000022, 6.692137747 ], [ 9.757124111999985, 6.687078945999986 ], [ 9.76218323400002, 6.676960947 ], [ 9.760159312999974, 6.670890285999974 ], [ 9.758136074, 6.667854804 ], [ 9.758135789999983, 6.662796093999987 ], [ 9.757123831, 6.65166603 ], [ 9.748018391000016, 6.651666088000013 ], [ 9.745994354, 6.639525006999975 ], [ 9.741947455, 6.630418673 ], [ 9.740935162000028, 6.618277485000021 ], [ 9.732841684999983, 6.605124477 ], [ 9.725758745, 6.581853256999977 ], [ 9.722723127999984, 6.570723402 ], [ 9.717664873, 6.560605999000018 ], [ 9.717664531000025, 6.545429246000026 ], [ 9.710581692, 6.525193705 ], [ 9.706534224, 6.512040125 ], [ 9.696416606000014, 6.512040007999985 ], [ 9.692369297000027, 6.515075801000023 ], [ 9.688323153999988, 6.513051974 ], [ 9.679216472, 6.512040114 ], [ 9.67213453, 6.512040182000021 ], [ 9.665051608999988, 6.513052035999976 ], [ 9.661003949000019, 6.524181968 ], [ 9.655945934999977, 6.530252388 ], [ 9.65290999299998, 6.529240522 ], [ 9.648862608, 6.525193549999983 ], [ 9.643804451, 6.525193718000025 ], [ 9.637733309, 6.523170054 ], [ 9.631662233999975, 6.52114629 ], [ 9.620533271, 6.525193781999974 ], [ 9.612439326000015, 6.527216824999982 ], [ 9.608391734, 6.529240619 ], [ 9.599126590000026, 6.530925374 ], [ 9.588680431, 6.508539154 ], [ 9.587856392, 6.494531610000024 ], [ 9.586208152999973, 6.474756220000017 ], [ 9.574672804999977, 6.466516394999985 ], [ 9.543361523999977, 6.443444649000014 ], [ 9.491451099000017, 6.445917119 ], [ 9.467555305000019, 6.450861068 ], [ 9.465628632, 6.455608316 ], [ 9.464834009000015, 6.45029881 ], [ 9.463642084000014, 6.443418936 ], [ 9.462450203, 6.436539057 ], [ 9.460117561, 6.429667107 ], [ 9.457784431, 6.422793716 ], [ 9.456600929, 6.417060805 ], [ 9.453136560000019, 6.411345109000024 ], [ 9.450803678999989, 6.404471965000027 ], [ 9.449627970999984, 6.39988798600001 ], [ 9.448436492999974, 6.393006919000015 ], [ 9.446061268999983, 6.380394006000017 ], [ 9.44599249700002, 6.371211062999976 ], [ 9.444801181, 6.364329828 ], [ 9.443591868999988, 6.355154061 ], [ 9.442408807, 6.349421088999975 ], [ 9.437785068999972, 6.341415897 ], [ 9.435461073, 6.335691042 ], [ 9.432014623999976, 6.332271086 ], [ 9.428564832, 6.328849822999985 ], [ 9.423976901, 6.325438072 ], [ 9.419387906, 6.322024817999988 ], [ 9.413665510999977, 6.319768001999989 ], [ 9.410226895, 6.317494839 ], [ 9.406796368000016, 6.316371031000017 ], [ 9.399950311, 6.316418135 ], [ 9.397686025999974, 6.318729860000019 ], [ 9.391998065999985, 6.321065031999979 ], [ 9.38972571, 6.322228855999981 ], [ 9.384038221000026, 6.324564904 ], [ 9.378359741999986, 6.32804825 ], [ 9.371548604999987, 6.332686871000021 ], [ 9.365853475999984, 6.333875209999974 ], [ 9.361307279000016, 6.336202131 ], [ 9.357884636, 6.33622597599998 ], [ 9.355602493, 6.336242181999978 ], [ 9.351038759, 6.336273163999977 ], [ 9.346475598999973, 6.336305198 ], [ 9.344194581000011, 6.336319925 ], [ 9.340755667999986, 6.334046815000022 ], [ 9.339588268, 6.330611286000021 ], [ 9.339545118, 6.324871122 ], [ 9.34066935200002, 6.322567043999982 ], [ 9.342926175, 6.319107116 ], [ 9.345181253000021, 6.315648045999978 ], [ 9.347437991999982, 6.312188107999987 ], [ 9.348545264999984, 6.307588039999985 ], [ 9.348519403000012, 6.30414298300002 ], [ 9.348485125000025, 6.299551055999984 ], [ 9.347318890999986, 6.296114843 ], [ 9.346152104999987, 6.292678774000024 ], [ 9.346135268000012, 6.290381975 ], [ 9.343828148, 6.286953883000024 ], [ 9.342661997999983, 6.283517801000016 ], [ 9.339187746999983, 6.276652741000021 ], [ 9.33458226099998, 6.270944174000022 ], [ 9.334564925, 6.268648207000012 ], [ 9.332265877999987, 6.266367893 ], [ 9.327634986000021, 6.257215007000013 ], [ 9.325293691000013, 6.24919417000001 ], [ 9.321811739, 6.241180821 ], [ 9.314889898999979, 6.230896057999985 ], [ 9.311424412, 6.225180132999981 ], [ 9.309091430000024, 6.218307020999987 ], [ 9.305601272999979, 6.209146096999973 ], [ 9.302127848, 6.202281944 ], [ 9.29981230300001, 6.197704741999985 ], [ 9.296337965000021, 6.19083982799998 ], [ 9.291724285999976, 6.183982846 ], [ 9.288258456, 6.178266971000028 ], [ 9.287083804000019, 6.173683136000022 ], [ 9.284776860000022, 6.170254231 ], [ 9.281319489999987, 6.165686145999985 ], [ 9.279021419, 6.163404915 ], [ 9.276714060000018, 6.159976958000016 ], [ 9.275555445, 6.157689044999984 ], [ 9.269818425999972, 6.153134838000028 ], [ 9.262946969999973, 6.149738818 ], [ 9.254927591000012, 6.145201269999973 ], [ 9.244617670000025, 6.139532069999973 ], [ 9.237738636000017, 6.134986862 ], [ 9.228577755, 6.130456974000026 ], [ 9.22514615, 6.129332996000016 ], [ 9.215985567000018, 6.124804051000012 ], [ 9.209123707, 6.12255473099998 ], [ 9.204543275, 6.120289865000018 ], [ 9.196522453, 6.115753144 ], [ 9.18965237499998, 6.112356168000019 ], [ 9.182790892000014, 6.110106909000024 ], [ 9.173629629, 6.105577883000024 ], [ 9.166767798000024, 6.103329175 ], [ 9.158756204999975, 6.099938914 ], [ 9.151885073000017, 6.096542783000018 ], [ 9.147314266000024, 6.095426045000011 ], [ 9.14387431900002, 6.093153029 ], [ 9.140434434999975, 6.090880851 ], [ 9.13585369499998, 6.088615826000023 ], [ 9.131265852000013, 6.085204173000022 ], [ 9.127834414, 6.08407874300002 ], [ 9.122104719999982, 6.080674149 ], [ 9.118664513999988, 6.078402043999972 ], [ 9.114075813, 6.074988895999979 ], [ 9.107187974, 6.06929592900002 ], [ 9.101441152, 6.063594738 ], [ 9.094562467, 6.059050102000015 ], [ 9.08767523, 6.053357189999986 ], [ 9.078488185000026, 6.045382906999976 ], [ 9.072758425000018, 6.041977831999986 ], [ 9.068152693, 6.036270106000018 ], [ 9.060115828999983, 6.029437067 ], [ 9.056659772999978, 6.024867947000018 ], [ 9.050912711000024, 6.019166954000013 ], [ 9.044016614999975, 6.012325784999973 ], [ 9.035979025000017, 6.00549220900001 ], [ 9.029083463, 5.998652014000015 ], [ 9.023327594000023, 5.991802152999981 ], [ 9.018731227999979, 5.98724222200002 ], [ 9.014124767, 5.981533082 ], [ 9.009526944000015, 5.976972182 ], [ 9.006063546, 5.97125484999998 ], [ 8.999157895999986, 5.963265949 ], [ 8.99570939900002, 5.959846079999977 ], [ 8.993401439000024, 5.956417015 ], [ 8.991111522999972, 5.955285075 ], [ 8.989945219, 5.951848958000028 ], [ 8.978469065000013, 5.942742872999986 ], [ 8.971572924999975, 5.935902133000013 ], [ 8.967000714, 5.934784837999985 ], [ 8.961262563, 5.930232108999974 ], [ 8.952101739999989, 5.925703022 ], [ 8.946372212000028, 5.922297916 ], [ 8.941791390999981, 5.920033002000025 ], [ 8.940877107, 5.917129996000028 ], [ 8.939579698999978, 5.911942931 ], [ 8.935473178, 5.910646011999972 ], [ 8.930071014000021, 5.907836404000022 ], [ 8.923154650000015, 5.902649439000015 ], [ 8.915590119, 5.904162426000028 ], [ 8.912347684, 5.903081901 ], [ 8.910836035999978, 5.899580013 ], [ 8.913645036999981, 5.892275289999986 ], [ 8.911700482000015, 5.88579174900002 ], [ 8.908026006999989, 5.881253223999977 ], [ 8.90391932, 5.871527261999972 ], [ 8.904567800999985, 5.865043647 ], [ 8.901973656999985, 5.861801688000014 ], [ 8.895274041999983, 5.860288561 ], [ 8.889223248, 5.859640647999981 ], [ 8.883387385, 5.86050510299998 ], [ 8.881441860999985, 5.857479106000028 ], [ 8.877552046, 5.854669629 ], [ 8.871067813000025, 5.852292137 ], [ 8.869555241, 5.849915040999974 ], [ 8.865232562000017, 5.847105 ], [ 8.860910585, 5.845592517999989 ], [ 8.857667798000023, 5.842782519000025 ], [ 8.859181541, 5.838892461 ], [ 8.858964867, 5.831976355999984 ], [ 8.851833517999978, 5.827653919 ], [ 8.844131587, 5.827710200000013 ], [ 8.844113402, 5.825413191999985 ], [ 8.844079824, 5.820820878 ], [ 8.844054219999975, 5.817377115 ], [ 8.844028617, 5.813932943999987 ], [ 8.846267650000016, 5.808177044 ], [ 8.848516301000018, 5.803568865999978 ], [ 8.853018588999987, 5.795501292999973 ], [ 8.855257941, 5.789744907999989 ], [ 8.857497223999985, 5.783988933999979 ], [ 8.858595961, 5.77824113600002 ], [ 8.858578797, 5.775945254000021 ], [ 8.856237292, 5.767924812999979 ], [ 8.853913025, 5.762199942999985 ], [ 8.85274691799998, 5.758763789 ], [ 8.852712683, 5.754171874 ], [ 8.852669896, 5.748432089 ], [ 8.851477623, 5.741550899 ], [ 8.850311031999979, 5.738114865 ], [ 8.849136493, 5.733530958000017 ], [ 8.845680212, 5.728961925000021 ], [ 8.842214351, 5.723245118000023 ], [ 8.836485046, 5.719840095999984 ], [ 8.834195388000012, 5.718708015 ], [ 8.828491106, 5.718747199 ], [ 8.825068532999978, 5.718771022 ], [ 8.821636948, 5.717647054 ], [ 8.818205939999984, 5.71652222 ], [ 8.815915787, 5.715390172000014 ], [ 8.814758064999978, 5.71310090999998 ], [ 8.813600356999984, 5.710813052 ], [ 8.813575046999972, 5.707368866000024 ], [ 8.814689429, 5.703917056000023 ], [ 8.815813908, 5.701612983000018 ], [ 8.818035810000026, 5.693561064999983 ], [ 8.819690663000017, 5.692298585 ], [ 8.826324705, 5.69063904799998 ], [ 8.843044255999985, 5.680589456 ], [ 8.846390369, 5.673886203 ], [ 8.851354644000025, 5.654006512000024 ], [ 8.859484004000024, 5.648203809 ], [ 8.867505849999986, 5.641345003000026 ], [ 8.872093005000011, 5.636767866000014 ], [ 8.877836979999984, 5.628748007000013 ], [ 8.885864046999984, 5.620738945000028 ], [ 8.89161943, 5.610421146000022 ], [ 8.895080463, 5.602390712999977 ], [ 8.896264105, 5.593201122999972 ], [ 8.896301307999977, 5.585154998 ], [ 8.895191024999974, 5.578254287 ], [ 8.892944097, 5.570197162 ], [ 8.890692973, 5.563291021999987 ], [ 8.887305329000014, 5.555229145 ], [ 8.886195287000021, 5.54832699100001 ], [ 8.88279644, 5.54256392100001 ], [ 8.878263415, 5.535646921000023 ], [ 8.873732656000016, 5.527579731 ], [ 8.871481029, 5.52067273900002 ], [ 8.868083238999986, 5.514911231999974 ], [ 8.864683857999978, 5.509148134999975 ], [ 8.862427579999974, 5.503389826999978 ], [ 8.860165858000016, 5.498782190999975 ], [ 8.859065831, 5.489582066000025 ], [ 8.857976899999983, 5.478083077 ], [ 8.858008284999983, 5.471186206000027 ], [ 8.855761699000027, 5.463129953000021 ], [ 8.853515765999987, 5.455073851 ], [ 8.850122710999983, 5.448162009999976 ], [ 8.846739730000024, 5.438950998999985 ], [ 8.845629692999978, 5.432048841999972 ], [ 8.844509128000027, 5.427445967999972 ], [ 8.843399149999982, 5.42054421 ], [ 8.843446923999977, 5.410200164 ], [ 8.842347027000017, 5.401000090000025 ], [ 8.841247738999982, 5.391798900000026 ], [ 8.839001433000021, 5.38374281900002 ], [ 8.83788612799998, 5.377989762000027 ], [ 8.835634391999974, 5.371082812 ], [ 8.832241322000016, 5.364171934000012 ], [ 8.827717028, 5.35495524800001 ], [ 8.825460596000028, 5.349197792999973 ], [ 8.822061717, 5.343434840999976 ], [ 8.818684363999978, 5.333075085000019 ], [ 8.816438912000024, 5.325017849 ], [ 8.81305624700002, 5.315806913000017 ], [ 8.809673160999978, 5.306595813 ], [ 8.807432065, 5.297389931 ], [ 8.806322049000016, 5.29048916 ], [ 8.806385044000024, 5.276696191999974 ], [ 8.807563071, 5.268655818000013 ], [ 8.808741619999978, 5.26061486499998 ], [ 8.811071389, 5.250280864999979 ], [ 8.81225489000002, 5.241090736 ], [ 8.813433800999974, 5.233049908999988 ], [ 8.812334057999976, 5.223849841 ], [ 8.811234351999985, 5.214650192000022 ], [ 8.810170949, 5.197402910999983 ], [ 8.807931057000019, 5.188198129999989 ], [ 8.805710600999987, 5.174394147999976 ], [ 8.803474380000011, 5.16403911499998 ], [ 8.801238855, 5.153684139 ], [ 8.797850746, 5.145623229000023 ], [ 8.794463357999973, 5.137560802999985 ], [ 8.791065224000022, 5.131797801 ], [ 8.779702074999989, 5.120252134 ], [ 8.771742970999981, 5.113317994999989 ], [ 8.763783594000017, 5.106386145999977 ], [ 8.755829799000026, 5.098302844999978 ], [ 8.744842259, 5.091834039999981 ], [ 8.736575126999981, 5.082294459000025 ], [ 8.730532445999984, 5.076888565 ], [ 8.726717124, 5.074344646999975 ], [ 8.725127215999976, 5.065758690999985 ], [ 8.720993100999976, 5.059398677 ], [ 8.719987732, 5.053365241999984 ], [ 8.723536433, 5.045724854000014 ], [ 8.724808763999988, 5.04318092 ], [ 8.723219082000014, 5.041273133 ], [ 8.71844876199998, 5.038093049999986 ], [ 8.718131086000028, 5.032687206999981 ], [ 8.715904976, 5.028871031999984 ], [ 8.714632959000028, 5.031732998999985 ], [ 8.712089647000028, 5.031414993 ], [ 8.70731917400002, 5.020921245000011 ], [ 8.704457155, 5.019649516000015 ], [ 8.700323317000027, 5.016787494000027 ], [ 8.696188706999976, 5.014243637999982 ], [ 8.695554011000013, 5.012335300000018 ], [ 8.69396333200001, 5.00724743 ], [ 8.689511316, 5.005021553 ], [ 8.685059579999972, 5.000569860999974 ], [ 8.685377073999973, 4.998343928999986 ], [ 8.689511274999973, 4.997071772000027 ], [ 8.693478758000026, 4.995327 ], [ 8.69714336200002, 4.990394126000012 ], [ 8.698097233, 4.987214111000014 ], [ 8.696188671000016, 4.984988225999984 ], [ 8.693009272999973, 4.986259930000017 ], [ 8.689830031999975, 4.985305806999975 ], [ 8.68728553699998, 4.981490162 ], [ 8.685377209000023, 4.983716005000019 ], [ 8.681243901000016, 4.980217933 ], [ 8.680289233, 4.976402273000019 ], [ 8.679018136000025, 4.971632027 ], [ 8.666934004999973, 4.963682197000026 ], [ 8.666297913999983, 4.958594345999984 ], [ 8.668523782000022, 4.954778678000025 ], [ 8.668842193999978, 4.952234768999972 ], [ 8.660256100000026, 4.944602471999985 ], [ 8.652941584000018, 4.945874673999981 ], [ 8.649444605999975, 4.942376619000015 ], [ 8.64848970700001, 4.935698976000026 ], [ 8.65007949, 4.931882879 ], [ 8.65326024, 4.925840857000026 ], [ 8.65421388599998, 4.920753006999973 ], [ 8.652306388999989, 4.915665121000018 ], [ 8.647217877, 4.910577271000022 ], [ 8.639123055000027, 4.906961884999987 ], [ 8.631636496999988, 4.907715277000023 ], [ 8.624640548, 4.907715364000012 ], [ 8.61891634, 4.903263573 ], [ 8.614464855999984, 4.89626741 ], [ 8.609376676000011, 4.88895366600002 ], [ 8.604671907000011, 4.879857941000012 ], [ 8.604712112000016, 4.878026897999973 ], [ 8.606230579999988, 4.872195934 ], [ 8.609463216, 4.866751244 ], [ 8.61269245699998, 4.863900918000013 ], [ 8.619407622999972, 4.860535286000015 ], [ 8.622766356, 4.857425557 ], [ 8.630650904, 4.846277898999972 ], [ 8.632072689999973, 4.843814689999988 ], [ 8.63220306, 4.842777063000028 ], [ 8.630396323000014, 4.842775234999976 ], [ 8.629637576999983, 4.842951073999984 ], [ 8.626642333, 4.842695032999984 ], [ 8.627413782000019, 4.841091660000018 ], [ 8.627415601999985, 4.840403545000015 ], [ 8.624105524000015, 4.842324280000014 ], [ 8.621054087, 4.842607110000017 ], [ 8.625214541999981, 4.838336437 ], [ 8.626458088999982, 4.836412393999979 ], [ 8.627426222999986, 4.834350088 ], [ 8.627841890000013, 4.832562465000024 ], [ 8.627844976, 4.831186789000014 ], [ 8.628121189000012, 4.83049915700002 ], [ 8.628128036000021, 4.826509972999986 ], [ 8.626895175000016, 4.822930854999981 ], [ 8.625519656999984, 4.821415437999974 ], [ 8.624143466000021, 4.820588133 ], [ 8.621665179, 4.820309190999978 ], [ 8.618770665, 4.82071686 ], [ 8.617393349, 4.820439318000012 ], [ 8.615879826000025, 4.819749312 ], [ 8.613952755000014, 4.818782780999982 ], [ 8.613263957000015, 4.818781848000015 ], [ 8.611750611, 4.817954553 ], [ 8.610098920999974, 4.817126271 ], [ 8.608723512999973, 4.815610439000011 ], [ 8.604458057999977, 4.81299020900002 ], [ 8.603495357999975, 4.812025576 ], [ 8.59923098500002, 4.808991916000025 ], [ 8.597853726999972, 4.808714856 ], [ 8.597027642, 4.808300517000021 ], [ 8.593309412999986, 4.80774446700002 ], [ 8.592207836, 4.807330160999982 ], [ 8.591243808, 4.807603828000026 ], [ 8.588623782000013, 4.808975207 ], [ 8.584346754000023, 4.812819943000022 ], [ 8.582692173, 4.813642459999983 ], [ 8.579793716999973, 4.816526909 ], [ 8.57855222, 4.817488210000022 ], [ 8.576622965000013, 4.818035114999986 ], [ 8.575105534999977, 4.818858109000018 ], [ 8.573865703000024, 4.818856235999988 ], [ 8.572350417999985, 4.819266276 ], [ 8.569044352999981, 4.819122775999972 ], [ 8.567528509, 4.819533851000017 ], [ 8.564359471999978, 4.819528113999979 ], [ 8.561881910000011, 4.818698902 ], [ 8.560780317000024, 4.818284058000017 ], [ 8.559404342999983, 4.817868675 ], [ 8.558921823, 4.817936912 ], [ 8.556927961999975, 4.816076289000023 ], [ 8.555277751, 4.814147956999989 ], [ 8.554452991, 4.813595752000026 ], [ 8.553901726999982, 4.813320181999984 ], [ 8.552937418, 4.81331822300001 ], [ 8.551974348999977, 4.812766545999978 ], [ 8.551423324999973, 4.812765590000026 ], [ 8.550735595, 4.812351724 ], [ 8.549495569999976, 4.812074167999981 ], [ 8.547707764999984, 4.810971242999983 ], [ 8.546607798000025, 4.809730968 ], [ 8.54564682900002, 4.807940443 ], [ 8.543998008000017, 4.805874308 ], [ 8.541109195, 4.803531154999973 ], [ 8.540422200000023, 4.802566554 ], [ 8.538497747, 4.800637742999982 ], [ 8.536438901, 4.796506903000022 ], [ 8.533563816000026, 4.787421723000023 ], [ 8.532669823999981, 4.786113291999982 ], [ 8.53274049700002, 4.785357018000013 ], [ 8.531916506000016, 4.783842580999988 ], [ 8.530821549, 4.780539039000018 ], [ 8.529723355999977, 4.778473415 ], [ 8.528761117999977, 4.777370886000028 ], [ 8.527113922000012, 4.774204241 ], [ 8.525464802999977, 4.772137666999981 ], [ 8.524505869, 4.769797294999989 ], [ 8.523695142, 4.761128867000025 ], [ 8.523704526000017, 4.756038688999979 ], [ 8.523433410999985, 4.753974885 ], [ 8.522886466999978, 4.752185337000014 ], [ 8.521513105999986, 4.749981907 ], [ 8.520690135, 4.747779326 ], [ 8.52014227, 4.745852426999988 ], [ 8.520008022000013, 4.744476290000023 ], [ 8.520296912999981, 4.737185478000015 ], [ 8.520989365, 4.73512314200002 ], [ 8.521268098, 4.733472800000015 ], [ 8.521682915999975, 4.732648378000022 ], [ 8.521683630999974, 4.732097587999988 ], [ 8.52278888, 4.730311407999977 ], [ 8.523204797, 4.729073966999977 ], [ 8.526105684000015, 4.724538829999972 ], [ 8.527488898, 4.721652080000013 ], [ 8.529835939, 4.718904953 ], [ 8.530664377999983, 4.717255589999979 ], [ 8.531635435, 4.713955402000011 ], [ 8.531638279, 4.712166775000014 ], [ 8.531366628, 4.710515494 ], [ 8.530543336999983, 4.708588124000016 ], [ 8.529718455000022, 4.707898645 ], [ 8.527102346999982, 4.707481906 ], [ 8.52407361600001, 4.706650717 ], [ 8.520083591, 4.704167826 ], [ 8.517192833000024, 4.703612306000025 ], [ 8.514712468000027, 4.704296576 ], [ 8.510717570999986, 4.704702399999974 ], [ 8.508511692000013, 4.705661318000011 ], [ 8.50768373, 4.70648524 ], [ 8.504649840000013, 4.708268627999985 ], [ 8.501478041999974, 4.710601798000027 ], [ 8.501337141000022, 4.712527712 ], [ 8.501609975, 4.713628799 ], [ 8.50119569200001, 4.714040752000017 ], [ 8.500507277999986, 4.713901981999982 ], [ 8.499958272000015, 4.713350787000024 ], [ 8.499546783000028, 4.712111959000026 ], [ 8.499552027999982, 4.70949794400002 ], [ 8.500932573999989, 4.70784948 ], [ 8.502035810999985, 4.70716335100002 ], [ 8.503552189, 4.706478077999975 ], [ 8.506307477, 4.705795258000023 ], [ 8.50727353000002, 4.704696204000015 ], [ 8.507965808999984, 4.702771661999975 ], [ 8.508390420000012, 4.697131614 ], [ 8.508946246999983, 4.694243444999984 ], [ 8.508122376000017, 4.693279243 ], [ 8.507158195999978, 4.693002692 ], [ 8.504404317000024, 4.693135246999987 ], [ 8.501509746000011, 4.693818066 ], [ 8.498342718, 4.693537210999978 ], [ 8.49283592, 4.692289822000021 ], [ 8.488983212, 4.690769647000025 ], [ 8.486366128999975, 4.690352465999979 ], [ 8.483474952, 4.690209827999979 ], [ 8.483061640000017, 4.68993379 ], [ 8.480859603, 4.689379662000022 ], [ 8.479895619999979, 4.689377787000012 ], [ 8.479204967999976, 4.690064920999987 ], [ 8.477961522999976, 4.692125816999976 ], [ 8.476167589, 4.693911096000022 ], [ 8.475202808, 4.694459925 ], [ 8.472446244000025, 4.695280559000025 ], [ 8.46900244699998, 4.69554947 ], [ 8.467900524000015, 4.69609785900002 ], [ 8.46514391300002, 4.696918510999978 ], [ 8.463766022000016, 4.697053406 ], [ 8.461698537000018, 4.697875045999979 ], [ 8.457979086000023, 4.698281273000021 ], [ 8.455497632, 4.699652684 ], [ 8.455632193999975, 4.701028366 ], [ 8.458377579, 4.705573069000025 ], [ 8.460019252999984, 4.71149159700002 ], [ 8.460568533000014, 4.712593051 ], [ 8.461388565, 4.715346337000028 ], [ 8.462896554999986, 4.719338398 ], [ 8.463031553, 4.720438958999978 ], [ 8.463990091000028, 4.723467337999978 ], [ 8.465774254, 4.726222029999974 ], [ 8.467012553000018, 4.727462310000021 ], [ 8.468938587000025, 4.728153669 ], [ 8.470729582, 4.728156551999973 ], [ 8.471556925000016, 4.727470412 ], [ 8.471833154000024, 4.726920593999978 ], [ 8.471835263, 4.726232977999985 ], [ 8.472526803, 4.724996068 ], [ 8.473216212000011, 4.724446773000011 ], [ 8.474594238, 4.723898897000026 ], [ 8.474730217, 4.72472478100002 ], [ 8.473349454000015, 4.726785665000023 ], [ 8.473347522999973, 4.7277489 ], [ 8.47623917300001, 4.728166569999985 ], [ 8.479407077000019, 4.727622022 ], [ 8.48119807, 4.727625354 ], [ 8.482988105, 4.727903368999989 ], [ 8.484916828999985, 4.727906729999972 ], [ 8.486155224000015, 4.728322054999978 ], [ 8.488357308, 4.729426366999974 ], [ 8.489731729000027, 4.730667131000018 ], [ 8.49165423300002, 4.733559142999979 ], [ 8.491928347, 4.734522836 ], [ 8.493026596999982, 4.736312848000011 ], [ 8.497836963, 4.741686784000024 ], [ 8.500450849, 4.743067263 ], [ 8.501965723000012, 4.743619906 ], [ 8.504169241999989, 4.74376109100001 ], [ 8.505270715, 4.744038132000014 ], [ 8.506371269999988, 4.744590249999987 ], [ 8.507333539, 4.745555420000017 ], [ 8.508018503000017, 4.747482319000028 ], [ 8.507873575000019, 4.751609299999984 ], [ 8.508147193000013, 4.752160091 ], [ 8.508145335, 4.753123325999979 ], [ 8.508420263, 4.753949162000026 ], [ 8.508005391999973, 4.754773640999986 ], [ 8.507724927000027, 4.757249361 ], [ 8.507031605, 4.759448996 ], [ 8.506202964000011, 4.760686358999976 ], [ 8.503166212, 4.763844985 ], [ 8.50027015400002, 4.76604082 ], [ 8.498199552000017, 4.7681007 ], [ 8.497369540000022, 4.769888406 ], [ 8.49695576, 4.77030041 ], [ 8.496405364, 4.769886500999974 ], [ 8.49640666900001, 4.769336211 ], [ 8.497238192999987, 4.766861466000023 ], [ 8.49985953800001, 4.764114856999981 ], [ 8.501238617000013, 4.763291356000025 ], [ 8.502895207999984, 4.76178074 ], [ 8.503862157000015, 4.760131832000013 ], [ 8.504690451999977, 4.759170499999982 ], [ 8.505797175, 4.756833528000016 ], [ 8.506214081999985, 4.754908064 ], [ 8.505664621, 4.753806606000012 ], [ 8.505670561999978, 4.751055249999979 ], [ 8.505122955, 4.748990575 ], [ 8.503750095999976, 4.746924906 ], [ 8.50278764799998, 4.746097554000016 ], [ 8.497830409000017, 4.74526360599998 ], [ 8.496729114, 4.745261659999983 ], [ 8.494801243999973, 4.744570225000018 ], [ 8.492462075999981, 4.743328082 ], [ 8.490538754999989, 4.74098584799998 ], [ 8.489990485000021, 4.739471922 ], [ 8.487931972000013, 4.735341077999976 ], [ 8.487381997999989, 4.735064981999983 ], [ 8.485045577999983, 4.732722286000012 ], [ 8.483944713000028, 4.732032331000028 ], [ 8.482843484, 4.731617954 ], [ 8.481741659000022, 4.731615555000019 ], [ 8.480638505, 4.732163905 ], [ 8.479810615000019, 4.732850566000025 ], [ 8.478431816000011, 4.73353580600002 ], [ 8.47553818, 4.734080797 ], [ 8.474020850999977, 4.735316243 ], [ 8.47236168, 4.738615058 ], [ 8.471947908, 4.739027479000015 ], [ 8.471532023, 4.740127088 ], [ 8.47111823, 4.740539082 ], [ 8.470841595000024, 4.741364017000024 ], [ 8.469875320000028, 4.742462601999989 ], [ 8.469322262, 4.743562232999977 ], [ 8.468078604000027, 4.74521114700002 ], [ 8.466698722999979, 4.74658396 ], [ 8.466007514000012, 4.747958686 ], [ 8.465041224, 4.749057779 ], [ 8.464902688, 4.749607996 ], [ 8.464212249000013, 4.750431521 ], [ 8.461590768, 4.752765650000015 ], [ 8.461175019, 4.753728403000025 ], [ 8.461170072000016, 4.756341432999989 ], [ 8.46199413, 4.757581690999984 ], [ 8.463918709999973, 4.75937363700001 ], [ 8.464467902000024, 4.760199984 ], [ 8.464466302, 4.761300545999973 ], [ 8.464740967000012, 4.761851315 ], [ 8.466115230000014, 4.763229364999972 ], [ 8.466803524999989, 4.763505473 ], [ 8.46776574, 4.764470597000013 ], [ 8.468451524999978, 4.765709878999985 ], [ 8.469136495999976, 4.767912358 ], [ 8.469548364, 4.768463601 ], [ 8.469684350000023, 4.76928906 ], [ 8.470096593, 4.769977556000015 ], [ 8.470778307999979, 4.77328012800001 ], [ 8.470776353000019, 4.774243343000023 ], [ 8.471461158000011, 4.776582680999979 ], [ 8.471732352, 4.778785202 ], [ 8.472554349, 4.78112508800001 ], [ 8.473103415000026, 4.78167632200001 ], [ 8.475032616000021, 4.781542316000014 ], [ 8.477376997000022, 4.780033103 ], [ 8.47861689299998, 4.77989725499998 ], [ 8.479856416000018, 4.780037428000014 ], [ 8.480957204, 4.780865240000026 ], [ 8.481782720000012, 4.781141718000015 ], [ 8.484670787000027, 4.78362278100002 ], [ 8.484807214999989, 4.784173468 ], [ 8.483428791999984, 4.784446264 ], [ 8.481228681, 4.782516481000016 ], [ 8.480402786000013, 4.782101637999972 ], [ 8.477233861, 4.782646618 ], [ 8.475303479, 4.783606506000012 ], [ 8.47392657, 4.783603669 ], [ 8.471861559999979, 4.782774940000024 ], [ 8.471174389, 4.782085398999982 ], [ 8.470213702000024, 4.780020203 ], [ 8.469257255, 4.776579404000017 ], [ 8.467883949999987, 4.77410080300001 ], [ 8.467889024999977, 4.771761911 ], [ 8.467205021999973, 4.76928424 ], [ 8.465968105, 4.767768844999978 ], [ 8.464318338, 4.766390315000024 ], [ 8.461982870999975, 4.763359560000026 ], [ 8.460610235, 4.760880432000022 ], [ 8.460611242000027, 4.760192888 ], [ 8.459788560999982, 4.758402837 ], [ 8.458277005000014, 4.756749163 ], [ 8.457865018, 4.755923306999989 ], [ 8.457044350999979, 4.753170016000013 ], [ 8.456092712999975, 4.746977820999973 ], [ 8.455133219, 4.74422454 ], [ 8.453070454999988, 4.74243261700002 ], [ 8.451282725, 4.741328716 ], [ 8.450733386000024, 4.740639695000027 ], [ 8.449772922000022, 4.738574517000018 ], [ 8.448673294, 4.737472067999988 ], [ 8.446885029999976, 4.736368163 ], [ 8.445507951000025, 4.736228445999984 ], [ 8.444542669999976, 4.736638995000021 ], [ 8.442477291999978, 4.736635692 ], [ 8.441376858000012, 4.736083029999975 ], [ 8.439585691, 4.735804605 ], [ 8.437934066000025, 4.735801708999986 ], [ 8.437382453999987, 4.735525110000026 ], [ 8.435733570000025, 4.733734154 ], [ 8.434772364000025, 4.732219208 ], [ 8.433122891999972, 4.730840183 ], [ 8.430232760000024, 4.729459287999987 ], [ 8.428305436000016, 4.728905218000023 ], [ 8.425828863, 4.72766256 ], [ 8.423625919000017, 4.727245784 ], [ 8.421009265, 4.72751618 ], [ 8.418390397, 4.728474598999981 ], [ 8.41480852, 4.72874262900001 ], [ 8.412878277, 4.729701983999973 ], [ 8.411083072, 4.731624618000012 ], [ 8.41094424, 4.732312662000027 ], [ 8.410115981999979, 4.733136157999979 ], [ 8.409424918000013, 4.734648272000015 ], [ 8.408173711000018, 4.740148531999978 ], [ 8.406655464999972, 4.741796494000027 ], [ 8.406104103000018, 4.742070695 ], [ 8.404447534999974, 4.743718645 ], [ 8.403757879000011, 4.743992764999973 ], [ 8.402792191, 4.744953642999974 ], [ 8.40210453200001, 4.744677046 ], [ 8.402105425, 4.744126755000025 ], [ 8.402520192, 4.743164568 ], [ 8.404175751000025, 4.74179224400001 ], [ 8.406521070999986, 4.740420814 ], [ 8.407072985000013, 4.739459049 ], [ 8.407491495999977, 4.736845986 ], [ 8.40749427999998, 4.735470307000014 ], [ 8.406945031000021, 4.734781294000015 ], [ 8.404194044, 4.733262517000014 ], [ 8.403643457999976, 4.732711323999979 ], [ 8.402680600999986, 4.732296948999988 ], [ 8.401716298999986, 4.732432843000026 ], [ 8.400058858000023, 4.734631063999984 ], [ 8.395094889, 4.737097272000028 ], [ 8.393990230999975, 4.738471028 ], [ 8.391230427999972, 4.740941971999973 ], [ 8.390953841, 4.741629648000014 ], [ 8.389987001, 4.742590898 ], [ 8.388742289999982, 4.745339882 ], [ 8.388052259, 4.746163839000019 ], [ 8.387636346000022, 4.747125674000017 ], [ 8.385980566, 4.748910868 ], [ 8.385978525999974, 4.749461156 ], [ 8.385425528999974, 4.750698560999979 ], [ 8.385423921999973, 4.751661296 ], [ 8.386246914000026, 4.753038848000017 ], [ 8.388583959000016, 4.755382049 ], [ 8.389269689, 4.756484042000011 ], [ 8.391057293000017, 4.758276013999989 ], [ 8.392570713999987, 4.758966455 ], [ 8.394770654000013, 4.760621045999983 ], [ 8.396007704999988, 4.761861787999976 ], [ 8.396556073, 4.763101087999985 ], [ 8.397518900000023, 4.763927943 ], [ 8.398619904999975, 4.764480608999975 ], [ 8.401923968, 4.76517487000001 ], [ 8.405917186000011, 4.765594996 ], [ 8.407431659999986, 4.766010758999982 ], [ 8.411012675, 4.766154318000019 ], [ 8.412664662, 4.766708332 ], [ 8.414037872, 4.768636720000018 ], [ 8.414034911999977, 4.770149743 ], [ 8.413482854999984, 4.770836826 ], [ 8.412517779999973, 4.771385211 ], [ 8.411687654, 4.772622134000017 ], [ 8.410031323999988, 4.774406954000028 ], [ 8.410029227999985, 4.775370095000028 ], [ 8.410303822, 4.775920831 ], [ 8.411266494000017, 4.776885476000018 ], [ 8.41209195, 4.777162056 ], [ 8.414020376999986, 4.777166366000017 ], [ 8.414710086000014, 4.776892152000016 ], [ 8.416228105000016, 4.775106460000018 ], [ 8.41650603, 4.774281514999984 ], [ 8.417471959000011, 4.773182847999976 ], [ 8.419127517, 4.772222957999986 ], [ 8.41995419, 4.772086651 ], [ 8.420642977, 4.771675578999975 ], [ 8.421745257999987, 4.771815305000018 ], [ 8.42394521, 4.77360769500001 ], [ 8.425596268, 4.774435988999983 ], [ 8.42724983, 4.774026849 ], [ 8.428355254999985, 4.77251528 ], [ 8.429598823999982, 4.770729526000025 ], [ 8.430977725999981, 4.769768724000016 ], [ 8.432080284, 4.769358146 ], [ 8.433733964, 4.769223651 ], [ 8.435797477, 4.770190719000027 ], [ 8.436622666, 4.77101703400001 ], [ 8.436620620999975, 4.771980268 ], [ 8.436204937000014, 4.773217683999974 ], [ 8.435100535, 4.774454086999981 ], [ 8.435237015999974, 4.775279559000012 ], [ 8.436062907, 4.775280968 ], [ 8.437168299, 4.773769871000013 ], [ 8.438685492, 4.772809048999989 ], [ 8.440062361, 4.772811889000025 ], [ 8.441164028, 4.773364076 ], [ 8.440887337, 4.773776522999981 ], [ 8.439508521999983, 4.774323900000013 ], [ 8.43771575400001, 4.775696746 ], [ 8.437850277999985, 4.777072431000022 ], [ 8.437435221999976, 4.777896903 ], [ 8.435066037000013, 4.780080809000026 ], [ 8.434535939999989, 4.781132232 ], [ 8.434534007000025, 4.782019161999983 ], [ 8.436737310000012, 4.782435871000018 ], [ 8.437288441000021, 4.782711469999981 ], [ 8.437700278000023, 4.783262749000016 ], [ 8.437696422999977, 4.785051368999973 ], [ 8.437419031, 4.786288703000025 ], [ 8.437411317999988, 4.789866 ], [ 8.437134, 4.790690407 ], [ 8.436307232, 4.791239271999984 ], [ 8.43437873, 4.791236412999979 ], [ 8.432588848000023, 4.790682302 ], [ 8.430109017, 4.79054023499998 ], [ 8.429283925999982, 4.789988522999977 ], [ 8.429284992000021, 4.789300462000028 ], [ 8.430663259000028, 4.789165493999974 ], [ 8.432589334999989, 4.78999474 ], [ 8.434931850999988, 4.789861683000026 ], [ 8.435622202, 4.78917456 ], [ 8.436729171000025, 4.786287785000013 ], [ 8.436731345999988, 4.785600151999972 ], [ 8.433565208, 4.784631248999972 ], [ 8.432602882000026, 4.783390989 ], [ 8.432605912999975, 4.78215314 ], [ 8.434434952, 4.780263439 ], [ 8.434953786999984, 4.778855799999974 ], [ 8.434955754999976, 4.778305511999974 ], [ 8.433718598999974, 4.776652384999977 ], [ 8.433445157, 4.775688649000017 ], [ 8.433446979, 4.774863687 ], [ 8.434275701999979, 4.773764614000015 ], [ 8.434552866, 4.772664554000016 ], [ 8.434418928000014, 4.771288385999981 ], [ 8.433593531999975, 4.770599393 ], [ 8.432904274, 4.770597488000021 ], [ 8.432077185000026, 4.771008997000024 ], [ 8.430282789999978, 4.77306894100002 ], [ 8.429728356999988, 4.774581435000016 ], [ 8.429175539000028, 4.775405905000014 ], [ 8.428347455999983, 4.776092077999976 ], [ 8.427244856000016, 4.776502588000028 ], [ 8.425179684, 4.776224162 ], [ 8.423804543000017, 4.775120704000017 ], [ 8.422704528, 4.773880497 ], [ 8.421604031000015, 4.773328312999979 ], [ 8.421053046999987, 4.77332738299998 ], [ 8.419535372999974, 4.774562377999985 ], [ 8.418570730999988, 4.774836087999972 ], [ 8.417881146000013, 4.775384926000015 ], [ 8.41732909000001, 4.776071515000012 ], [ 8.417051518, 4.777034307 ], [ 8.416085225000018, 4.777995071000021 ], [ 8.414981834, 4.778543443999979 ], [ 8.412778141, 4.778401851000012 ], [ 8.41085173, 4.77784774600002 ], [ 8.409612568, 4.777157769999974 ], [ 8.408924953, 4.776468739999984 ], [ 8.408651355000018, 4.775642831000027 ], [ 8.40865513, 4.773991555 ], [ 8.408931487000018, 4.773441787000024 ], [ 8.409896792999973, 4.77275608399998 ], [ 8.41238223, 4.770009033 ], [ 8.412521291000019, 4.769184069 ], [ 8.412109507000025, 4.768633411 ], [ 8.411422015000028, 4.768219484999975 ], [ 8.409770025, 4.76766541 ], [ 8.408117355, 4.767524752999975 ], [ 8.40742966800002, 4.767248166 ], [ 8.405363325999986, 4.767382145999989 ], [ 8.403983241, 4.76834298 ], [ 8.402880657000026, 4.768753047000018 ], [ 8.39901649799998, 4.772597788999974 ], [ 8.398873257999981, 4.774936658 ], [ 8.399420758000019, 4.77672528 ], [ 8.400519235, 4.778516272 ], [ 8.401203925, 4.780305876999989 ], [ 8.40189073800002, 4.781132248 ], [ 8.402164672000026, 4.782096433999982 ], [ 8.402850939000018, 4.782922727000027 ], [ 8.403398673000027, 4.784574979000013 ], [ 8.405045751999978, 4.787879956999973 ], [ 8.405181821999975, 4.788567519000026 ], [ 8.406416879, 4.79077103100002 ], [ 8.406827127999975, 4.792284986000027 ], [ 8.407924674000014, 4.794350645 ], [ 8.408745859000021, 4.796966069 ], [ 8.409015699, 4.799443251000014 ], [ 8.410926656000015, 4.80797629 ], [ 8.412843654000028, 4.813482291000014 ], [ 8.413797374000012, 4.818711781 ], [ 8.414201631000026, 4.822977078 ], [ 8.414193152, 4.827241449999974 ], [ 8.413914524, 4.828479335999987 ], [ 8.413768861999984, 4.832743672999982 ], [ 8.413074617, 4.835081100000025 ], [ 8.411525439, 4.839308148999976 ], [ 8.408162318999985, 4.839255218 ], [ 8.404112039999973, 4.839191465 ], [ 8.404390486000011, 4.838091357999986 ], [ 8.406050806999986, 4.834380120999981 ], [ 8.406189907, 4.833554755000023 ], [ 8.407711871, 4.830530625 ], [ 8.409100367, 4.825168153 ], [ 8.409387523000021, 4.819666397999981 ], [ 8.409256090999975, 4.816776719000018 ], [ 8.408982461999983, 4.815950886 ], [ 8.408157124000013, 4.814848908999977 ], [ 8.406644901999982, 4.813608188999979 ], [ 8.405133026999977, 4.81181667300001 ], [ 8.401702742999987, 4.805482389000019 ], [ 8.40088160900001, 4.802866468 ], [ 8.400472821, 4.800802219 ], [ 8.400481907000028, 4.79626224499998 ], [ 8.399938637, 4.79254677 ], [ 8.399951094000016, 4.786632063000013 ], [ 8.398304983, 4.783464411000011 ], [ 8.39624317800002, 4.78112173 ], [ 8.395555699999989, 4.780707792999976 ], [ 8.395004152000013, 4.780706878999979 ], [ 8.39362816, 4.780153744000017 ], [ 8.393078988000013, 4.779740311000012 ], [ 8.392664735999972, 4.780014516 ], [ 8.391700743, 4.779874785 ], [ 8.390324776, 4.779322620000016 ], [ 8.388809029000015, 4.779319303000023 ], [ 8.385781028999986, 4.778213017999974 ], [ 8.383852844999979, 4.778071435000015 ], [ 8.381376321, 4.776691409000023 ], [ 8.378622842000027, 4.775860352 ], [ 8.373526331999983, 4.775850774 ], [ 8.368702623, 4.777079582 ], [ 8.366772876000027, 4.778176315999985 ], [ 8.363598889, 4.780921428999989 ], [ 8.362631636, 4.78202059900002 ], [ 8.36221674, 4.78298231399998 ], [ 8.36221204200001, 4.785046105999982 ], [ 8.364136928999983, 4.787113196 ], [ 8.364134950999983, 4.787938602 ], [ 8.362894730999983, 4.788211314000023 ], [ 8.362482208000017, 4.787797942999987 ], [ 8.361933604, 4.786421301000019 ], [ 8.361384126000019, 4.785870047 ], [ 8.360145363000015, 4.785316953 ], [ 8.357667032999984, 4.785312166999972 ], [ 8.356287720000012, 4.785721771 ], [ 8.354081834, 4.786818505999975 ], [ 8.351598997, 4.788739218999979 ], [ 8.350495478000028, 4.789288026 ], [ 8.348839731, 4.790522074000023 ], [ 8.346495488000016, 4.791618793 ], [ 8.346356598, 4.792581058999986 ], [ 8.347043002000021, 4.79327013 ], [ 8.347731507, 4.793409338 ], [ 8.348281773, 4.793822787000011 ], [ 8.348013203, 4.794357392999984 ], [ 8.344762186000025, 4.795040255 ], [ 8.344255496000017, 4.795412229000021 ], [ 8.343681968999988, 4.795750097999985 ], [ 8.343209253, 4.795986546 ], [ 8.342399084000022, 4.796595141000012 ], [ 8.341334696999979, 4.797565363 ], [ 8.339039727999989, 4.799994911999988 ], [ 8.336693890999982, 4.801916623000011 ], [ 8.335314567000012, 4.802601303000017 ], [ 8.334485981, 4.803425328 ], [ 8.333932673999982, 4.804387554000016 ], [ 8.33406613, 4.80645082 ], [ 8.33461261399998, 4.808653371 ], [ 8.334468758000014, 4.811404674000016 ], [ 8.334191995000026, 4.812091806000012 ], [ 8.334321917000011, 4.815806400999975 ], [ 8.335279645000014, 4.818834332 ], [ 8.335413857, 4.820485578999978 ], [ 8.336645002000012, 4.824064702999976 ], [ 8.337470336000024, 4.824754247999977 ], [ 8.338846145, 4.825445160000015 ], [ 8.34063736600001, 4.825585806999982 ], [ 8.341051893999975, 4.824899216 ], [ 8.340925427, 4.81953383299998 ], [ 8.34134222199998, 4.817883455000015 ], [ 8.342032245999974, 4.817197287 ], [ 8.343686811, 4.816375232999974 ], [ 8.346029526999985, 4.816242246 ], [ 8.347680846, 4.81693317600002 ], [ 8.348368666, 4.817484845000024 ], [ 8.350292035999985, 4.819827103000023 ], [ 8.351252397, 4.821754914999985 ], [ 8.352482973, 4.825747002000014 ], [ 8.353032102999975, 4.826848485000028 ], [ 8.352889103, 4.829186924999988 ], [ 8.354534062000027, 4.832904844999973 ], [ 8.355221922999988, 4.833456056999978 ], [ 8.356322187999979, 4.833870871999977 ], [ 8.360179140000014, 4.834154115 ], [ 8.360867488, 4.834430718000021 ], [ 8.363209028000028, 4.834710137 ], [ 8.364859653999986, 4.835538407 ], [ 8.365821789999984, 4.836503521999987 ], [ 8.366096380999977, 4.837054715000022 ], [ 8.366370166000024, 4.837742809000019 ], [ 8.366368701999988, 4.838593976000027 ], [ 8.364439446, 4.838563503999978 ], [ 8.363480665, 4.836636564 ], [ 8.362104197, 4.83594604000001 ], [ 8.360864768999988, 4.835668065999982 ], [ 8.357282618, 4.835798741000019 ], [ 8.355631045, 4.835520726000027 ], [ 8.354254594999986, 4.834830302 ], [ 8.353292494000016, 4.833865157 ], [ 8.352743111, 4.832901038999978 ], [ 8.352056622000021, 4.832211980000011 ], [ 8.35123375500001, 4.830421891000015 ], [ 8.350687224000012, 4.82849502 ], [ 8.350007061999975, 4.824228736 ], [ 8.348773931999972, 4.821062598000026 ], [ 8.347399809000024, 4.819408935000013 ], [ 8.345474258000024, 4.818304548000015 ], [ 8.344509139000024, 4.818440437 ], [ 8.343543101000023, 4.819401286000016 ], [ 8.343539097000019, 4.821327177 ], [ 8.343947650000018, 4.823666532 ], [ 8.343941805999975, 4.826005419000012 ], [ 8.343526794000013, 4.826967277999984 ], [ 8.342836201000011, 4.827653872999974 ], [ 8.341733922, 4.828064457999972 ], [ 8.339667479000013, 4.82806066500001 ], [ 8.338566925, 4.827507953 ], [ 8.338015308000024, 4.827507024999989 ], [ 8.336502221999979, 4.826540964 ], [ 8.331272867, 4.824054255000021 ], [ 8.32728017300002, 4.823358493 ], [ 8.326177821999977, 4.82349395 ], [ 8.324108834000015, 4.824589775 ], [ 8.323004454, 4.825825689 ], [ 8.322865676, 4.826375945 ], [ 8.316238334, 4.833103683 ], [ 8.315411784, 4.833376897 ], [ 8.313755738999987, 4.834611895000023 ], [ 8.312928887, 4.834747332 ], [ 8.312514258000022, 4.835158846000013 ], [ 8.311549948999982, 4.835432068999978 ], [ 8.310584313, 4.83611821400001 ], [ 8.309876210000027, 4.837699849999979 ], [ 8.27748227, 4.837187105999988 ], [ 8.268738649999989, 4.829077246 ], [ 8.265699403999974, 4.82625817600001 ], [ 8.265151950000018, 4.824743766999973 ], [ 8.263364616, 4.82295175500002 ], [ 8.26209383600002, 4.822949185000027 ], [ 8.252440406, 4.814089406 ], [ 8.254191316, 4.813822339000012 ], [ 8.256189939000024, 4.812572346000024 ], [ 8.25768975, 4.811070579999978 ], [ 8.260192166000024, 4.807564328000012 ], [ 8.260946063, 4.804806956999983 ], [ 8.263203796000028, 4.798792086 ], [ 8.266207786999985, 4.793781925000019 ], [ 8.268710501999976, 4.790024813 ], [ 8.270710419000011, 4.788022321000028 ], [ 8.273708778000014, 4.785771064000016 ], [ 8.275458042000025, 4.78426964800002 ], [ 8.276560652, 4.783089543000017 ], [ 8.280540217, 4.781029656999976 ], [ 8.28391123199998, 4.779630167 ], [ 8.288122870999985, 4.77788159 ], [ 8.291017394999983, 4.777199743999972 ], [ 8.291569423999988, 4.776650895999978 ], [ 8.292123081, 4.775551314999973 ], [ 8.292265875999988, 4.773212412000021 ], [ 8.292679905999989, 4.7728009 ], [ 8.296814035000011, 4.772121412 ], [ 8.298330248000013, 4.771574487 ], [ 8.29943350100001, 4.770888824 ], [ 8.299986062000016, 4.770339464000017 ], [ 8.300263119000022, 4.769515031000026 ], [ 8.300404551999975, 4.767864724 ], [ 8.310204713000019, 4.75839234 ], [ 8.311033510000016, 4.757431022999981 ], [ 8.312001509000027, 4.755369197 ], [ 8.312969355, 4.753995412999984 ], [ 8.31642075000002, 4.750288022 ], [ 8.317527007000024, 4.748227144 ], [ 8.317530891999979, 4.746438522 ], [ 8.316708324, 4.744373325000026 ], [ 8.315609885000015, 4.743133073000024 ], [ 8.314101087999973, 4.740378868 ], [ 8.313279852, 4.73762560199998 ], [ 8.313150169999972, 4.733911064999972 ], [ 8.314120261000028, 4.731299424999975 ], [ 8.314262426000028, 4.729511284000012 ], [ 8.314677408000023, 4.728548975000024 ], [ 8.315096816999983, 4.725798617 ], [ 8.315373296000018, 4.725248844000021 ], [ 8.315100457000028, 4.724147839000011 ], [ 8.314275646, 4.723320951 ], [ 8.313586970000017, 4.723044405999985 ], [ 8.312833145000013, 4.723042928999973 ], [ 8.311797182000021, 4.723315722 ], [ 8.310693798999978, 4.723863558 ], [ 8.30986509600001, 4.724824877 ], [ 8.309169931999975, 4.727712608 ], [ 8.307646533000025, 4.731286050999984 ], [ 8.30620123, 4.733684601 ], [ 8.305298945, 4.73458337400001 ], [ 8.304743504999976, 4.736095401 ], [ 8.303776831999983, 4.737743857999988 ], [ 8.303498522999973, 4.739256838000017 ], [ 8.302666800999987, 4.741180927000016 ], [ 8.301971599000012, 4.744343762000028 ], [ 8.301418018, 4.745443341 ], [ 8.3010046, 4.745854864000023 ], [ 8.300176557999976, 4.746128097 ], [ 8.298799235999979, 4.746125727 ], [ 8.297973382, 4.745849110999984 ], [ 8.297424061000015, 4.745296982000013 ], [ 8.296874188, 4.744745704000024 ], [ 8.297564755999986, 4.744334664 ], [ 8.29990584, 4.743927000999975 ], [ 8.300458118, 4.743515042000013 ], [ 8.301987614999973, 4.73677777 ], [ 8.303231123999979, 4.73499152 ], [ 8.303631129, 4.733638788 ], [ 8.304340352, 4.731967449000024 ], [ 8.305447711, 4.729630934999989 ], [ 8.305999648000011, 4.729082139000013 ], [ 8.306553138000027, 4.727707359000021 ], [ 8.306832255000018, 4.726057030999982 ], [ 8.307937718, 4.724408627 ], [ 8.308630006999977, 4.72275923 ], [ 8.309872349999978, 4.721248628000012 ], [ 8.312768737, 4.71960352100001 ], [ 8.313321218999988, 4.719054216000018 ], [ 8.312497194, 4.717814453000017 ], [ 8.310985398000014, 4.716435929999989 ], [ 8.310160651, 4.715883725000026 ], [ 8.309056994, 4.716294283000025 ], [ 8.307262176999984, 4.718354272999989 ], [ 8.306434495000019, 4.71876527500001 ], [ 8.305745883999975, 4.718763833000025 ], [ 8.305196903000024, 4.718349914999976 ], [ 8.304369756000028, 4.718485811999983 ], [ 8.303544723000016, 4.717796319 ], [ 8.302856634000022, 4.717520256 ], [ 8.301345920000017, 4.715590975999987 ], [ 8.297076311000012, 4.715719684000021 ], [ 8.29625024500001, 4.715580948000024 ], [ 8.295289922999984, 4.713927732 ], [ 8.295293607000019, 4.712001779 ], [ 8.295848760000013, 4.71035242 ], [ 8.295712353, 4.709664313000019 ], [ 8.295299731, 4.709388267 ], [ 8.294058932999974, 4.710073486 ], [ 8.293370074999984, 4.710209849000023 ], [ 8.290611134000017, 4.711992267000028 ], [ 8.288131926, 4.712124851 ], [ 8.287305568000022, 4.711847766 ], [ 8.28634449499998, 4.710607971 ], [ 8.28565620400002, 4.710744395 ], [ 8.285240844999976, 4.711293723999972 ], [ 8.284851893999985, 4.713591103999988 ], [ 8.284519455, 4.714283443 ], [ 8.283497835, 4.714986797999984 ], [ 8.283164839999984, 4.715679153 ], [ 8.279753745, 4.717451094000012 ], [ 8.278023677000022, 4.716791182 ], [ 8.27767469600002, 4.716452587 ], [ 8.277686279000022, 4.715993382000022 ], [ 8.27835174, 4.715754491999974 ], [ 8.279044189999979, 4.716087357999982 ], [ 8.280420322999987, 4.716065909 ], [ 8.281445222, 4.715706343000022 ], [ 8.283476893999989, 4.713612571999988 ], [ 8.28414842, 4.712571181999976 ], [ 8.284098659999984, 4.710699093000017 ], [ 8.283729731, 4.709914645000026 ], [ 8.28373351099998, 4.708263867000028 ], [ 8.284422903, 4.707852831000025 ], [ 8.285249766, 4.707854750000024 ], [ 8.286486519, 4.708682566999983 ], [ 8.287588029, 4.70909737300002 ], [ 8.288548591, 4.710887882 ], [ 8.288960658, 4.711163508000027 ], [ 8.290614088999973, 4.71075435900002 ], [ 8.292132503, 4.709519398999987 ], [ 8.292683636999982, 4.709382974999983 ], [ 8.293373286000019, 4.708834169 ], [ 8.294751258000019, 4.708424115000014 ], [ 8.296403882, 4.708427458000017 ], [ 8.296953961999975, 4.708841318 ], [ 8.297228094, 4.709529894000013 ], [ 8.296671878999973, 4.711729546000015 ], [ 8.296669252000015, 4.713105227000028 ], [ 8.296943649000013, 4.713655975 ], [ 8.298870911, 4.713797591 ], [ 8.299835463000022, 4.713524345999986 ], [ 8.301213233, 4.713527194 ], [ 8.302862934000018, 4.714493722999975 ], [ 8.304512241999987, 4.716560329 ], [ 8.306164884, 4.716563683 ], [ 8.307267126999989, 4.716015785000025 ], [ 8.309337675999984, 4.714093682999987 ], [ 8.310440221000022, 4.713683102 ], [ 8.314429193000024, 4.71603011000002 ], [ 8.315944678999983, 4.716032958000028 ], [ 8.31691005, 4.71562245299998 ], [ 8.31773735500002, 4.714798481 ], [ 8.320639855000024, 4.710402026999986 ], [ 8.322019575000013, 4.709029208 ], [ 8.322570697, 4.708892811999988 ], [ 8.323398525000016, 4.708069309999985 ], [ 8.323813187999974, 4.707244409 ], [ 8.32381557399998, 4.706556775000024 ], [ 8.324231008000027, 4.705319428999985 ], [ 8.32437231, 4.703668608999976 ], [ 8.32425234599998, 4.695827034 ], [ 8.325496567000016, 4.693215888 ], [ 8.32550252599998, 4.690877398999987 ], [ 8.324817817, 4.689087369 ], [ 8.324820338999984, 4.687711687999979 ], [ 8.3253745, 4.686199682 ], [ 8.32537864699998, 4.684548829 ], [ 8.324694894, 4.681933406999974 ], [ 8.324697230000027, 4.680970671000011 ], [ 8.324974968999982, 4.680008371999975 ], [ 8.324979069999983, 4.678082492999977 ], [ 8.324434397, 4.675330184000018 ], [ 8.324582378, 4.670652846 ], [ 8.324451483000018, 4.66693736000002 ], [ 8.324456388999977, 4.664875042 ], [ 8.324182240000027, 4.664186486 ], [ 8.323358367000026, 4.663221865000025 ], [ 8.32225803, 4.662531845999979 ], [ 8.320469176000017, 4.66184044900001 ], [ 8.319780120000019, 4.661839032999978 ], [ 8.318542389000015, 4.661286352 ], [ 8.317440773999976, 4.661283937 ], [ 8.316474780000021, 4.662107446 ], [ 8.316059070999984, 4.663207530000022 ], [ 8.316056006, 4.664858311999978 ], [ 8.315499161999981, 4.667195842000012 ], [ 8.315634568, 4.668434139999988 ], [ 8.3152207, 4.668846105 ], [ 8.314664713000013, 4.671320889000015 ], [ 8.313003691, 4.675307251999982 ], [ 8.310931321, 4.678329459999986 ], [ 8.30803318300002, 4.681075116999978 ], [ 8.304861099999982, 4.682719736000024 ], [ 8.301276944, 4.684088195000015 ], [ 8.297417691000021, 4.685868702 ], [ 8.293696579000027, 4.687098994999985 ], [ 8.285428847999981, 4.689146049999977 ], [ 8.282672704999982, 4.689552803000026 ], [ 8.280883022000012, 4.689548996999974 ], [ 8.276752472, 4.688852755000028 ], [ 8.269458703, 4.686361799999986 ], [ 8.263952513, 4.685524971 ], [ 8.259961153, 4.684141142999977 ], [ 8.257072314000027, 4.682621953000023 ], [ 8.255009745, 4.681379326000012 ], [ 8.251847200999975, 4.679034214000012 ], [ 8.247448738, 4.675035439999988 ], [ 8.246213873999977, 4.673382322 ], [ 8.245117323999978, 4.671178823 ], [ 8.24484529199998, 4.669527545 ], [ 8.243337902, 4.666223044999981 ], [ 8.241827136999973, 4.664293793000013 ], [ 8.239349350999987, 4.663875605999976 ], [ 8.237145288000022, 4.664008621999983 ], [ 8.228739459, 4.66632983300002 ], [ 8.226395649999972, 4.667425153000011 ], [ 8.225154014999987, 4.668522806 ], [ 8.22487283800001, 4.670998538 ], [ 8.2251465, 4.671824459 ], [ 8.226382386000012, 4.67347815 ], [ 8.226792607, 4.674854283 ], [ 8.227341430000024, 4.675543291 ], [ 8.227337966999983, 4.677194145999977 ], [ 8.227748796000014, 4.678020484 ], [ 8.227880745, 4.680497167999988 ], [ 8.228292701999976, 4.681323082 ], [ 8.228290402000027, 4.682148472 ], [ 8.227601284, 4.682422185 ], [ 8.226639069999976, 4.681594824 ], [ 8.226087382, 4.681731203000027 ], [ 8.225259965000021, 4.682554690000018 ], [ 8.22484509200001, 4.683379219000017 ], [ 8.224842232000015, 4.684204607000026 ], [ 8.224428242999977, 4.684616525000024 ], [ 8.223597373000018, 4.686540587000025 ], [ 8.222906801000022, 4.687227236000012 ], [ 8.222356518000026, 4.68722584 ], [ 8.222082852000028, 4.686399935999987 ], [ 8.222085728000025, 4.68529937400001 ], [ 8.222639174999983, 4.68406249200001 ], [ 8.222641778000025, 4.683099758000026 ], [ 8.22195439799998, 4.682547590000013 ], [ 8.221128433, 4.682408829999986 ], [ 8.220854756999984, 4.681582424999988 ], [ 8.221682741, 4.681034124 ], [ 8.224990901000012, 4.679802909999978 ], [ 8.225680602000011, 4.678978909000023 ], [ 8.225823483, 4.677053453999974 ], [ 8.224449903999982, 4.675124626000013 ], [ 8.22335432, 4.672783864 ], [ 8.223217799999986, 4.671957975 ], [ 8.222806117, 4.671544575999974 ], [ 8.222117315999981, 4.671405333 ], [ 8.221153367999989, 4.671678523000026 ], [ 8.220462839, 4.672364741000024 ], [ 8.219911715000023, 4.67250113 ], [ 8.219359181000016, 4.673050444000012 ], [ 8.218666000999974, 4.674974920000011 ], [ 8.21838591300002, 4.677175049000027 ], [ 8.217692446, 4.67923736900002 ], [ 8.217002123999976, 4.680336453999985 ], [ 8.216585252000016, 4.681573416999981 ], [ 8.216171239, 4.681985399999974 ], [ 8.215760156999977, 4.681296800999974 ], [ 8.21534735, 4.68088290999998 ], [ 8.213691636000021, 4.682117458999983 ], [ 8.212450795, 4.68280269600001 ], [ 8.210522882000021, 4.682798375 ], [ 8.209973489, 4.682384533 ], [ 8.211215216000028, 4.681286785 ], [ 8.212178919999985, 4.681151394999972 ], [ 8.21424947600002, 4.67936751000002 ], [ 8.214803785000015, 4.677992814 ], [ 8.214944999000011, 4.676617653 ], [ 8.215221572000019, 4.676067806999981 ], [ 8.215087106, 4.674554354 ], [ 8.212334745000021, 4.673723224000014 ], [ 8.208616149000022, 4.67371510800001 ], [ 8.20664108, 4.673179317 ], [ 8.205037892, 4.672744281 ], [ 8.204073971000014, 4.672742325 ], [ 8.203107672999977, 4.673565884000027 ], [ 8.202691910999988, 4.674527658999978 ], [ 8.202964925, 4.675903796 ], [ 8.202687148, 4.67672871100001 ], [ 8.202135135, 4.677277592999985 ], [ 8.201446601999976, 4.67727664 ], [ 8.201173588000017, 4.676175121000028 ], [ 8.20034705, 4.676311006 ], [ 8.199657623, 4.676722069 ], [ 8.198831682, 4.676582778000011 ], [ 8.198833477, 4.675757386999976 ], [ 8.199524053, 4.675071264999985 ], [ 8.200488340999982, 4.674660658 ], [ 8.200972486000012, 4.674042697 ], [ 8.202006066000024, 4.673288372 ], [ 8.202147325999988, 4.671912642 ], [ 8.201462934, 4.670260910000025 ], [ 8.201055753, 4.66778376000002 ], [ 8.200370822000025, 4.666131469999982 ], [ 8.200375828, 4.664342846000011 ], [ 8.200857983999981, 4.663862728000026 ], [ 8.202019404, 4.664537838 ], [ 8.202373068999975, 4.665253033 ], [ 8.204933972, 4.666732088 ], [ 8.205313698, 4.669175113999984 ], [ 8.205995597000026, 4.670939808000014 ], [ 8.210413070000016, 4.670830212 ], [ 8.212342098000022, 4.67028424199998 ], [ 8.213995120999982, 4.670287609000013 ], [ 8.214684243000022, 4.669738726999981 ], [ 8.215373038, 4.669877983999982 ], [ 8.217853694999974, 4.669470296999975 ], [ 8.222126283000023, 4.667691256000012 ], [ 8.222542014999988, 4.666453858000011 ], [ 8.221168743000021, 4.664937982000026 ], [ 8.221169353999983, 4.664387690000012 ], [ 8.221721581, 4.663976201000025 ], [ 8.222685787999978, 4.663840784 ], [ 8.223649125, 4.664117808000015 ], [ 8.224474161999979, 4.664669489 ], [ 8.225989164999987, 4.664810687 ], [ 8.226815956999985, 4.664536915999975 ], [ 8.227920439, 4.66343882000001 ], [ 8.227783316, 4.662888532000011 ], [ 8.227095678000012, 4.662474127 ], [ 8.226547445999984, 4.661785119 ], [ 8.22475909100001, 4.660680749 ], [ 8.223658366, 4.660265956999979 ], [ 8.222421374000021, 4.659163029000013 ], [ 8.221870318000015, 4.659023801999979 ], [ 8.22145662600002, 4.659298444 ], [ 8.220768991, 4.659159202000012 ], [ 8.220633336, 4.657920847000014 ], [ 8.221326735, 4.65613414 ], [ 8.221746497000026, 4.653245887000026 ], [ 8.223059402, 4.651116855 ], [ 8.224371135000013, 4.649537109 ], [ 8.224786812, 4.648575327 ], [ 8.224925957999972, 4.647887704000027 ], [ 8.224794331, 4.645273670999984 ], [ 8.225346550999973, 4.644587021 ], [ 8.22562625, 4.643074506 ], [ 8.225492603000021, 4.641148109000028 ], [ 8.226318193, 4.641150013000015 ], [ 8.227279716, 4.642528094 ], [ 8.228236978999973, 4.645143505000021 ], [ 8.228646022000021, 4.64707040899998 ], [ 8.228643429999977, 4.648308263999979 ], [ 8.227812087000018, 4.650507437999977 ], [ 8.225946691, 4.653461486000026 ], [ 8.225049196999976, 4.654490918000022 ], [ 8.224218117000021, 4.656277636000027 ], [ 8.224213508, 4.658203609 ], [ 8.224488307, 4.658754838999982 ], [ 8.226000694, 4.659858198 ], [ 8.228201618000014, 4.660413291 ], [ 8.228890379, 4.660827142000016 ], [ 8.232470568, 4.661109951000014 ], [ 8.233021672, 4.660698442000012 ], [ 8.233434763999981, 4.660974486999976 ], [ 8.23453693, 4.660701777999975 ], [ 8.236601596000014, 4.660843382999985 ], [ 8.238392831999988, 4.660572012999978 ], [ 8.241284254999982, 4.660715616 ], [ 8.243210928, 4.661545294 ], [ 8.244585105999988, 4.66264866 ], [ 8.245273618, 4.662925261999987 ], [ 8.248156639, 4.666645543000016 ], [ 8.249116058000027, 4.668848528000012 ], [ 8.251447790999975, 4.672842968 ], [ 8.255569482999988, 4.677253705999988 ], [ 8.25618958299998, 4.677461122000011 ], [ 8.257631474999982, 4.679046196 ], [ 8.259969463, 4.680564393 ], [ 8.260932852999986, 4.680841449000013 ], [ 8.263412431, 4.680708847 ], [ 8.263825543999985, 4.680434729000012 ], [ 8.263972350000017, 4.676445460000025 ], [ 8.264387955000018, 4.675483207000013 ], [ 8.265561338999987, 4.674179042 ], [ 8.266872423, 4.672874891999982 ], [ 8.266737725999974, 4.671361456999989 ], [ 8.266879017, 4.66984843 ], [ 8.267430375, 4.669574716999989 ], [ 8.268532565999976, 4.669576654000025 ], [ 8.271426256999973, 4.668894739 ], [ 8.272115860999975, 4.668345897999984 ], [ 8.272531435000019, 4.667383654 ], [ 8.273083897999982, 4.666834815000016 ], [ 8.273771297999986, 4.667111361000025 ], [ 8.273356299, 4.668073199999981 ], [ 8.27335437, 4.668761260999986 ], [ 8.272111774, 4.670134523 ], [ 8.271146752, 4.670682887 ], [ 8.269356881000022, 4.670541325999977 ], [ 8.26866726999998, 4.671090161999985 ], [ 8.268386905999989, 4.673015561 ], [ 8.268110396, 4.673565372999974 ], [ 8.26617702599998, 4.676037312 ], [ 8.265622887, 4.677136913000027 ], [ 8.265755662, 4.679613157 ], [ 8.266166585, 4.680714626999986 ], [ 8.266852653, 4.681679229999986 ], [ 8.267952967999975, 4.682644405000019 ], [ 8.269329207999988, 4.682784568999978 ], [ 8.269879511, 4.683061144000021 ], [ 8.273460209, 4.682930956 ], [ 8.274974746, 4.683346771 ], [ 8.279106276, 4.683217494000019 ], [ 8.284618167000019, 4.681990649 ], [ 8.287372329999982, 4.68199634299998 ], [ 8.291645319, 4.680491921 ], [ 8.292334650999976, 4.680080388000022 ], [ 8.293852601000026, 4.678432897999983 ], [ 8.294680452000023, 4.677884080000013 ], [ 8.297435942999982, 4.677476883 ], [ 8.298263476999978, 4.676790708999988 ], [ 8.29826566700001, 4.676240494000012 ], [ 8.297853296000028, 4.675551929999983 ], [ 8.293043149000027, 4.671139762 ], [ 8.291392585999972, 4.670448786 ], [ 8.289463899999987, 4.670582302000014 ], [ 8.288225078999972, 4.670029664000026 ], [ 8.287536561000024, 4.670028170000023 ], [ 8.285885709000013, 4.669199470000024 ], [ 8.285061657000028, 4.668372609000016 ], [ 8.284377971000026, 4.666170110999985 ], [ 8.284381712000027, 4.664244156 ], [ 8.284796449, 4.66369487999998 ], [ 8.287278298, 4.662323927999978 ], [ 8.288796218000016, 4.660951633000025 ], [ 8.28893661799998, 4.659851042000014 ], [ 8.288112540999975, 4.65874906800002 ], [ 8.286462006000022, 4.657782542 ], [ 8.285910375000014, 4.657919364 ], [ 8.28425395, 4.659704192 ], [ 8.28356168900001, 4.66135361900001 ], [ 8.282458197999972, 4.662314391 ], [ 8.281631184999981, 4.662725430000023 ], [ 8.279152004000025, 4.662720181 ], [ 8.277224734000015, 4.662441243999979 ], [ 8.275437346999979, 4.661336902000016 ], [ 8.274063856999987, 4.659270785 ], [ 8.273932428000023, 4.656656715999986 ], [ 8.274208898999973, 4.656106973000021 ], [ 8.275450917, 4.655008802999987 ], [ 8.279170939999972, 4.654190992999986 ], [ 8.279723091, 4.653504388999977 ], [ 8.27972687099998, 4.651853534 ], [ 8.278902841, 4.650751113000013 ], [ 8.277802636999979, 4.650336283 ], [ 8.276838473, 4.650197022999976 ], [ 8.275324110999975, 4.650331490999974 ], [ 8.273396608999974, 4.649914702999979 ], [ 8.272707857, 4.650050600999975 ], [ 8.270506076, 4.649358299000028 ], [ 8.269681805, 4.648393629 ], [ 8.269684805, 4.646880601000021 ], [ 8.270237242, 4.646331358 ], [ 8.27119809300001, 4.64757155 ], [ 8.272435174, 4.648674517000018 ], [ 8.275052259, 4.648817507 ], [ 8.276980536999986, 4.648546238999984 ], [ 8.278631244, 4.649099787000011 ], [ 8.280008201999976, 4.649102733 ], [ 8.280971577, 4.649654837000014 ], [ 8.281795309000017, 4.650619499000015 ], [ 8.281930864, 4.651720539 ], [ 8.281512078, 4.654058420000013 ], [ 8.281097397, 4.655158041 ], [ 8.280130515999986, 4.656118871 ], [ 8.279304605, 4.656254789 ], [ 8.278478666000012, 4.655840429000023 ], [ 8.27682712, 4.655699234 ], [ 8.275447117999988, 4.65665958400001 ], [ 8.275305867999975, 4.658172615000012 ], [ 8.275579380000011, 4.65913632500002 ], [ 8.275853133999988, 4.659687016000021 ], [ 8.276540551999972, 4.660238731 ], [ 8.278605546, 4.660793340999987 ], [ 8.280533917000014, 4.660797155000012 ], [ 8.282049141000016, 4.660524821000024 ], [ 8.282738714, 4.65997603400001 ], [ 8.283846794999988, 4.657227062 ], [ 8.284813117, 4.656266218999974 ], [ 8.285501591000013, 4.655992524999988 ], [ 8.286465469, 4.655994415 ], [ 8.288530476, 4.656823643999985 ], [ 8.290178565000019, 4.65847779500001 ], [ 8.290727504000017, 4.659441956000023 ], [ 8.290585274000023, 4.661505192 ], [ 8.289894874000026, 4.662191913000015 ], [ 8.286586826000018, 4.663560415 ], [ 8.28548226700002, 4.664796813 ], [ 8.285479296, 4.666034722 ], [ 8.285889442999974, 4.667273514999977 ], [ 8.286577443, 4.667825212000025 ], [ 8.287128554999981, 4.667963988999986 ], [ 8.291810732999977, 4.667836201 ], [ 8.292911558000014, 4.668250581999985 ], [ 8.294423923000011, 4.669491780999977 ], [ 8.295248306000019, 4.670456394999974 ], [ 8.29648606, 4.671284680999975 ], [ 8.298271461000013, 4.673489056999983 ], [ 8.29895891000001, 4.673765629 ], [ 8.299921004999987, 4.674730292999982 ], [ 8.300194853999983, 4.675556638999979 ], [ 8.300191641000026, 4.676657201000012 ], [ 8.299637632999975, 4.678031896999983 ], [ 8.295778153000015, 4.679949787999988 ], [ 8.295363678, 4.680361730000016 ], [ 8.295500074000017, 4.681049836999989 ], [ 8.297291888000018, 4.680503355999974 ], [ 8.298119448000023, 4.679817182000022 ], [ 8.301703542999974, 4.678173561 ], [ 8.302945276, 4.677212699 ], [ 8.304324209000015, 4.676527992 ], [ 8.306253699000024, 4.675981525999987 ], [ 8.308045419, 4.675159466000025 ], [ 8.309563849000028, 4.673511986 ], [ 8.310117795, 4.672137275000011 ], [ 8.310120720999976, 4.671174539999981 ], [ 8.309847128, 4.67021087400002 ], [ 8.30985232, 4.667734610000025 ], [ 8.309577956999988, 4.66718389 ], [ 8.309582947000024, 4.665120571999978 ], [ 8.309175247999974, 4.662230468000018 ], [ 8.309181272999979, 4.659616950999975 ], [ 8.309735217000025, 4.658242239 ], [ 8.311530299000026, 4.656182328 ], [ 8.311944928, 4.655357847 ], [ 8.312495975, 4.655220985000028 ], [ 8.315116900000021, 4.653025118000016 ], [ 8.316634228, 4.652203074 ], [ 8.319118784000011, 4.649869446000025 ], [ 8.320082856, 4.649458448000019 ], [ 8.32166931, 4.648017397 ], [ 8.322289351, 4.647949674000017 ], [ 8.324358175999976, 4.646715657000016 ], [ 8.327393621, 4.643969991 ], [ 8.327944893999984, 4.643696315999989 ], [ 8.328399768, 4.642972640999972 ], [ 8.328516416000014, 4.642184483 ], [ 8.328638178, 4.641359314 ], [ 8.326528648000021, 4.638136925000026 ], [ 8.32548118699998, 4.636537536999981 ], [ 8.324657672, 4.635710745999972 ], [ 8.323422182, 4.633369468000012 ], [ 8.322186628999987, 4.631991835 ], [ 8.32108867, 4.630063531000019 ], [ 8.320401241000013, 4.629511825 ], [ 8.31889510000002, 4.625244118000012 ], [ 8.318414631999985, 4.624624270000027 ], [ 8.318217313, 4.62070320700002 ], [ 8.318632923, 4.619328519000021 ], [ 8.318920148000018, 4.613826319 ], [ 8.318370694, 4.613137224000013 ], [ 8.316856439, 4.61299655900001 ], [ 8.315478591999977, 4.613543970000023 ], [ 8.314101196000024, 4.613541601 ], [ 8.313550981999981, 4.613265018999982 ], [ 8.310796761, 4.613259818000017 ], [ 8.31010912, 4.61284593900001 ], [ 8.307911164000018, 4.610502708000013 ], [ 8.306946833999973, 4.610500801 ], [ 8.306394851, 4.611462621999976 ], [ 8.306523592000019, 4.615314963 ], [ 8.305968371, 4.617102171999989 ], [ 8.304312746999983, 4.618611846000022 ], [ 8.302522577, 4.618745823999973 ], [ 8.301696988, 4.618469216 ], [ 8.300734465, 4.617504127000018 ], [ 8.29991128, 4.616264351999973 ], [ 8.298811941999986, 4.615437046000011 ], [ 8.29812347799998, 4.615160471000024 ], [ 8.296333342000025, 4.61529442 ], [ 8.295782304999989, 4.615155674999983 ], [ 8.294408678000025, 4.613777605 ], [ 8.293997729000012, 4.612675664999983 ], [ 8.294000407, 4.611575599 ], [ 8.294827248, 4.610889413 ], [ 8.298544688, 4.61117171 ], [ 8.297858947, 4.610069744999976 ], [ 8.295520725000017, 4.608827091000023 ], [ 8.294282153999973, 4.608824692999974 ], [ 8.293041115, 4.609234808 ], [ 8.291526885, 4.609094168000013 ], [ 8.290839010000013, 4.60881758 ], [ 8.289326905, 4.607576864 ], [ 8.288501617, 4.607162027000015 ], [ 8.287262231999989, 4.607297432 ], [ 8.285744490000013, 4.608394622 ], [ 8.286286091000022, 4.612522585000022 ], [ 8.285734336000019, 4.613347047 ], [ 8.285183039, 4.613346112999977 ], [ 8.284776728999987, 4.610456461000012 ], [ 8.284228394000024, 4.609217171000012 ], [ 8.284231335000015, 4.607703658999981 ], [ 8.28588701000001, 4.606194019999975 ], [ 8.287264607999987, 4.605783918999975 ], [ 8.288780210000027, 4.605787308 ], [ 8.29194260700001, 4.607994554000015 ], [ 8.29648659999998, 4.607728462000011 ], [ 8.298550787000011, 4.60855819 ], [ 8.300199275000011, 4.610212354999987 ], [ 8.300335161000021, 4.611450680000019 ], [ 8.299368688000015, 4.612274142999979 ], [ 8.297303457, 4.612269887000025 ], [ 8.296064275999981, 4.611992320000013 ], [ 8.295511948000012, 4.612541194000016 ], [ 8.295511492, 4.613367069999981 ], [ 8.298127195, 4.613509689000011 ], [ 8.299227572, 4.613787184999978 ], [ 8.300878806000014, 4.614891076 ], [ 8.301426876999983, 4.615992568000024 ], [ 8.30238910700001, 4.616819882000016 ], [ 8.303766516999985, 4.616822238999987 ], [ 8.304318286000012, 4.616273426000021 ], [ 8.304457531000025, 4.615448500000014 ], [ 8.304328242, 4.611596102000021 ], [ 8.306398425, 4.609261489 ], [ 8.30709338600002, 4.606373809 ], [ 8.307375047999983, 4.603623390999985 ], [ 8.308489839, 4.597710099999972 ], [ 8.308493453999972, 4.595784214 ], [ 8.307674204000023, 4.592756251000026 ], [ 8.305338654000025, 4.590137492999986 ], [ 8.304653191, 4.588898194000024 ], [ 8.302317685999981, 4.586279416000025 ], [ 8.301219996999976, 4.584626651 ], [ 8.299982211999975, 4.583661568000025 ], [ 8.298196975, 4.581593968 ], [ 8.297371732999977, 4.581180094999979 ], [ 8.293800471, 4.576908120999974 ], [ 8.291318139999987, 4.578554166 ], [ 8.289940079000019, 4.578963763 ], [ 8.287871252, 4.580335618 ], [ 8.28663251, 4.580470578000018 ], [ 8.283737367000015, 4.581977839999979 ], [ 8.282909448, 4.582664019 ], [ 8.27890749, 4.586645138 ], [ 8.277387378000014, 4.588981150999984 ], [ 8.277522866000027, 4.589806575000011 ], [ 8.277107963, 4.590768809 ], [ 8.275865343000021, 4.592004294999981 ], [ 8.274624652, 4.59282687000001 ], [ 8.273385320999978, 4.593236921000027 ], [ 8.272558967, 4.593098128 ], [ 8.270492449000017, 4.593231211999978 ], [ 8.268015672, 4.592538397999988 ], [ 8.266640567000024, 4.591710588000012 ], [ 8.264301193999984, 4.591155039 ], [ 8.263473770000019, 4.59184121200002 ], [ 8.263469622, 4.593354703999978 ], [ 8.264017018, 4.594731352 ], [ 8.264016196999989, 4.595418898999981 ], [ 8.264427016000013, 4.596245271999976 ], [ 8.266488324000022, 4.598175544000014 ], [ 8.267036286, 4.599277514 ], [ 8.267034393000017, 4.600515353 ], [ 8.26634242199998, 4.602026922999983 ], [ 8.264685857000018, 4.603674373 ], [ 8.260964378999972, 4.605455404999987 ], [ 8.259448795000026, 4.60572722400002 ], [ 8.255868828000018, 4.605582229 ], [ 8.255386545000022, 4.605925517 ], [ 8.254628866000019, 4.605717188000028 ], [ 8.252701087999981, 4.606126314999983 ], [ 8.249533599000017, 4.605981826 ], [ 8.246640925, 4.606388580999976 ], [ 8.245401519999973, 4.606248390000019 ], [ 8.242370854, 4.606792467 ], [ 8.239476178000018, 4.608161902 ], [ 8.238511854000024, 4.608160036000015 ], [ 8.237549506999983, 4.60747003 ], [ 8.235348901, 4.606640299 ], [ 8.232180554000024, 4.606908826999984 ], [ 8.231492749999973, 4.606357081999988 ], [ 8.231357627000023, 4.605393924999987 ], [ 8.231771536999986, 4.604981905999978 ], [ 8.232736425999974, 4.604708690999985 ], [ 8.234526819, 4.604712457 ], [ 8.236453184000027, 4.605267073999983 ], [ 8.238243297, 4.605408168999986 ], [ 8.240722659000028, 4.605138300000021 ], [ 8.243754153999987, 4.603906634 ], [ 8.245408279, 4.603497043 ], [ 8.252017146000014, 4.603648651000015 ], [ 8.253669579000018, 4.603514194000013 ], [ 8.254014747999975, 4.603171348999979 ], [ 8.254358524, 4.603516104999983 ], [ 8.255046919, 4.603517013999976 ], [ 8.256149194999978, 4.603106466999975 ], [ 8.257112672, 4.603521307 ], [ 8.25931553800001, 4.603525663000028 ], [ 8.262346133, 4.602982019000024 ], [ 8.26358800700001, 4.601883869 ], [ 8.264556184000014, 4.600510154 ], [ 8.264835366999989, 4.598309984000025 ], [ 8.26373781, 4.596656828 ], [ 8.261815034, 4.594589271000018 ], [ 8.260579823, 4.592385752999974 ], [ 8.260306399, 4.591422104 ], [ 8.260311112000011, 4.589358781999977 ], [ 8.259898909000015, 4.588945404000015 ], [ 8.258248482999988, 4.588116188000015 ], [ 8.25618479100001, 4.587699419999979 ], [ 8.254535771, 4.586182586 ], [ 8.253709738, 4.585906034 ], [ 8.251778414, 4.587277410000013 ], [ 8.249983623999981, 4.589474656999982 ], [ 8.249572844, 4.588648804 ], [ 8.250401667, 4.587274541999989 ], [ 8.250540742999988, 4.586587409 ], [ 8.251093955999977, 4.585625656 ], [ 8.251784284999985, 4.584938989000023 ], [ 8.252611417000026, 4.584390650999978 ], [ 8.253851866, 4.583980062000023 ], [ 8.255090628, 4.584120258999974 ], [ 8.257428001999983, 4.585638532000019 ], [ 8.259351831, 4.587706078 ], [ 8.260176750000028, 4.587982652 ], [ 8.261003362, 4.587984571 ], [ 8.263759849, 4.586751920999973 ], [ 8.265414121999981, 4.585654764000026 ], [ 8.267481694000026, 4.584971435 ], [ 8.268305519000023, 4.585798265 ], [ 8.268303881, 4.586623675 ], [ 8.267750734, 4.587860574 ], [ 8.267747720999978, 4.589098466999985 ], [ 8.268296226000018, 4.590200418 ], [ 8.269120908, 4.590889919 ], [ 8.271046437, 4.591856946 ], [ 8.272148395999977, 4.591858871999989 ], [ 8.273801580999987, 4.591312415 ], [ 8.275182976, 4.58980177799998 ], [ 8.27725784, 4.585403913999983 ], [ 8.277811779, 4.583754073000023 ], [ 8.27795405, 4.581690783 ], [ 8.276029649, 4.580449080999983 ], [ 8.275065669000014, 4.580309391000014 ], [ 8.27204126700002, 4.578102105000028 ], [ 8.270531828, 4.575898183999982 ], [ 8.270396328, 4.574521999000012 ], [ 8.269711266, 4.573145399 ], [ 8.268612118000021, 4.572042474 ], [ 8.263658276, 4.570381624 ], [ 8.262281613000027, 4.570653422000021 ], [ 8.261452833000021, 4.57147743500002 ], [ 8.260204424999984, 4.575602065999988 ], [ 8.259927975999972, 4.576151354999979 ], [ 8.259376476, 4.576562867 ], [ 8.258136615000012, 4.576423144999978 ], [ 8.255798477999974, 4.575592515999972 ], [ 8.254835889999981, 4.574765189 ], [ 8.254150626000012, 4.573525905 ], [ 8.252913561000014, 4.572285154999975 ], [ 8.251675678000026, 4.571732503000021 ], [ 8.250298728000018, 4.571866981000028 ], [ 8.249470477999978, 4.572415811999974 ], [ 8.248644762000026, 4.572551233000013 ], [ 8.245472767000024, 4.574470975999986 ], [ 8.243465209000021, 4.574944230000028 ], [ 8.242351488999986, 4.577130814999975 ], [ 8.241624963999982, 4.578207872 ], [ 8.242431357999976, 4.579829673 ], [ 8.242430797, 4.58037996600001 ], [ 8.24180972, 4.580722356000024 ], [ 8.241193733999978, 4.579414370999984 ], [ 8.240094936, 4.578174123999986 ], [ 8.239545679, 4.577209958000026 ], [ 8.239273745, 4.575833809000017 ], [ 8.239276871000015, 4.574595934 ], [ 8.241480965, 4.574187750000021 ], [ 8.243936237000014, 4.573233798 ], [ 8.244650998, 4.572956068 ], [ 8.247958944, 4.571036834999973 ], [ 8.249201866000021, 4.569663986000023 ], [ 8.250855265999974, 4.568979268000021 ], [ 8.251682388, 4.568981189999988 ], [ 8.252370159, 4.569257741 ], [ 8.25388059, 4.571186528 ], [ 8.256215918, 4.573392392000017 ], [ 8.257313646, 4.575183401 ], [ 8.258277903000021, 4.575185292000015 ], [ 8.25869173000001, 4.574773298000025 ], [ 8.2595255, 4.571473576000017 ], [ 8.259529094000015, 4.569685 ], [ 8.258980921999978, 4.568446170000016 ], [ 8.257881248999979, 4.567618349999975 ], [ 8.256504873999972, 4.567203020000022 ], [ 8.255406334999975, 4.56610013 ], [ 8.25416873, 4.56540966 ], [ 8.248770665999984, 4.565643738 ], [ 8.248420456000019, 4.565990160000013 ], [ 8.246317907, 4.566218857000024 ], [ 8.244114984000021, 4.566351415999975 ], [ 8.243012265, 4.566486860999987 ], [ 8.240809336999973, 4.566620364000016 ], [ 8.239155661999973, 4.5671668 ], [ 8.236397526000019, 4.568674566000027 ], [ 8.234468209999989, 4.569358342999976 ], [ 8.233918120999988, 4.569356909000021 ], [ 8.232266693999975, 4.569078423 ], [ 8.230340239999975, 4.568386567 ], [ 8.228965886000026, 4.567283143 ], [ 8.229242091, 4.566596031000017 ], [ 8.229930987999978, 4.566596988000015 ], [ 8.230343972000014, 4.566873073000011 ], [ 8.23213361, 4.566877386999977 ], [ 8.234749814999986, 4.566882616999976 ], [ 8.237231199, 4.565787306 ], [ 8.238196548000019, 4.564963819000013 ], [ 8.24136649899998, 4.564007265999976 ], [ 8.242605202999982, 4.563872331000027 ], [ 8.243018193000012, 4.564148402 ], [ 8.245221104, 4.564015386999984 ], [ 8.246598015000018, 4.564156084999979 ], [ 8.248663828000019, 4.564022543000021 ], [ 8.249766264000016, 4.563749769000026 ], [ 8.251833192, 4.563066009000011 ], [ 8.254196061000016, 4.563295599000014 ], [ 8.254658236000012, 4.563144605 ], [ 8.255549282, 4.56376171 ], [ 8.257198480999989, 4.565415871000027 ], [ 8.26035979, 4.567623114000014 ], [ 8.261048115999984, 4.567625049000014 ], [ 8.261736187999986, 4.568038966000017 ], [ 8.265039634, 4.568871043 ], [ 8.266691358, 4.569012165 ], [ 8.269580164999979, 4.570118412 ], [ 8.271366828999987, 4.571635232 ], [ 8.272189836, 4.572875018 ], [ 8.272596313, 4.576177599 ], [ 8.273142603999986, 4.577829371 ], [ 8.274243465999973, 4.578657147 ], [ 8.277410698999972, 4.578525523 ], [ 8.278925081000011, 4.578803997000023 ], [ 8.280024265, 4.579631807999988 ], [ 8.280849181, 4.579908370999988 ], [ 8.282227255, 4.579498791 ], [ 8.283607752000023, 4.578125466000017 ], [ 8.284023196000021, 4.577163225999982 ], [ 8.284851081, 4.576202387000023 ], [ 8.287195240000017, 4.574831476999975 ], [ 8.291465931, 4.573876864 ], [ 8.293395981, 4.573055273000023 ], [ 8.294634984000027, 4.573058138000022 ], [ 8.296702433, 4.572374328000024 ], [ 8.297529199, 4.571687688999987 ], [ 8.297533207000015, 4.570174715 ], [ 8.294511124, 4.566729534 ], [ 8.291766019000022, 4.562459452999974 ], [ 8.291493657999979, 4.561496255 ], [ 8.290944068999977, 4.560944538 ], [ 8.289705044000016, 4.560391921000019 ], [ 8.288744092, 4.559289455999988 ], [ 8.287099609, 4.555709369 ], [ 8.284493725, 4.551301933 ], [ 8.284219717999974, 4.550338281 ], [ 8.284222390000025, 4.548962594999978 ], [ 8.284499868000012, 4.548138170000016 ], [ 8.285879973000021, 4.546902163000027 ], [ 8.286021404, 4.545251870000016 ], [ 8.283966186999976, 4.540570722999973 ], [ 8.283281373000023, 4.538505558999987 ], [ 8.281087802, 4.534512043 ], [ 8.27985106, 4.533409119 ], [ 8.278062628999976, 4.532579903 ], [ 8.273243665999985, 4.532294752999974 ], [ 8.27021391400001, 4.532426355999974 ], [ 8.268837936000011, 4.532148383999981 ], [ 8.267186102999972, 4.532145026000023 ], [ 8.264981444, 4.532691007999972 ], [ 8.263466989, 4.532825462 ], [ 8.261260940999989, 4.533783922999987 ], [ 8.25974648, 4.533918362 ], [ 8.256577388999972, 4.534874926999976 ], [ 8.250654935999989, 4.535688408 ], [ 8.24665904699998, 4.536780347 ], [ 8.245970777000025, 4.536778922999986 ], [ 8.244041644, 4.537462695999977 ], [ 8.24004742, 4.538004882 ], [ 8.238944769999989, 4.538414972 ], [ 8.237016470000015, 4.538686297000027 ], [ 8.236327341999981, 4.539097782999988 ], [ 8.235501409, 4.539095883000016 ], [ 8.234398750000025, 4.539506441000015 ], [ 8.233297519000018, 4.53950405 ], [ 8.232331945, 4.539914613 ], [ 8.230955965000021, 4.539911747000019 ], [ 8.230128045000015, 4.540322759999981 ], [ 8.227786751999986, 4.540593128000012 ], [ 8.227098469, 4.540866843 ], [ 8.225858452000011, 4.540863968999986 ], [ 8.220899665, 4.54209185000002 ], [ 8.217868969, 4.542360770000016 ], [ 8.217180105000011, 4.542634021000026 ], [ 8.215802973999985, 4.542631169 ], [ 8.208502561999978, 4.543991549999987 ], [ 8.207401297, 4.54398919099998 ], [ 8.205197345999977, 4.544397372999981 ], [ 8.199827071000016, 4.54411079 ], [ 8.193080125999984, 4.544646253999986 ], [ 8.192253025000014, 4.544919947999972 ], [ 8.186606179000023, 4.545458304000022 ], [ 8.179721038000025, 4.545718185 ], [ 8.17613990000001, 4.546123512 ], [ 8.166639282, 4.546102987999973 ], [ 8.159302027000024, 4.545763333000025 ], [ 8.15897480000001, 4.544134636000024 ], [ 8.153811543000018, 4.543519005 ], [ 8.142910756999981, 4.544007766999982 ], [ 8.13355939600001, 4.54266452600001 ], [ 8.125006699999972, 4.542664541000022 ], [ 8.114060408, 4.541980288 ], [ 8.104497238000022, 4.54369688700001 ], [ 8.092508418000023, 4.543348788 ], [ 8.08385636700001, 4.543529997 ], [ 8.075256614000011, 4.543460848999985 ], [ 8.067193036999981, 4.542664521 ], [ 8.057614428000022, 4.541980275000014 ], [ 8.047693187, 4.540612238 ], [ 8.036291286, 4.540837769 ], [ 8.029973058999985, 4.54194114500001 ], [ 8.023061500999972, 4.540269853999973 ], [ 8.015194163999979, 4.540954106000015 ], [ 8.00991144, 4.541202066999972 ], [ 8.000188132, 4.538815022999984 ], [ 7.987561933, 4.539866915 ], [ 7.983378808999987, 4.535822853000013 ], [ 7.973457794000012, 4.535138585000027 ], [ 7.956695186, 4.535822872999972 ], [ 7.948826528999973, 4.534796255 ], [ 7.936556725, 4.537146076999989 ], [ 7.929683109, 4.53651284 ], [ 7.928985832000023, 4.533428198000024 ], [ 7.917353988, 4.530691138 ], [ 7.909143826, 4.531033526999977 ], [ 7.897170793999976, 4.528980720999982 ], [ 7.878012747000014, 4.525559908999981 ], [ 7.862276372999986, 4.526586045999977 ], [ 7.849517048999985, 4.525476922999985 ], [ 7.82488611399998, 4.522970226999973 ], [ 7.807140785, 4.519939890999979 ], [ 7.797979065, 4.518712047 ], [ 7.785371033, 4.518033016 ], [ 7.769924845, 4.514444818000015 ], [ 7.763629724, 4.513239839 ], [ 7.752752832, 4.511421209 ], [ 7.743596860000025, 4.509614974999977 ], [ 7.736148792999984, 4.508977894999987 ], [ 7.729286198000011, 4.50719118 ], [ 7.722423118999984, 4.505404 ], [ 7.714414028000022, 4.50360822 ], [ 7.706392000999983, 4.502965930000016 ], [ 7.696644936999974, 4.502888223000014 ], [ 7.690928695000025, 4.50111009 ], [ 7.683504874, 4.498164165999981 ], [ 7.677203175999978, 4.497536172000025 ], [ 7.664629981000019, 4.493393904000015 ], [ 7.661032939, 4.489958296999987 ], [ 7.654248551000023, 4.485718228999986 ], [ 7.64534419, 4.481478208999988 ], [ 7.634319815000026, 4.475753813999972 ], [ 7.626475117999973, 4.473845958000027 ], [ 7.623083260999977, 4.471725441 ], [ 7.615874860000019, 4.472149843000011 ], [ 7.608242362999988, 4.470029840999985 ], [ 7.601477413, 4.467884062999985 ], [ 7.597398291, 4.464844716000016 ], [ 7.583636093999985, 4.454590811 ], [ 7.581543187000022, 4.451933841000027 ], [ 7.570678464000025, 4.449697022 ], [ 7.559175254000024, 4.451614372999984 ], [ 7.544796254, 4.452572831 ], [ 7.534890846999986, 4.452253353 ], [ 7.52274778200001, 4.452572842999984 ], [ 7.508688618, 4.452892290000023 ], [ 7.499765853999975, 4.450190548000023 ], [ 7.489161444999979, 4.448985552000011 ], [ 7.477592996, 4.446334357000012 ], [ 7.461727027999984, 4.443542981 ], [ 7.44939432000001, 4.439586164 ], [ 7.442863441999975, 4.439152227000022 ], [ 7.43662065, 4.437417008000011 ], [ 7.429123518999972, 4.437554829000021 ], [ 7.416616550000015, 4.433560847000024 ], [ 7.414206412999988, 4.429222604000017 ], [ 7.396849692999979, 4.43691538500002 ], [ 7.380653833999986, 4.439057819000027 ], [ 7.371727576000012, 4.440990465000027 ], [ 7.367691085, 4.440550324000014 ], [ 7.350579152000023, 4.441031927999973 ], [ 7.339733713999976, 4.441996076 ], [ 7.329610792999972, 4.446575634999988 ], [ 7.324562076, 4.447428218000027 ], [ 7.318283563000023, 4.437175750999984 ], [ 7.323454013, 4.425831802 ], [ 7.326147067000022, 4.422240757 ], [ 7.327044925, 4.418649189 ], [ 7.320311420999985, 4.415956016 ], [ 7.315822191, 4.414608961 ], [ 7.304150649, 4.411915760999989 ], [ 7.292030332000024, 4.406528947000027 ], [ 7.285011318999977, 4.40464211 ], [ 7.271271167, 4.400807843999985 ], [ 7.260726432000013, 4.397292615000026 ], [ 7.256567077999989, 4.396653167000011 ], [ 7.250282219999974, 4.394408688999988 ], [ 7.247588582, 4.394408696000028 ], [ 7.23097948100002, 4.386776914 ], [ 7.223565622000024, 4.384394154 ], [ 7.213472336999985, 4.381839269000011 ], [ 7.197777407999979, 4.379091745999972 ], [ 7.184280543999989, 4.379091753000012 ], [ 7.175845133999985, 4.379573842000013 ], [ 7.163794473, 4.380296693999981 ], [ 7.152225481000016, 4.382225063000021 ], [ 7.144995114999972, 4.382225016 ], [ 7.13895426800002, 4.381390071 ], [ 7.135113758999978, 4.382465818000014 ], [ 7.132703779999986, 4.385358333999989 ], [ 7.131771513, 4.392163756 ], [ 7.132221588, 4.402710918000025 ], [ 7.134873035, 4.407290440999986 ], [ 7.13752417, 4.412833698999975 ], [ 7.142585284, 4.418376943 ], [ 7.150625702000013, 4.424933894 ], [ 7.15735902900002, 4.433463089999975 ], [ 7.163643837, 4.441543567 ], [ 7.169657738000012, 4.451294906999976 ], [ 7.158036222000021, 4.462734198000021 ], [ 7.149727697, 4.453663815000027 ], [ 7.139402819, 4.451868037999986 ], [ 7.132669394, 4.459948516 ], [ 7.128629268999987, 4.460846413000013 ], [ 7.123063128000013, 4.462241199 ], [ 7.114868520000016, 4.462482449999982 ], [ 7.110672829, 4.458152789999986 ], [ 7.110672959, 4.452317224000012 ], [ 7.108120539000026, 4.447539338000013 ], [ 7.096069933000024, 4.450672602999987 ], [ 7.086429033, 4.454770102999987 ], [ 7.072338119, 4.455954080000026 ], [ 7.077903228000025, 4.451868035000018 ], [ 7.079228374000024, 4.44873858 ], [ 7.07745414599998, 4.446481256000027 ], [ 7.071486387, 4.441755269 ], [ 7.064979046000019, 4.440068256000018 ], [ 7.060640673000023, 4.438139899000021 ], [ 7.055820504, 4.437417018000019 ], [ 7.049795188000019, 4.437175731000025 ], [ 7.039190835999989, 4.434765836 ], [ 7.030755098999975, 4.433560855999986 ], [ 7.024483334000024, 4.430320748999975 ], [ 7.014607427999977, 4.425383074000024 ], [ 7.012362931999974, 4.41371155500002 ], [ 7.020892208000021, 4.409222112 ], [ 7.027176820000022, 4.401590801999987 ], [ 7.021790079000027, 4.396653185 ], [ 7.02134121, 4.393061644999989 ], [ 7.013260800000012, 4.385879508000016 ], [ 7.006527496999979, 4.380043501999978 ], [ 7.001140491, 4.377799016999973 ], [ 6.994406718999983, 4.375105372 ], [ 6.985877543000015, 4.377350342 ], [ 6.976899678999985, 4.384532474000025 ], [ 6.969922193, 4.38357213 ], [ 6.974655096, 4.378247757999986 ], [ 6.976451022, 4.373310093999976 ], [ 6.969268323, 4.373758797 ], [ 6.958494678000022, 4.374656682000023 ], [ 6.947271731, 4.376452432 ], [ 6.94008907, 4.380492687000014 ], [ 6.920786261999979, 4.385879494999983 ], [ 6.910461896000015, 4.389470603 ], [ 6.898341210000012, 4.392612926000027 ], [ 6.892954460999988, 4.393061639 ], [ 6.886221029000012, 4.39171504 ], [ 6.874549345999981, 4.395306120999976 ], [ 6.858159135999983, 4.396111975 ], [ 6.856593139999973, 4.383185873 ], [ 6.86334889699998, 4.375936040999989 ], [ 6.86581522, 4.375113965000025 ], [ 6.872304903999975, 4.370167735999985 ], [ 6.876227745999984, 4.366071712 ], [ 6.877049801999988, 4.361413507 ], [ 6.875679494999986, 4.359220975000028 ], [ 6.871569709000028, 4.357576828 ], [ 6.862801229000013, 4.358125205000022 ], [ 6.85430612, 4.35757687 ], [ 6.845819418000019, 4.358047506999981 ], [ 6.835943661999977, 4.357598285999984 ], [ 6.820026859999984, 4.354922773 ], [ 6.809009614999979, 4.35266019 ], [ 6.799271923999981, 4.350892070999976 ], [ 6.784052863999989, 4.348215106 ], [ 6.766620639999985, 4.347986226999978 ], [ 6.760044558, 4.347712492000028 ], [ 6.753742331000012, 4.348808271999985 ], [ 6.747509465, 4.349069102999977 ], [ 6.737027239999975, 4.350726588999976 ], [ 6.726287792, 4.355197413999974 ], [ 6.723094487000026, 4.357533943000021 ], [ 6.708608105, 4.348109748000013 ], [ 6.708529886, 4.345695479000028 ], [ 6.709153304999973, 4.343514450999976 ], [ 6.706972683, 4.340632925000023 ], [ 6.701130760000012, 4.33954237 ], [ 6.696691513000019, 4.339464668 ], [ 6.692252040000028, 4.338841418000015 ], [ 6.686644693, 4.338997362999976 ], [ 6.683918346999974, 4.338763719999974 ], [ 6.680569043999981, 4.33829641 ], [ 6.673181140999986, 4.337847705 ], [ 6.664138163000018, 4.337025649 ], [ 6.66176886400001, 4.336948872999983 ], [ 6.653688403, 4.333357342 ], [ 6.649648082999988, 4.327970499 ], [ 6.649199380000027, 4.321237083000028 ], [ 6.644409032999988, 4.318666442999984 ], [ 6.639487638, 4.317063307000012 ], [ 6.633936941, 4.318543432000013 ], [ 6.631692370999986, 4.322583668999982 ], [ 6.628100963, 4.32617521200001 ], [ 6.625775878000013, 4.328531253999984 ], [ 6.621939624, 4.332367409000028 ], [ 6.615980738000019, 4.337397554 ], [ 6.605761029, 4.335641871 ], [ 6.601829683, 4.334844725999972 ], [ 6.598922257000027, 4.334255227000028 ], [ 6.597199445, 4.33200311600001 ], [ 6.594865323000022, 4.330317508 ], [ 6.591883180000025, 4.329020981999975 ], [ 6.588511937000021, 4.327853684 ], [ 6.586048608999988, 4.327335366 ], [ 6.580084332000013, 4.327205654000011 ], [ 6.569970604, 4.327724451999984 ], [ 6.565899206999973, 4.327665464 ], [ 6.561024197, 4.327594767 ], [ 6.552985200000023, 4.32707597000001 ], [ 6.551705259000016, 4.327123221000022 ], [ 6.538155288999974, 4.325009212999987 ], [ 6.528197883000018, 4.323508504000017 ], [ 6.52337868799998, 4.323475742000028 ], [ 6.518336716000022, 4.323992633999978 ], [ 6.516706936999981, 4.324309169 ], [ 6.512401587999989, 4.324093818999984 ], [ 6.506566528, 4.323834416000011 ], [ 6.498657227000024, 4.322926999 ], [ 6.493730551999988, 4.322278509 ], [ 6.485172741999975, 4.320463179 ], [ 6.481282706, 4.319036971 ], [ 6.46918869000001, 4.315401565 ], [ 6.463130475000014, 4.315406317999987 ], [ 6.454832081, 4.317610742 ], [ 6.451590532000012, 4.317221641 ], [ 6.447192676999975, 4.317646024999988 ], [ 6.443421839999985, 4.321111686999984 ], [ 6.441477297, 4.323964128999989 ], [ 6.438754083, 4.325130941 ], [ 6.434605116, 4.32694627 ], [ 6.431480884, 4.329317576999983 ], [ 6.423577787, 4.327324875999977 ], [ 6.412562842, 4.317221653 ], [ 6.414118766, 4.315147406999984 ], [ 6.416841510999973, 4.313591485000018 ], [ 6.422287470000015, 4.311387070000023 ], [ 6.422935478, 4.308404925 ], [ 6.420342444000028, 4.306070811999973 ], [ 6.412562842999989, 4.30503368 ], [ 6.408284191, 4.304514895000011 ], [ 6.39959668900002, 4.305682193 ], [ 6.390650275999974, 4.304385183000022 ], [ 6.384426591000022, 4.303477766000015 ], [ 6.378592003999984, 4.303348070000027 ], [ 6.373405459000026, 4.302440654 ], [ 6.364069932, 4.302181242000017 ], [ 6.351622587, 4.301014418000022 ], [ 6.349158768, 4.301143647 ], [ 6.33009862900002, 4.299717424 ], [ 6.326986782, 4.299199107999982 ], [ 6.320244795, 4.298550615000011 ], [ 6.313502304, 4.296994687999984 ], [ 6.304685107000012, 4.295957569 ], [ 6.29716491, 4.294661056999985 ], [ 6.294182780000028, 4.294271939999987 ], [ 6.292108064999979, 4.293753145999972 ], [ 6.292082529000027, 4.293752844999972 ], [ 6.290709214, 4.293326956999977 ], [ 6.289496261000011, 4.293012089 ], [ 6.288736749, 4.293006430999981 ], [ 6.286861068, 4.293298288000017 ], [ 6.277433974000019, 4.293516645000011 ], [ 6.27667856, 4.293493749 ], [ 6.273177624000027, 4.292845729000021 ], [ 6.26863956699998, 4.292586334000021 ], [ 6.257359029999975, 4.292456636 ], [ 6.253858562, 4.292586332999974 ], [ 6.249579426000025, 4.29336404999998 ], [ 6.246986384000024, 4.293623443 ], [ 6.244781967, 4.294661046999977 ], [ 6.240503306, 4.295568474999982 ], [ 6.238169668000012, 4.295698162 ], [ 6.235576155, 4.297902116999978 ], [ 6.235576144, 4.300625329000013 ], [ 6.221183774, 4.295698171000026 ], [ 6.222091681, 4.292067526999972 ], [ 6.222739702000013, 4.29012251 ], [ 6.221702575999984, 4.285066127 ], [ 6.218590729000027, 4.282732011 ], [ 6.216127388000018, 4.281305783999983 ], [ 6.214182377999975, 4.280786998999986 ], [ 6.208866119999982, 4.281565187000012 ], [ 6.203809257999978, 4.280657286 ], [ 6.199790005000011, 4.279490469999985 ], [ 6.193959243, 4.278836252000019 ], [ 6.191018097999972, 4.278234484 ], [ 6.188678262, 4.278568738999979 ], [ 6.185470110999972, 4.279237275000014 ], [ 6.181993966999983, 4.279237265 ], [ 6.178518301999986, 4.277967462999982 ], [ 6.174908632999973, 4.277967462 ], [ 6.170897962000026, 4.27723217099998 ], [ 6.168357843000024, 4.277365694000025 ], [ 6.164681428999984, 4.277365684000017 ], [ 6.161673059, 4.276964662000012 ], [ 6.156353955999975, 4.276767726 ], [ 6.149841778, 4.274959098000011 ], [ 6.147017963, 4.274693011000011 ], [ 6.141572467, 4.274693023999987 ], [ 6.136758325000017, 4.275572300000022 ], [ 6.133533468, 4.27534151499998 ], [ 6.130162234000011, 4.274693007 ], [ 6.126531606000015, 4.275211819 ], [ 6.120567320000021, 4.275471216000028 ], [ 6.116418367999984, 4.274952408 ], [ 6.113954536, 4.274952416000019 ], [ 6.10734223999998, 4.275082105000024 ], [ 6.10306311, 4.273396489 ], [ 6.099562643000013, 4.273007389999975 ], [ 6.096450799000024, 4.274044995 ], [ 6.091782561, 4.274952419999977 ], [ 6.087244515, 4.2737856 ], [ 6.08387327600002, 4.274044990999982 ], [ 6.082317352000018, 4.27573062 ], [ 6.082317348, 4.278842451 ], [ 6.082965845999979, 4.282472606 ], [ 6.074015139999972, 4.290771479999989 ], [ 6.070288652999977, 4.289675724 ], [ 6.065027244000021, 4.289237034 ], [ 6.059985639999979, 4.289456373 ], [ 6.055601114000012, 4.291429513000026 ], [ 6.048586372999978, 4.293182844 ], [ 6.041352272999973, 4.294279093 ], [ 6.02900600800001, 4.297628889 ], [ 6.019431117000011, 4.301513193 ], [ 6.014389043999984, 4.300636285 ], [ 6.010223865, 4.301951405000011 ], [ 6.00759363200001, 4.304362767999976 ], [ 6.003866679999987, 4.306335935 ], [ 6.000797739, 4.308966168999973 ], [ 5.993344314000012, 4.309624192 ], [ 5.988302698999973, 4.311816218999979 ], [ 5.982383733, 4.312254424 ], [ 5.976465233999988, 4.314446923999981 ], [ 5.975588329, 4.316858285000023 ], [ 5.975588328000015, 4.319927226 ], [ 5.978218562999984, 4.326284407 ], [ 5.967257972000027, 4.337902547999988 ], [ 5.964408404999972, 4.337244984 ], [ 5.957612509, 4.340752598999984 ], [ 5.952351577, 4.343163495 ], [ 5.949282653000012, 4.343821527999978 ], [ 5.938760286, 4.349740022999981 ], [ 5.928019039, 4.355878361 ], [ 5.91398906500001, 4.361358651999979 ], [ 5.908926017, 4.364295008 ], [ 5.905659203000027, 4.365304467999977 ], [ 5.894698146999986, 4.370346069999982 ], [ 5.881262777000018, 4.379188066999973 ], [ 5.870146270000021, 4.386568074000024 ], [ 5.858768182, 4.394226527 ], [ 5.847348323, 4.401913165 ], [ 5.84405998699998, 4.404543397 ], [ 5.836825741999974, 4.413531302000024 ], [ 5.831784304999985, 4.41725777900001 ], [ 5.82805722, 4.421203612999989 ], [ 5.822357610999973, 4.427560809999989 ], [ 5.817754249000018, 4.431287768 ], [ 5.808547529, 4.438740734000021 ], [ 5.79977891599998, 4.445317253999974 ], [ 5.794956108, 4.448386184000015 ], [ 5.778953585000011, 4.460881686 ], [ 5.774788428000022, 4.464827566 ], [ 5.76908862099998, 4.468334689000017 ], [ 5.755716898, 4.477541926000015 ], [ 5.745194357, 4.485652445000028 ], [ 5.741687227, 4.489160086000027 ], [ 5.735549021, 4.492229001 ], [ 5.728534298999989, 4.498586171999989 ], [ 5.72130019399998, 4.504505155 ], [ 5.713627917, 4.510423652999975 ], [ 5.712093348999986, 4.512177452 ], [ 5.707928273, 4.515465743999982 ], [ 5.704639926000027, 4.51984975900001 ], [ 5.702009595999982, 4.532125942999983 ], [ 5.69696766200002, 4.532783489999986 ], [ 5.692364234000024, 4.533660407000013 ], [ 5.687979602999974, 4.537386872000013 ], [ 5.682061136000016, 4.552074440000013 ], [ 5.675703931999976, 4.554924014 ], [ 5.671100043000024, 4.558212291000018 ], [ 5.66627798899998, 4.562158102000012 ], [ 5.663427812, 4.567200163999985 ], [ 5.662550948999979, 4.570269110000027 ], [ 5.654311635, 4.579339478 ], [ 5.647863744, 4.588683097 ], [ 5.640002786000025, 4.595494739 ], [ 5.637560795000013, 4.601616827999976 ], [ 5.63471076899998, 4.606658462999974 ], [ 5.625693737, 4.614419489999989 ], [ 5.616516122, 4.631210286 ], [ 5.609939653000026, 4.640855769999973 ], [ 5.608192025999983, 4.644698178999988 ], [ 5.605774844999985, 4.647212993999972 ], [ 5.602836029, 4.652226918999986 ], [ 5.59436181, 4.664459222 ], [ 5.591484412999989, 4.668667778999975 ], [ 5.588018307000027, 4.673738031000028 ], [ 5.581382274000021, 4.679040868000016 ], [ 5.580867979, 4.680430657999977 ], [ 5.578455126999984, 4.681375006999986 ], [ 5.572967810000023, 4.686188131999984 ], [ 5.571108497000012, 4.691035322 ], [ 5.570516108, 4.697214073 ], [ 5.567996563, 4.700273526999979 ], [ 5.561072822000028, 4.708581939 ], [ 5.556918750000023, 4.711812985 ], [ 5.550971085000015, 4.724376193000012 ], [ 5.546342826999989, 4.732164364000027 ], [ 5.544603702000018, 4.737380941000026 ], [ 5.545994655000015, 4.7429452 ], [ 5.548429564, 4.743988487000024 ], [ 5.551211265, 4.740510906 ], [ 5.55399369700001, 4.733555319 ], [ 5.553646044, 4.730425382000021 ], [ 5.558862611999984, 4.724513062000028 ], [ 5.562679641999978, 4.723166016 ], [ 5.566681877, 4.727214816000014 ], [ 5.564774910999972, 4.737380985000016 ], [ 5.559906065, 4.741206648 ], [ 5.545647079999981, 4.749553174000027 ], [ 5.539734769, 4.752683138 ], [ 5.53104066100002, 4.760333985999978 ], [ 5.533822564, 4.762420684 ], [ 5.533127375, 4.767289620999975 ], [ 5.531040629000017, 4.774245243999985 ], [ 5.526171583, 4.784678483 ], [ 5.520259286, 4.793025007999972 ], [ 5.513999362, 4.805545360999986 ], [ 5.510521767, 4.812500485999976 ], [ 5.505305216000011, 4.81876035099998 ], [ 5.500088194999989, 4.826411732999986 ], [ 5.49278502300001, 4.837540645999979 ], [ 5.480960826, 4.857711789 ], [ 5.475396171, 4.866405954000015 ], [ 5.470875375999981, 4.877882516 ], [ 5.468092808999984, 4.882055756 ], [ 5.463919744, 4.890750411999989 ], [ 5.463919595, 4.894923690999974 ], [ 5.464962844000013, 4.916833379000025 ], [ 5.457312186000024, 4.926571395 ], [ 5.451399766, 4.935961256999974 ], [ 5.448617322000018, 4.944307810999987 ], [ 5.448617368999976, 4.95508909199998 ], [ 5.449813817, 4.968125836000013 ], [ 5.447226638000018, 4.978389731 ], [ 5.442009962999975, 4.99021438699998 ], [ 5.439575155999989, 4.999604189000024 ], [ 5.436731351, 5.005872827000019 ], [ 5.426436647, 5.016795394999974 ], [ 5.405449267999984, 5.058546805999981 ], [ 5.390042549999976, 5.086366413 ], [ 5.38875413, 5.094258739 ], [ 5.38697566899998, 5.106974756 ], [ 5.386028394999983, 5.108164747999979 ], [ 5.381227973000023, 5.119421000999978 ], [ 5.380234769000026, 5.126704234999977 ], [ 5.38255224400001, 5.128028412 ], [ 5.386053694999987, 5.127846724 ], [ 5.388474377000023, 5.129208557000027 ], [ 5.390477593000014, 5.130386849999979 ], [ 5.390386947000025, 5.134204888 ], [ 5.390290338, 5.138286603999973 ], [ 5.387953862000018, 5.139348483999981 ], [ 5.383784395000021, 5.141918154999985 ], [ 5.380001492000019, 5.144036298 ], [ 5.377580570000021, 5.146608356 ], [ 5.376359551, 5.149549033000028 ], [ 5.375047127000016, 5.152913074000026 ], [ 5.369410546999973, 5.162797903000012 ], [ 5.366081810000026, 5.166882970000017 ], [ 5.362298878999979, 5.171270814000025 ], [ 5.359698649999984, 5.174014989 ], [ 5.355641785999978, 5.17959255400001 ], [ 5.357457142999976, 5.18171073000002 ], [ 5.358062749999988, 5.184585514 ], [ 5.360785845, 5.184736741999984 ], [ 5.36123998, 5.187762768000027 ], [ 5.361693783000021, 5.192301706000023 ], [ 5.359878114000026, 5.200018374000024 ], [ 5.358365033999974, 5.208037349999984 ], [ 5.358213853999985, 5.210912205999989 ], [ 5.358365063, 5.214089358000024 ], [ 5.357457029999978, 5.216964288999975 ], [ 5.355641771000023, 5.237087761999987 ], [ 5.354431235, 5.245257810999988 ], [ 5.351102802000014, 5.257815900000026 ], [ 5.348076794, 5.267196679 ], [ 5.344748130000028, 5.275064430999976 ], [ 5.343235094000022, 5.28111653000002 ], [ 5.342175989, 5.284294128999989 ], [ 5.339906080999981, 5.289589439 ], [ 5.337485259, 5.293977331 ], [ 5.33733412700002, 5.300332031999972 ], [ 5.33612354600001, 5.303358017 ], [ 5.334459302000027, 5.308653873000026 ], [ 5.3323413, 5.315008589 ], [ 5.330676644, 5.322422535999976 ], [ 5.330525361000014, 5.325902429 ], [ 5.330223072000024, 5.329533543000025 ], [ 5.330525511000019, 5.338611594999975 ], [ 5.330071442000019, 5.347236093999982 ], [ 5.329295288000026, 5.349481084999979 ], [ 5.328407282, 5.352380289 ], [ 5.325835155999982, 5.359794134000026 ], [ 5.32659154800001, 5.364181971 ], [ 5.327802196999983, 5.365997320000019 ], [ 5.32782492299998, 5.374434009000026 ], [ 5.328256246000024, 5.383548664999978 ], [ 5.324776061000023, 5.406395427 ], [ 5.315092444000015, 5.411539549 ], [ 5.309342808, 5.415019541 ], [ 5.301170363999972, 5.418914770000015 ], [ 5.293810969999981, 5.423098125000024 ], [ 5.289550163, 5.42495733200002 ], [ 5.283430091000014, 5.427203669999983 ], [ 5.281261414000028, 5.427668514 ], [ 5.277930384, 5.428752980000013 ], [ 5.270957974, 5.430999734000011 ], [ 5.268634265, 5.432084088000011 ], [ 5.258873559999984, 5.436190184999987 ], [ 5.255929341000012, 5.437661628 ], [ 5.252538562999973, 5.440087748 ], [ 5.247175631, 5.444013996000024 ], [ 5.243767197000011, 5.445950961 ], [ 5.239196744000026, 5.450443665000023 ], [ 5.230341438999972, 5.456867650999982 ], [ 5.224013303, 5.461676628000021 ], [ 5.220217177999984, 5.465627723000011 ], [ 5.210146359000021, 5.47639554 ], [ 5.206505796999977, 5.482437549 ], [ 5.202167520999978, 5.489177220999977 ], [ 5.199146268, 5.493050536 ], [ 5.195508991, 5.497379315999979 ], [ 5.191167006, 5.504903340999988 ], [ 5.186286557000017, 5.51125579 ], [ 5.175131224999973, 5.524270038 ], [ 5.170328660999985, 5.530234802 ], [ 5.168469331999972, 5.532946111 ], [ 5.165060418, 5.537672072000021 ], [ 5.164363466999987, 5.541235444 ], [ 5.164905542999975, 5.543171890999986 ], [ 5.166145441000026, 5.545108755 ], [ 5.169088760000022, 5.546813069999985 ], [ 5.17257508900002, 5.555024672 ], [ 5.174821386000019, 5.559207432999983 ], [ 5.177300477000017, 5.565172607000022 ], [ 5.179314652000016, 5.568116240999984 ], [ 5.183871845, 5.570648689999985 ], [ 5.187681110000028, 5.573694242999977 ], [ 5.193335908999984, 5.579503935 ], [ 5.17740683400001, 5.594353716 ], [ 5.16620063900001, 5.601249627000016 ], [ 5.156287586000019, 5.609869994 ], [ 5.148960994999982, 5.61805869 ], [ 5.138616964, 5.629264791000026 ], [ 5.131488933000014, 5.637710158 ], [ 5.126008891000026, 5.646678875000021 ], [ 5.118624679999982, 5.665630301000022 ], [ 5.11688525, 5.678678009 ], [ 5.112089755999989, 5.689897498 ], [ 5.107317045, 5.69824933000001 ], [ 5.098618489999978, 5.708687333 ], [ 5.094704268999976, 5.717385724999986 ], [ 5.086875894, 5.725649348 ], [ 5.085135885, 5.729998626999986 ], [ 5.082264004000024, 5.736556039999982 ], [ 5.081656810000027, 5.747394983 ], [ 5.080351866, 5.752613947999976 ], [ 5.081221664999987, 5.762182187 ], [ 5.08470100400001, 5.768706351999981 ], [ 5.072958357, 5.782188377000011 ], [ 5.065564553, 5.780448981 ], [ 5.055996430999983, 5.784363316999986 ], [ 5.049472759000025, 5.78871247 ], [ 5.045558501000016, 5.793496561999973 ], [ 5.039904568999987, 5.803499669000018 ], [ 5.03512049, 5.816112094 ], [ 5.030336437000017, 5.825680233000014 ], [ 5.024682469000027, 5.834378748 ], [ 5.020333250000022, 5.840902356000015 ], [ 5.017723516, 5.845251580000024 ], [ 5.015452354, 5.851261669 ], [ 5.012452139, 5.854389162000018 ], [ 5.007306170999982, 5.862368071999981 ], [ 4.999670493, 5.873881316999984 ], [ 4.9901342, 5.88792659 ], [ 4.983859100000018, 5.898479872 ], [ 4.98084878200001, 5.901516413000024 ], [ 4.980641881999986, 5.907303818 ], [ 4.977727948999984, 5.910016967 ], [ 4.975061012000026, 5.912264387999983 ], [ 4.975474371000018, 5.919085457 ], [ 4.9761567, 5.923469059000013 ], [ 4.971870415000012, 5.925326883000025 ], [ 4.970273053000028, 5.924048874 ], [ 4.96658657, 5.925906581 ], [ 4.965319207999983, 5.929987931000028 ], [ 4.963548737999986, 5.932964819 ], [ 4.961645166999972, 5.935552073 ], [ 4.957698317, 5.942855822000013 ], [ 4.955011303999981, 5.943475673000023 ], [ 4.951796581, 5.941439675000026 ], [ 4.949822401, 5.943860068 ], [ 4.945503202999987, 5.945956285000022 ], [ 4.943436696, 5.948023356000022 ], [ 4.939947551999978, 5.950159516999975 ], [ 4.935168739, 5.955050976 ], [ 4.930414632, 5.959598143999983 ], [ 4.927435833, 5.962605484 ], [ 4.921046231999981, 5.967397690999974 ], [ 4.914292289, 5.976133813 ], [ 4.909464863999972, 5.979378226 ], [ 4.907264313999974, 5.982541627999979 ], [ 4.904163886999982, 5.983575288 ], [ 4.901477811, 5.985767865000014 ], [ 4.898788514999978, 5.989951167000015 ], [ 4.894689041999982, 5.995352315 ], [ 4.89196877400002, 5.997424164999984 ], [ 4.88762810999998, 6.001351301999989 ], [ 4.873779303, 6.014579758000025 ], [ 4.862741074999974, 6.02490423 ], [ 4.853316313999983, 6.033182567999972 ], [ 4.839880946, 6.044550932999982 ], [ 4.82999378300002, 6.054456711 ], [ 4.821691494999982, 6.063153697000018 ], [ 4.803237458000012, 6.079615621000016 ], [ 4.79812819, 6.084650010000018 ], [ 4.780474131, 6.100781448000021 ], [ 4.774883278, 6.106372319 ], [ 4.768625246999989, 6.110444475 ], [ 4.761161777999973, 6.118713328000013 ], [ 4.750916432, 6.126966948000018 ], [ 4.744800047000012, 6.131983822999985 ], [ 4.737979016999986, 6.136117991999981 ], [ 4.731985092, 6.142112322 ], [ 4.724565095, 6.148304522999979 ], [ 4.714828988000022, 6.154927260000022 ], [ 4.705795310999974, 6.163080214999979 ], [ 4.70056681, 6.167949226000019 ], [ 4.695351103, 6.173831001999986 ], [ 4.687420893000024, 6.179541121999989 ], [ 4.67741687900002, 6.186965397999984 ], [ 4.672194040000022, 6.192547358000013 ], [ 4.668941974, 6.195233288999987 ], [ 4.666048477, 6.196887009000022 ], [ 4.661725574, 6.201112251999973 ], [ 4.657601879000026, 6.205870667 ], [ 4.653440004, 6.20887518 ], [ 4.649671081, 6.211580803 ], [ 4.646498606000023, 6.214118429 ], [ 4.643009146, 6.216656199 ], [ 4.640154381, 6.219194424000023 ], [ 4.637616617, 6.221097445999987 ], [ 4.634127095999986, 6.224269869000011 ], [ 4.630954792000011, 6.22649055 ], [ 4.624915582000028, 6.229752089999977 ], [ 4.621195285999988, 6.232439076 ], [ 4.619334730999981, 6.235332559000028 ], [ 4.614787614000022, 6.239259666 ], [ 4.610335373, 6.242668574 ], [ 4.604625182, 6.246158106999985 ], [ 4.59949210000002, 6.249801602 ], [ 4.594117643, 6.253521961999979 ], [ 4.588764151000021, 6.257895442 ], [ 4.584196099999986, 6.261376406000011 ], [ 4.579028585, 6.265510498000026 ], [ 4.571633733, 6.270901714 ], [ 4.565180376, 6.275638544 ], [ 4.559805881999978, 6.27935938600001 ], [ 4.552984763999973, 6.284319862000018 ], [ 4.55006451700001, 6.287076047000028 ], [ 4.547894437000025, 6.287599027 ], [ 4.545196087000022, 6.288244707 ], [ 4.540957992000017, 6.292802332 ], [ 4.539207015999978, 6.294685873999981 ], [ 4.535996902000022, 6.296379496999975 ], [ 4.531303891, 6.301126464999982 ], [ 4.527383365999981, 6.305091800000014 ], [ 4.521773876, 6.307263374 ], [ 4.512947522, 6.314043962000028 ], [ 4.504824574999986, 6.31904511 ], [ 4.498672482000018, 6.323878287000014 ], [ 4.489115265, 6.329173146000016 ], [ 4.484774515000026, 6.331653571 ], [ 4.481467757000019, 6.333100796 ], [ 4.476784196999972, 6.335932691999972 ], [ 4.474245995, 6.337518644999989 ], [ 4.472342917, 6.338470513 ], [ 4.467411076000019, 6.340592841999978 ], [ 4.460481124000012, 6.343330434999984 ], [ 4.440857435, 6.349210770000013 ], [ 4.415401995000025, 6.358120316 ], [ 4.394188811, 6.362787369999978 ], [ 4.373612364999985, 6.36681747199998 ], [ 4.354945163000025, 6.369787160999977 ], [ 4.350837715000011, 6.371037511 ], [ 4.346622405, 6.370839257 ], [ 4.329606604, 6.372818903 ], [ 4.301863197999978, 6.376046671999973 ], [ 4.277065704999984, 6.378278580000028 ], [ 4.248796487999982, 6.381254207999973 ], [ 4.241102759, 6.38229992700002 ], [ 4.197714352999981, 6.388197508000019 ], [ 4.150846923000017, 6.397124266 ], [ 4.106707541999981, 6.405307769999979 ], [ 4.076207177000015, 6.411755030999984 ], [ 4.051409756999988, 6.41621815100001 ], [ 4.039031083, 6.417937827 ], [ 4.035739482, 6.417937854 ], [ 4.022650672999987, 6.42048273 ], [ 4.003381198999989, 6.424118473000021 ], [ 3.997103413, 6.425187169000026 ], [ 3.986293521, 6.427027112000019 ], [ 3.963388700999985, 6.431026373 ], [ 3.95966647, 6.431384079999987 ], [ 3.944482847000018, 6.432844037999985 ], [ 3.917578696000021, 6.434661964999975 ], [ 3.90667154800002, 6.436843297999985 ], [ 3.890310810000017, 6.437207345 ], [ 3.871768703999976, 6.43684348 ], [ 3.855044367, 6.437570517999973 ], [ 3.835411551, 6.437934429999984 ], [ 3.821232335, 6.437934482 ], [ 3.810325157000023, 6.437934308000024 ], [ 3.799054356999989, 6.437570575999985 ], [ 3.784147991, 6.435388992000014 ], [ 3.765969535000011, 6.433571211000015 ], [ 3.760515892, 6.431389736000028 ], [ 3.748518021, 6.429935315000023 ], [ 3.734702369, 6.427754352000022 ], [ 3.725612872, 6.427390627000023 ], [ 3.699799537999979, 6.425936208 ], [ 3.679075994000016, 6.423027905000026 ], [ 3.661624436000011, 6.423391316 ], [ 3.641991605999976, 6.422664156999986 ], [ 3.630803101000026, 6.422573108999984 ], [ 3.617995979, 6.422300807999989 ], [ 3.574730864, 6.421209926000017 ], [ 3.53982808, 6.421573533000014 ], [ 3.508924498999988, 6.419392113000015 ], [ 3.487837312000011, 6.420119410999973 ], [ 3.467477300999974, 6.420119155 ], [ 3.446753746000013, 6.419392162 ], [ 3.419122502999983, 6.418664993999982 ], [ 3.412941698, 6.417210496999985 ], [ 3.405291082000019, 6.412123311000016 ], [ 3.404863115000012, 6.40932512400002 ], [ 3.404695042000014, 6.40640485199998 ], [ 3.403794055, 6.404528090999975 ], [ 3.402346358999978, 6.40068728 ], [ 3.405003997999984, 6.396037109000019 ], [ 3.40540789, 6.393206127999974 ], [ 3.406374477999975, 6.390175753 ], [ 3.399489668, 6.390306448 ], [ 3.395853725, 6.391397059999974 ], [ 3.382707380999989, 6.392435072000012 ], [ 3.37004020400002, 6.394668944999978 ], [ 3.338409694, 6.398304930999984 ], [ 3.312959711000019, 6.400122682000017 ], [ 3.266422487, 6.400849842000014 ], [ 3.235518941, 6.400849675000018 ], [ 3.204978970000013, 6.400849841000024 ], [ 3.202145901, 6.400765412 ], [ 3.200511208000023, 6.400716898999974 ], [ 3.180619705000026, 6.400122517 ], [ 3.164986132000024, 6.399759432 ], [ 3.150806924, 6.398668319000024 ], [ 3.129356165, 6.398304806999988 ], [ 3.113722547, 6.398668408 ], [ 3.095180492, 6.397214397000027 ], [ 3.076902608000012, 6.396850659999984 ], [ 3.07273077100001, 6.399371628999972 ], [ 3.06899092499998, 6.396607519999975 ], [ 3.062458991000028, 6.396123476000014 ], [ 3.047050778000028, 6.395563157000026 ], [ 3.042462591, 6.395396079000022 ], [ 3.023193371, 6.394669018 ], [ 3.005378254999982, 6.395396225000013 ], [ 2.994107480000025, 6.395760008000025 ], [ 2.970111839000026, 6.396123448000026 ], [ 2.951206207999974, 6.395396326000025 ], [ 2.923211096999978, 6.393578558 ], [ 2.901033395000013, 6.393578487000013 ], [ 2.878128297999979, 6.392488125 ], [ 2.850497010000026, 6.391760934 ], [ 2.835954187000027, 6.388852026999984 ], [ 2.812321911000026, 6.387397673 ], [ 2.789417031000028, 6.383398656 ], [ 2.771601918999977, 6.382307971999978 ], [ 2.755241386000023, 6.380126577 ], [ 2.735244752000028, 6.376127124 ], [ 2.713794236000012, 6.373582003000024 ], [ 2.703980441, 6.37260047 ], [ 2.704056981, 6.375636031 ], [ 2.703491918, 6.379598281000028 ], [ 2.703578954000022, 6.383083938000027 ], [ 2.703747028, 6.386004050999986 ], [ 2.703835007, 6.389490019999982 ], [ 2.703351022999982, 6.392886151000027 ], [ 2.702946901000018, 6.395717015 ], [ 2.703196046000016, 6.398069881000026 ], [ 2.702791935, 6.400900745 ], [ 2.703041075999977, 6.403255036000019 ], [ 2.703208930000017, 6.406174290000024 ], [ 2.702805994000016, 6.409005173000025 ], [ 2.702159892999987, 6.413534089999985 ], [ 2.702409026999987, 6.415886953999973 ], [ 2.702656978, 6.418240946000026 ], [ 2.702905891, 6.420594101 ], [ 2.702831984999989, 6.425211987000012 ], [ 2.702508936000015, 6.427476732 ], [ 2.702677016999985, 6.430397137 ], [ 2.70227408400001, 6.433227145999979 ], [ 2.70244193100001, 6.436147269 ], [ 2.702691086000016, 6.438499853 ], [ 2.702857972, 6.441420215999983 ], [ 2.702536110999972, 6.443684981 ], [ 2.70254206300001, 6.447737318 ], [ 2.702610966, 6.45237688200001 ], [ 2.70325255, 6.45666737900001 ], [ 2.705196388, 6.46111055199998 ], [ 2.704505677999975, 6.463678714000025 ], [ 2.706263778, 6.465411733999986 ], [ 2.709193702999983, 6.468299904 ], [ 2.711537599, 6.47061017599998 ], [ 2.712733043000014, 6.474082367999983 ], [ 2.713952305000021, 6.479871324999976 ], [ 2.713413235000019, 6.48392727800001 ], [ 2.710536484999977, 6.486252442000023 ], [ 2.710577484, 6.490306503 ], [ 2.711198812000021, 6.49435949399998 ], [ 2.70947027699998, 6.495522455000014 ], [ 2.701975829999981, 6.500177816000019 ], [ 2.700856929, 6.504235371 ], [ 2.700318104000019, 6.508291327999984 ], [ 2.701519249, 6.512343011999974 ], [ 2.703289278, 6.515233858999977 ], [ 2.704472781999982, 6.51754710199998 ], [ 2.706822876999979, 6.520436901999972 ], [ 2.709160811, 6.522168271 ], [ 2.716749192, 6.52678094700002 ], [ 2.720259426999974, 6.529666799999973 ], [ 2.723189601, 6.532555122000019 ], [ 2.72439075, 6.536606442999982 ], [ 2.726166485000022, 6.540076630999977 ], [ 2.727930539999988, 6.542389015000026 ], [ 2.730274435000013, 6.544699169000012 ], [ 2.732618328, 6.547009012 ], [ 2.734388105999983, 6.549900545000014 ], [ 2.737329712000019, 6.553947108999978 ], [ 2.740271572999973, 6.557993372999988 ], [ 2.743225092999978, 6.563198552000017 ], [ 2.743248472, 6.565515022999989 ], [ 2.74211191400002, 6.567835417000026 ], [ 2.739826680000021, 6.571316656000022 ], [ 2.738707791000024, 6.575374590000024 ], [ 2.737026459999981, 6.581171483999981 ], [ 2.735338926999987, 6.586389164000025 ], [ 2.733645678000016, 6.591027654000015 ], [ 2.733106857, 6.595084198 ], [ 2.732005592, 6.600879677000023 ], [ 2.731454601999985, 6.603777547999982 ], [ 2.730915784, 6.607833512000013 ], [ 2.730376955, 6.611889494000025 ], [ 2.729826218000028, 6.614787088000014 ], [ 2.729275707999989, 6.617684962 ], [ 2.728144881999981, 6.620583919000012 ], [ 2.728180162, 6.624059328999977 ], [ 2.729943992000017, 6.626371388999985 ], [ 2.732305521, 6.630419356 ], [ 2.734104639, 6.636206523 ], [ 2.736472361999972, 6.64083337 ], [ 2.738845588, 6.646039928999983 ], [ 2.741213314, 6.650667296 ], [ 2.743580826000027, 6.655294364999975 ], [ 2.745350598000016, 6.658186100000023 ], [ 2.748286489, 6.661653085000012 ], [ 2.751802213000019, 6.665118342000028 ], [ 2.7564845, 6.669159934999982 ], [ 2.75942039, 6.672627381999973 ], [ 2.763516432000017, 6.676090832 ], [ 2.766446353, 6.678979039000012 ], [ 2.769370563999985, 6.681287747999988 ], [ 2.772294289, 6.683596721000015 ], [ 2.775230172000022, 6.687063756999976 ], [ 2.778177735999975, 6.691689141999973 ], [ 2.779953486000011, 6.695159322 ], [ 2.77999473, 6.699213887999974 ], [ 2.779455902, 6.703269901 ], [ 2.779502878000017, 6.707903938000015 ], [ 2.77956199099998, 6.713696058999972 ], [ 2.779608973999984, 6.718329798000013 ], [ 2.780241961, 6.72354071 ], [ 2.782029385999977, 6.728169799999989 ], [ 2.7838049, 6.731640227000014 ], [ 2.783846375999985, 6.735694790000025 ], [ 2.784485105999977, 6.741485141999988 ], [ 2.785692458000028, 6.746115684000017 ], [ 2.786893846, 6.750167024 ], [ 2.784608838999986, 6.753648810000016 ], [ 2.782311912000011, 6.755971948000024 ], [ 2.777677063999988, 6.756564481 ], [ 2.765500552, 6.757177351999985 ], [ 2.763168340999982, 6.756025842999975 ], [ 2.759107598000014, 6.756037224000011 ], [ 2.752169857000013, 6.758373237 ], [ 2.748120787, 6.759542871 ], [ 2.742929219000018, 6.762453650999987 ], [ 2.740626578, 6.764197931000012 ], [ 2.736595162000015, 6.767105548000018 ], [ 2.732552297999973, 6.768854216000022 ], [ 2.729106910999974, 6.772339279 ], [ 2.726827612000022, 6.776400185999989 ], [ 2.72397996, 6.781621390999987 ], [ 2.723435395000024, 6.785097590000021 ], [ 2.724068397, 6.790308874 ], [ 2.724109653000028, 6.794363996000016 ], [ 2.725908748, 6.800150875999975 ], [ 2.727702141, 6.805358846 ], [ 2.729489324999975, 6.809987881999973 ], [ 2.730696688000023, 6.814618601 ], [ 2.731312280999987, 6.818091741999979 ], [ 2.733105422, 6.823300249 ], [ 2.73546123, 6.826768948 ], [ 2.737213372999975, 6.827922861 ], [ 2.738391159, 6.829657065999982 ], [ 2.740178582, 6.834285766999983 ], [ 2.740799659, 6.83833837200001 ], [ 2.742082598000025, 6.84599827400001 ], [ 2.74147986600002, 6.848183618 ], [ 2.74094915500001, 6.853036404000022 ], [ 2.740982296000027, 6.856294131000027 ], [ 2.74101325800001, 6.85933256200002 ], [ 2.741029498999978, 6.860927581 ], [ 2.741064783000013, 6.864402657000028 ], [ 2.739406835000011, 6.872517070000015 ], [ 2.737719288999983, 6.877734738000015 ], [ 2.737766503999978, 6.882368464000024 ], [ 2.738997464000022, 6.889316135 ], [ 2.740198846999988, 6.893367308 ], [ 2.740820164000013, 6.897419332000027 ], [ 2.740867138999988, 6.902053344000024 ], [ 2.740339995, 6.907267924 ], [ 2.739238735000015, 6.913063642999987 ], [ 2.73986602399998, 6.917695415000026 ], [ 2.737580776000016, 6.921177479999983 ], [ 2.73526621100001, 6.921763064 ], [ 2.731229063, 6.924090906 ], [ 2.726611854, 6.926420650000011 ], [ 2.723734614000023, 6.928746202000013 ], [ 2.717424159000018, 6.935714233999988 ], [ 2.714564794000012, 6.939776986000027 ], [ 2.712279796000018, 6.943258900999979 ], [ 2.711740970999983, 6.947314811000012 ], [ 2.71179962399998, 6.953106895000019 ], [ 2.713042262999977, 6.961212709 ], [ 2.714231967999979, 6.96410503300001 ], [ 2.715433358999974, 6.968156293999982 ], [ 2.716628792999984, 6.971628651 ], [ 2.716699598, 6.978579083 ], [ 2.716178188000015, 6.98437253100002 ], [ 2.71919657, 6.995948732999977 ], [ 2.720403917, 7.000579421 ], [ 2.721013304999985, 7.003473666 ], [ 2.723978757, 7.009837197000024 ], [ 2.728672507999988, 7.015037655000015 ], [ 2.733946559, 7.020235521000018 ], [ 2.738036631, 7.023120526000014 ], [ 2.746211046999974, 7.028310353999984 ], [ 2.751461517, 7.031191826 ], [ 2.760198361, 7.034642667000014 ], [ 2.767200951, 7.038678248 ], [ 2.772492409999984, 7.045614195999974 ], [ 2.771941905, 7.048512088 ], [ 2.76965665900002, 7.051993491000019 ], [ 2.766779666, 7.054318551 ], [ 2.761025671000027, 7.058968031 ], [ 2.75872302099998, 7.06071185899998 ], [ 2.756414420999988, 7.061877333999973 ], [ 2.752951395000025, 7.063624813999979 ], [ 2.750086071999988, 7.067107808 ], [ 2.749529602, 7.069426496 ], [ 2.751891143000023, 7.073474487999988 ], [ 2.754229074000023, 7.075205761 ], [ 2.756585128999973, 7.078674261 ], [ 2.758366347, 7.082724198 ], [ 2.759585615999981, 7.088512810999987 ], [ 2.758472445, 7.093150204999972 ], [ 2.755618808, 7.097791578999988 ], [ 2.75332784699998, 7.10069428700001 ], [ 2.751030934000028, 7.103017236000028 ], [ 2.747585781999987, 7.106502480000017 ], [ 2.742412081999987, 7.111150826000028 ], [ 2.73729086100002, 7.121011679 ], [ 2.737343792, 7.12622509800002 ], [ 2.738545416000022, 7.130276245 ], [ 2.739770172000021, 7.136644355999977 ], [ 2.740971801, 7.14069549200002 ], [ 2.742184872, 7.145904955999981 ], [ 2.74339222499998, 7.150535546000015 ], [ 2.74577165, 7.156321639999987 ], [ 2.747559066, 7.160949656000014 ], [ 2.749908679999976, 7.163839277000022 ], [ 2.756313557999988, 7.166138616000012 ], [ 2.759805917, 7.16728723 ], [ 2.766796586, 7.170164119 ], [ 2.768548733999978, 7.171317557 ], [ 2.769152406999979, 7.173632506999979 ], [ 2.769773719, 7.177685826000015 ], [ 2.770992756, 7.183474644 ], [ 2.772206071000028, 7.188684567999985 ], [ 2.771678935000011, 7.193898572000023 ], [ 2.770571465999978, 7.19911485199998 ], [ 2.770612718, 7.203169334 ], [ 2.770659683000019, 7.207803276 ], [ 2.770156148000012, 7.215334515 ], [ 2.768480776999979, 7.221710606999977 ], [ 2.765639062999981, 7.227510974999973 ], [ 2.762791392999986, 7.232731858000022 ], [ 2.759932278, 7.236794374 ], [ 2.757647048000024, 7.240276269 ], [ 2.75536204399998, 7.243757599 ], [ 2.753076561, 7.247239461999982 ], [ 2.746801620999975, 7.257683284 ], [ 2.746280429000024, 7.263477264000016 ], [ 2.746339080999974, 7.26926953100002 ], [ 2.746415608, 7.276799316 ], [ 2.745906119999972, 7.283751065 ], [ 2.745408528999974, 7.291861996000023 ], [ 2.745491019999974, 7.299970644999974 ], [ 2.74556159399998, 7.306921532 ], [ 2.746212237, 7.313870431999987 ], [ 2.746318097000028, 7.324296041000025 ], [ 2.74694538, 7.328927983000028 ], [ 2.747004276999974, 7.334720237 ], [ 2.746655117999978, 7.338599913999985 ], [ 2.746482846999982, 7.340514195000026 ], [ 2.745979318000025, 7.348045368999976 ], [ 2.746026508, 7.352679293 ], [ 2.745499368000026, 7.357893510999986 ], [ 2.746173614999975, 7.367159344000015 ], [ 2.745676032, 7.375269969999977 ], [ 2.745723017999978, 7.379903865000017 ], [ 2.745776173000024, 7.385116669000013 ], [ 2.745844364, 7.39183377 ], [ 2.745917078, 7.399017808999986 ], [ 2.746550328000012, 7.404229193999981 ], [ 2.746556288000022, 7.404815933 ], [ 2.744996499000024, 7.407172334 ], [ 2.743146308, 7.409842154999978 ], [ 2.742625969000017, 7.413885310000012 ], [ 2.742494992, 7.421536898999989 ], [ 2.743366207, 7.423352667000017 ], [ 2.747860942999978, 7.424329695999973 ], [ 2.755069473, 7.424902642 ], [ 2.756329766000022, 7.424642451000011 ], [ 2.759777305999989, 7.425038718 ], [ 2.766742473000022, 7.425068038 ], [ 2.769060137, 7.423919300000023 ], [ 2.773700006000013, 7.42278 ], [ 2.777760982000018, 7.422218371999975 ], [ 2.783563379999975, 7.42166272999998 ], [ 2.787045961999979, 7.421677616000011 ], [ 2.791693216, 7.42285530800001 ], [ 2.795186516, 7.42634495599998 ], [ 2.796365975000015, 7.432142269 ], [ 2.796384581999973, 7.437934349999978 ], [ 2.796403176000013, 7.44372617 ], [ 2.795835491999981, 7.447778216000017 ], [ 2.795269732, 7.452409371999977 ], [ 2.795866734000015, 7.457624812 ], [ 2.795881742, 7.462258428999974 ], [ 2.796482326999978, 7.468632357999979 ], [ 2.795920368, 7.474421397000015 ], [ 2.794776432999981, 7.479629465000016 ], [ 2.794785506999972, 7.482525783000028 ], [ 2.794227116, 7.489473864 ], [ 2.79365801900002, 7.49294654 ], [ 2.791929494999977, 7.49699393100002 ], [ 2.786742936, 7.508555848000015 ], [ 2.785591372, 7.511447503 ], [ 2.783859249999978, 7.514336103 ], [ 2.780382148, 7.516059062000011 ], [ 2.775163887000019, 7.517774493 ], [ 2.769947528999978, 7.520070089 ], [ 2.765311473999986, 7.522367557999985 ], [ 2.76357938000001, 7.525256066 ], [ 2.757786274000011, 7.528706904999979 ], [ 2.754311087000019, 7.531009545000018 ], [ 2.750838048, 7.533890711000026 ], [ 2.748521803000017, 7.535618700999976 ], [ 2.747961762999978, 7.541987346999974 ], [ 2.748499451999976, 7.547192359 ], [ 2.748081567999975, 7.548957922999989 ], [ 2.747570473999986, 7.550970192000023 ], [ 2.746946338999976, 7.552623895000011 ], [ 2.745853819999979, 7.553794093000022 ], [ 2.744286796999972, 7.554837319 ], [ 2.74283685, 7.556001418 ], [ 2.74223102000002, 7.556585504999987 ], [ 2.741853271000025, 7.557767872999989 ], [ 2.741584461, 7.55954649 ], [ 2.74120930700002, 7.560359150000011 ], [ 2.741055721, 7.560492957 ], [ 2.738743547000013, 7.563379387999987 ], [ 2.732955944000025, 7.568567667000025 ], [ 2.729495283, 7.575503697999977 ], [ 2.728944532000014, 7.584768906000022 ], [ 2.728968619999989, 7.592297975 ], [ 2.72841216, 7.599825313999986 ], [ 2.729014634, 7.606778142 ], [ 2.729044201000022, 7.616045894000024 ], [ 2.727905754, 7.622991027000012 ], [ 2.72677278499998, 7.631674825 ], [ 2.726785428000028, 7.635729325999989 ], [ 2.727386234, 7.642102764000015 ], [ 2.72798346899998, 7.647318284 ], [ 2.728003511999987, 7.653688871999975 ], [ 2.728610038999989, 7.661800418999974 ], [ 2.729794735999974, 7.669335440999987 ], [ 2.730972297, 7.67455239100002 ], [ 2.731565483, 7.678609419 ], [ 2.73332906600001, 7.685567318999972 ], [ 2.735090723999974, 7.691946120000011 ], [ 2.737430818, 7.69774779 ], [ 2.739187002999984, 7.70238816 ], [ 2.74036264199998, 7.707026814000017 ], [ 2.739225627999986, 7.714551884 ], [ 2.737501151, 7.7197572 ], [ 2.734044542999982, 7.727851980000025 ], [ 2.732329132000018, 7.735953286999973 ], [ 2.731769096, 7.742321840999978 ], [ 2.731789359, 7.748693533999983 ], [ 2.732378950999987, 7.751591803 ], [ 2.734134902999983, 7.756233308 ], [ 2.734730012, 7.760869140000011 ], [ 2.736490002999972, 7.766667972 ], [ 2.737661833, 7.770147872999985 ], [ 2.738253362000023, 7.773625806999974 ], [ 2.738270053, 7.778838728999972 ], [ 2.737698793999982, 7.781732201000011 ], [ 2.735972401000026, 7.786358969999981 ], [ 2.734826338, 7.790987423 ], [ 2.734260803999973, 7.795618993 ], [ 2.733114479999983, 7.800247731000013 ], [ 2.732545372, 7.803720558 ], [ 2.732559929999979, 7.808353813 ], [ 2.730831867, 7.812401179 ], [ 2.725613599999974, 7.814116829 ], [ 2.721554276, 7.815258453000013 ], [ 2.71865582800001, 7.816404338999973 ], [ 2.716337682000017, 7.817553052 ], [ 2.714025253999978, 7.820439874999977 ], [ 2.713476187000026, 7.83028377 ], [ 2.713496678000013, 7.836655151 ], [ 2.711195234, 7.843016748000025 ], [ 2.710043680000013, 7.845907593 ], [ 2.708315380999977, 7.849954572 ], [ 2.706002943999977, 7.852841325999975 ], [ 2.701370712000028, 7.856297069999982 ], [ 2.698475846, 7.858601522000015 ], [ 2.694427734999977, 7.863218223999979 ], [ 2.693283563000023, 7.868426219000014 ], [ 2.691155429, 7.86781034400002 ], [ 2.683916337000028, 7.867810346999988 ], [ 2.674867634, 7.880478730999982 ], [ 2.669438366, 7.886812803 ], [ 2.668533562999983, 7.890432358999988 ], [ 2.680296892, 7.898576272000014 ], [ 2.689345609999975, 7.918483207 ], [ 2.693870076, 7.926627219000011 ], [ 2.697489496, 7.940200267000023 ], [ 2.699299336000024, 7.950153783000019 ], [ 2.702918763000014, 7.962821855000016 ], [ 2.707442991999983, 7.980014885 ], [ 2.70653820299998, 7.992682861 ], [ 2.714682114000027, 8.027973066000015 ], [ 2.720111369999984, 8.045166071999972 ], [ 2.723730811999985, 8.057833575000018 ], [ 2.729160076000028, 8.065072914999973 ], [ 2.729160076000028, 8.072311445000025 ], [ 2.722826003000023, 8.08588493100001 ], [ 2.730969914000013, 8.102172785 ], [ 2.73187471, 8.116650568000011 ], [ 2.731874699, 8.130223286999978 ], [ 2.7318747, 8.137462663 ], [ 2.740018614, 8.150131277000014 ], [ 2.749067310999976, 8.165513907 ], [ 2.749067307000018, 8.179086582000025 ], [ 2.749972110999977, 8.196279452999988 ], [ 2.751486538, 8.206275822 ], [ 2.753182166999977, 8.210677284999974 ], [ 2.745526309000013, 8.219139043999974 ], [ 2.739079243999981, 8.225586793 ], [ 2.733035097000027, 8.237272191999978 ], [ 2.72699094, 8.245733315999985 ], [ 2.721349724, 8.251375250000024 ], [ 2.714902638000012, 8.259837229000027 ], [ 2.712485076, 8.272328303 ], [ 2.709261423999976, 8.280386877000012 ], [ 2.701202641, 8.300534199000026 ], [ 2.697576038000022, 8.312219683000023 ], [ 2.695561414999986, 8.321487454000021 ], [ 2.695964332000017, 8.331560212 ], [ 2.695964345999982, 8.345260543 ], [ 2.697978977, 8.356140003 ], [ 2.697978980000016, 8.358557625 ], [ 2.709261421, 8.369034661 ], [ 2.712485066, 8.381122722999976 ], [ 2.714096774999973, 8.38958463900002 ], [ 2.711276053, 8.409328373 ], [ 2.706843854999988, 8.419805613999984 ], [ 2.70885849299998, 8.425848905 ], [ 2.7157085, 8.431893374000026 ], [ 2.720543857999985, 8.431087408999986 ], [ 2.728602641, 8.431893439000021 ], [ 2.733840938000014, 8.43632614 ], [ 2.74109388, 8.445593770000016 ], [ 2.742705822, 8.45204062 ], [ 2.743108748999987, 8.459696759999986 ], [ 2.744720454, 8.464934353999979 ], [ 2.747540953, 8.46574104299998 ], [ 2.747755762, 8.469314709 ], [ 2.756561757999975, 8.482347387 ], [ 2.75316976900001, 8.485852228 ], [ 2.750030278999986, 8.489811789999976 ], [ 2.751430038000024, 8.494710882 ], [ 2.761693713, 8.505208111 ], [ 2.760993955, 8.508473515 ], [ 2.761927136, 8.522235830999989 ], [ 2.757781033000015, 8.525817812000014 ], [ 2.750095612, 8.533502574000011 ], [ 2.750030278999986, 8.537865555999986 ], [ 2.758129842000017, 8.561151632000019 ], [ 2.755489121999972, 8.567092742 ], [ 2.750392921000014, 8.578742122 ], [ 2.749300716999983, 8.595486735 ], [ 2.749300724000022, 8.612231222999981 ], [ 2.750028840000027, 8.636984004 ], [ 2.745660789999988, 8.647904407 ], [ 2.738380440000014, 8.650816868999982 ], [ 2.737652303, 8.657368545999987 ], [ 2.742748499000015, 8.663921445000028 ], [ 2.744932646, 8.669745459000012 ], [ 2.741292476000012, 8.674113264000027 ], [ 2.743476636000025, 8.68430615699998 ], [ 2.748572822000028, 8.693041699999981 ], [ 2.749300724000022, 8.701778219 ], [ 2.745660779, 8.709786695 ], [ 2.744204528000012, 8.719979331 ], [ 2.747116802999983, 8.737451669999984 ], [ 2.742020621, 8.745460235999985 ], [ 2.731100090999973, 8.76220517500002 ], [ 2.729644055999984, 8.77385308700002 ], [ 2.733284232000017, 8.782589985000016 ], [ 2.737652310999977, 8.788413854999988 ], [ 2.739836465, 8.797878185 ], [ 2.747116811000012, 8.80079096999998 ], [ 2.753669020000018, 8.800790763 ], [ 2.758037090000016, 8.803702562000012 ], [ 2.762405403, 8.805886352000016 ], [ 2.761677266999982, 8.811710081 ], [ 2.760221241000011, 8.817535593 ], [ 2.759493110999983, 8.821174885 ], [ 2.759493124000016, 8.829183474999979 ], [ 2.760221248, 8.836464007000018 ], [ 2.760949373000017, 8.842288085 ], [ 2.760949363, 8.851752557999987 ], [ 2.758037081999987, 8.857576581999979 ], [ 2.759493108000015, 8.864856987999985 ], [ 2.766773468, 8.867040836 ], [ 2.769685519, 8.870680650999986 ], [ 2.771869654999989, 8.888153859999989 ], [ 2.772597781, 8.892521983999984 ], [ 2.771869668000022, 8.899802169 ], [ 2.766773458999978, 8.903442219999988 ], [ 2.763133294, 8.90125839000001 ], [ 2.758765220999976, 8.903442333999976 ], [ 2.758765222000022, 8.906354134000026 ], [ 2.764589310000019, 8.914362923 ], [ 2.766773452999985, 8.916546966999988 ], [ 2.770413643999973, 8.918730757 ], [ 2.772597777999977, 8.924555069 ], [ 2.774781702999974, 8.928923455000017 ], [ 2.778421872000024, 8.936203904000024 ], [ 2.780606029000012, 8.94348349 ], [ 2.779150013999981, 8.948579977 ], [ 2.774053810999987, 8.951492195000014 ], [ 2.771869648, 8.953676433999988 ], [ 2.777693990999978, 8.958044113000028 ], [ 2.787158260000012, 8.963140565 ], [ 2.787886377, 8.969693026000016 ], [ 2.785702228, 8.974788557000011 ], [ 2.783518080000022, 8.980612581 ], [ 2.784246204999988, 8.982797394999977 ], [ 2.787158251, 8.987892913 ], [ 2.784246204, 8.990077956 ], [ 2.77915002200001, 8.992261741 ], [ 2.77915000500002, 8.998085861999982 ], [ 2.780606031, 9.003182282000012 ], [ 2.777693993000014, 9.006822600000021 ], [ 2.773325688, 9.00755026600001 ], [ 2.773325680000028, 9.011190552000016 ], [ 2.782790186999989, 9.014830610999979 ], [ 2.783518077, 9.017742218000024 ], [ 2.782062052000015, 9.022110751000014 ], [ 2.778421877000028, 9.022110955000016 ], [ 2.774781711, 9.025022310999987 ], [ 2.779877914999986, 9.027934764 ], [ 2.782790176999981, 9.030847602 ], [ 2.783518082, 9.037399487000016 ], [ 2.783518082, 9.046135923 ], [ 2.778421869999988, 9.05268791200001 ], [ 2.779877896000016, 9.065064292999978 ], [ 2.827927827, 9.065792025 ], [ 2.864329325000028, 9.062880802999985 ], [ 2.870881555999972, 9.062880695 ], [ 2.878161668000018, 9.063608054999975 ], [ 2.881073959, 9.069432425 ], [ 2.886170146999973, 9.076712687 ], [ 2.897818562, 9.083992834000014 ], [ 2.912379035000015, 9.089089414 ], [ 2.954604636, 9.091273291999983 ], [ 2.959700805000011, 9.086905563000016 ], [ 2.964797030999989, 9.07962489 ], [ 2.976445436, 9.075985216 ], [ 2.98663783500001, 9.071617253999989 ], [ 2.999742493999975, 9.073072396999976 ], [ 3.016487113999972, 9.075984939000023 ], [ 3.030319717, 9.081081419999975 ], [ 3.049976368999978, 9.086905514000023 ], [ 3.078369403000011, 9.095641052000019 ], [ 3.087833889000024, 9.102921303000016 ], [ 3.090745920000018, 9.118210974000021 ], [ 3.094386091999979, 9.139323237999974 ], [ 3.109674684000026, 9.164075916 ], [ 3.120594981000011, 9.188829498000018 ], [ 3.124484312999982, 9.191745525999977 ], [ 3.122050990999981, 9.208485746 ], [ 3.121323099999984, 9.239063316999989 ], [ 3.129331361000027, 9.258719266000014 ], [ 3.146075982000013, 9.268184385999973 ], [ 3.158452509000028, 9.285656787 ], [ 3.15335632, 9.304585611 ], [ 3.151172148, 9.33443465 ], [ 3.151172164, 9.35336277 ], [ 3.153356309, 9.369379897999977 ], [ 3.144619943, 9.390492248999976 ], [ 3.131515519, 9.437087137999981 ], [ 3.131515526999976, 9.451646552 ], [ 3.146075994, 9.480040280000026 ], [ 3.158452518, 9.493872806000013 ], [ 3.175197125000011, 9.502609507999978 ], [ 3.19121386, 9.510617363 ], [ 3.199222089999978, 9.522993966 ], [ 3.210870520000014, 9.547019153 ], [ 3.221790788000021, 9.563035185999979 ], [ 3.232711323, 9.574683989999983 ], [ 3.250184070999978, 9.603076848 ], [ 3.253824226, 9.613269913000011 ], [ 3.256736253999975, 9.642390055000021 ], [ 3.267656609000028, 9.657679475 ], [ 3.288769462, 9.66131882000002 ], [ 3.306970146000026, 9.657679439999981 ], [ 3.31716249599998, 9.659863544000018 ], [ 3.331723211999986, 9.671511566999982 ], [ 3.348467810999978, 9.686072362 ], [ 3.352108024000017, 9.698448026999984 ], [ 3.349195743, 9.703544532000024 ], [ 3.346600521000028, 9.710811482 ], [ 3.339003328999979, 9.726113203000011 ], [ 3.32444283000001, 9.759602416 ], [ 3.323714745000018, 9.779987531000017 ], [ 3.331723214000021, 9.802557060000026 ], [ 3.353564021000011, 9.823669715 ], [ 3.378316860999973, 9.833133873 ], [ 3.418358302, 9.849878149 ], [ 3.447479475000023, 9.857886199 ], [ 3.467864296000016, 9.863711523 ], [ 3.486064883999973, 9.860799018000023 ], [ 3.499169589000019, 9.855702458999986 ], [ 3.513002165999978, 9.857158717 ], [ 3.515914231000011, 9.861526309999988 ], [ 3.526834510000015, 9.860798682 ], [ 3.534842927, 9.865166396 ], [ 3.551587559999973, 9.880456176 ], [ 3.563963882999985, 9.897200548 ], [ 3.563236013, 9.916856758999984 ], [ 3.57561253199998, 9.929961305 ], [ 3.600365389, 9.953985983999985 ], [ 3.606917613, 9.970003404000011 ], [ 3.609829644, 9.994027930000016 ], [ 3.6120138, 10.023149346000025 ], [ 3.612013819000026, 10.044989531 ], [ 3.610557815999982, 10.064646886999981 ], [ 3.617110049000019, 10.079934976 ], [ 3.625846374999981, 10.092312089000018 ], [ 3.639678942999979, 10.098135766999974 ], [ 3.647687223999981, 10.102503709000018 ], [ 3.660063697999988, 10.102504039999985 ], [ 3.665159921, 10.10978395 ], [ 3.670984041999986, 10.125801350000017 ], [ 3.673896334, 10.138905383 ], [ 3.677536289999978, 10.154193824 ], [ 3.678992482000012, 10.166570421000017 ], [ 3.676445226999988, 10.178597253000021 ], [ 3.674886239999978, 10.180159383999978 ], [ 3.673408978, 10.182990811000025 ], [ 3.652806294000015, 10.184239150999986 ], [ 3.644065662, 10.190483211000014 ], [ 3.634076591999985, 10.202344859 ], [ 3.625960379, 10.211710200000027 ], [ 3.614098044, 10.219825641 ], [ 3.607854829000019, 10.226692937 ], [ 3.600987227000019, 10.236682863999988 ], [ 3.593495398000016, 10.251042623999979 ], [ 3.58709905, 10.267221501999984 ], [ 3.585367901999973, 10.281070811 ], [ 3.601813774999982, 10.317424528 ], [ 3.613931670999989, 10.352046772999984 ], [ 3.631242972999985, 10.384073189 ], [ 3.633839844000022, 10.408308724999983 ], [ 3.636436494, 10.427352000999974 ], [ 3.649420043000021, 10.436872619999974 ], [ 3.681445872999973, 10.452452385000015 ], [ 3.691832821999981, 10.457646141999987 ], [ 3.730783233000011, 10.433410421000019 ], [ 3.760212642, 10.419561584 ], [ 3.770599323999988, 10.414368825 ], [ 3.78185175599998, 10.405712026 ], [ 3.787045195000019, 10.405712305 ], [ 3.800028542, 10.44206598400001 ], [ 3.802625479000028, 10.465437163 ], [ 3.802625439, 10.485345081 ], [ 3.818205574999979, 10.537279044 ], [ 3.832920252, 10.568439550999983 ], [ 3.851962517, 10.594405871 ], [ 3.851097079, 10.618642038000019 ], [ 3.848500542000011, 10.658458005999989 ], [ 3.845038134, 10.674038028999973 ], [ 3.843382061999989, 10.698880154999983 ], [ 3.838113489000023, 10.706064239999989 ], [ 3.807818622000013, 10.725972293999973 ], [ 3.791373056, 10.739821254999981 ], [ 3.780986061000021, 10.76232616599998 ], [ 3.769733884, 10.789159023000025 ], [ 3.750691399, 10.818588033000026 ], [ 3.747229119, 10.835899627 ], [ 3.761078151999982, 10.872253359000013 ], [ 3.770599388999983, 10.902547592000019 ], [ 3.771464826, 10.925052433000019 ], [ 3.764540437999983, 10.974389942000016 ], [ 3.759346957, 10.996894999 ], [ 3.750691437, 11.011609355000019 ], [ 3.735976667999978, 11.020265725 ], [ 3.720396542, 11.022861708999983 ], [ 3.716934239000011, 11.028055221999978 ], [ 3.721261960999982, 11.044501396999976 ], [ 3.72558972500002, 11.051425892 ], [ 3.719530814, 11.078258407000021 ], [ 3.723858824, 11.101628409999989 ], [ 3.726455477, 11.118074665 ], [ 3.723256381, 11.125112423000019 ], [ 3.704749413, 11.126113294999982 ], [ 3.685381855, 11.115317337000022 ], [ 3.653614719000018, 11.110930618 ], [ 3.620972134999988, 11.165478188 ], [ 3.579894954999986, 11.219557271999975 ], [ 3.566764853999985, 11.23044752200002 ], [ 3.536307599, 11.258049 ], [ 3.518223760000012, 11.273278388 ], [ 3.497284407999985, 11.290885907000018 ], [ 3.497284407, 11.297548158999973 ], [ 3.498236188000021, 11.308017889999974 ], [ 3.501567650000027, 11.321343168 ], [ 3.524586955000018, 11.427345455000022 ], [ 3.515786725999988, 11.541211483999973 ], [ 3.514892143, 11.600145952999981 ], [ 3.513937587999976, 11.663009868000017 ], [ 3.565199692000022, 11.699131695 ], [ 3.624880067999982, 11.72794043 ], [ 3.633778564000011, 11.733660870999984 ], [ 3.643925946000024, 11.743027874 ], [ 3.662659409000014, 11.771128697999984 ], [ 3.667342921, 11.785178224 ], [ 3.667342868, 11.800790090000021 ], [ 3.665001173, 11.806253317000028 ], [ 3.647828851999975, 11.822644931000013 ], [ 3.629875627, 11.834354324 ], [ 3.622070052000026, 11.850746077999986 ], [ 3.617386576, 11.917094397000028 ], [ 3.6205089, 11.92724156700001 ], [ 3.629875648, 11.934266073 ], [ 3.640803600000027, 11.946755402 ], [ 3.662659420000011, 11.967049342 ], [ 3.668904068000018, 11.979538881 ], [ 3.668904043999987, 11.992808423999975 ], [ 3.647048227000028, 12.067743088999975 ], [ 3.640803581, 12.082573670999977 ], [ 3.636900868999987, 12.094282170999975 ], [ 3.63455916800001, 12.105210211999974 ], [ 3.629875683000023, 12.112235011999985 ], [ 3.631436801, 12.156727956999987 ], [ 3.634559178000018, 12.181705367 ], [ 3.636900932, 12.197317251000015 ], [ 3.641584180999985, 12.212147483000024 ], [ 3.647828783000023, 12.235564356999987 ], [ 3.653292632999978, 12.256639641 ], [ 3.656415013000014, 12.284740731999989 ], [ 3.655634384999985, 12.317524058 ], [ 3.65329268, 12.333134471999983 ], [ 3.650170317, 12.36435788 ], [ 3.649389735, 12.380749512000023 ], [ 3.647828800000013, 12.397141179000016 ], [ 3.647828817, 12.408069422999972 ], [ 3.642364747999977, 12.479100124000013 ], [ 3.642364738000026, 12.50329792399998 ], [ 3.64314534, 12.511884537000014 ], [ 3.643925868, 12.521250888999987 ], [ 3.659537044, 12.535301248 ], [ 3.729788066000026, 12.59618586800002 ], [ 3.778963547999979, 12.635994071000027 ], [ 3.853507534000016, 12.696097459999976 ], [ 3.916733226000019, 12.739809111999989 ], [ 3.934686392, 12.758542949 ], [ 3.940150276999987, 12.762445676000027 ], [ 3.982300677000012, 12.83035472 ], [ 4.01430415599998, 12.876408731000026 ], [ 4.029915341999981, 12.902947365999978 ], [ 4.044745915000021, 12.925583753000012 ], [ 4.081432403, 12.973197662000018 ], [ 4.096653405999973, 12.997395751999989 ], [ 4.102898085999982, 13.016129393000028 ], [ 4.110703875000013, 13.061402401 ], [ 4.120070519000024, 13.100430327000026 ], [ 4.125534464999987, 13.132433795999987 ], [ 4.130217964, 13.153509116 ], [ 4.127095694, 13.189415019000023 ], [ 4.128656947000025, 13.222978555999987 ], [ 4.129437476000021, 13.258104141999979 ], [ 4.129437497000026, 13.26278785 ], [ 4.128392180999981, 13.264530157000024 ], [ 4.129748897000013, 13.269956443000012 ], [ 4.129748776999975, 13.279452089000017 ], [ 4.129748829, 13.295053470000028 ], [ 4.129070807, 13.314044922999983 ], [ 4.13008785300002, 13.367628905 ], [ 4.130087908, 13.377803006000022 ], [ 4.130087931999981, 13.396117291999985 ], [ 4.131444494, 13.410360512000011 ], [ 4.129409846999977, 13.432744269000011 ], [ 4.128053127999976, 13.449022684 ], [ 4.128731679999987, 13.461910681 ], [ 4.12940981600002, 13.472762502000023 ], [ 4.140262172, 13.474119716000018 ], [ 4.172819636999975, 13.475475383 ], [ 4.190454917000011, 13.475475844000016 ], [ 4.204020537000019, 13.476832262000016 ], [ 4.216229493000014, 13.487683780999987 ], [ 4.235221379999984, 13.503963842000019 ], [ 4.25896114699998, 13.522955153999987 ], [ 4.296944586999984, 13.555511989000024 ], [ 4.327467479, 13.586034840000025 ], [ 4.343067572999985, 13.598923265999986 ], [ 4.364772834, 13.619270878 ], [ 4.394956150999974, 13.64911479 ], [ 4.415304666, 13.663359098 ], [ 4.432261480000022, 13.679637599999978 ], [ 4.464818947000026, 13.702699149000011 ], [ 4.478384501999983, 13.707446490999985 ], [ 4.487880276999988, 13.709482138 ], [ 4.51501178, 13.715587141000015 ], [ 4.539429711000025, 13.718977661 ], [ 4.554351888999975, 13.721691017000012 ], [ 4.577413021999973, 13.723725082999977 ], [ 4.597083618999989, 13.730508559999976 ], [ 4.622179529999983, 13.73729133400002 ], [ 4.648632570000018, 13.740682693 ], [ 4.664911303999986, 13.744074049 ], [ 4.698146861, 13.748821820999979 ], [ 4.730026184999986, 13.752891262 ], [ 4.750374279000027, 13.75899642600001 ], [ 4.770044762, 13.764422751999973 ], [ 4.787033096000016, 13.769866418999982 ], [ 4.797544076, 13.772494258999984 ], [ 4.819616275999977, 13.774595977999979 ], [ 4.824352259000023, 13.775273748000018 ], [ 4.838010290999989, 13.777224895000018 ], [ 4.856403850999982, 13.780377180000016 ], [ 4.870593486000018, 13.781953379000015 ], [ 4.877951156999984, 13.773020337999981 ], [ 4.893191291, 13.760406825000018 ], [ 4.904227731, 13.751998394999987 ], [ 4.917366059000017, 13.748319746 ], [ 4.937336426, 13.747268541999972 ], [ 4.966240788, 13.745167105 ], [ 4.987788062999982, 13.740962008999986 ], [ 5.019846089999987, 13.746742997000013 ], [ 5.048224373999972, 13.749896024 ], [ 5.076603440999975, 13.753575676000025 ], [ 5.09236955, 13.755677492000018 ], [ 5.102354914999978, 13.753049714999975 ], [ 5.126004353999974, 13.749895814000013 ], [ 5.134412635, 13.750421291 ], [ 5.139668065000023, 13.749895990000027 ], [ 5.15589470499998, 13.74578892 ], [ 5.160426525, 13.744641229000024 ], [ 5.172323233999975, 13.745632159000024 ], [ 5.189330919999975, 13.744114546 ], [ 5.21403118500001, 13.743589392 ], [ 5.2403084, 13.747794602 ], [ 5.267635816, 13.757778729 ], [ 5.28865706800002, 13.770391888 ], [ 5.303372341, 13.790887919999989 ], [ 5.314408820999972, 13.806128189 ], [ 5.327547078, 13.828200733000017 ], [ 5.341210862000025, 13.839762243 ], [ 5.351721777000023, 13.848171782 ], [ 5.357502567999973, 13.848697044 ], [ 5.370640698999978, 13.855002948 ], [ 5.382202536000023, 13.861835467999981 ], [ 5.399545654, 13.867616092 ], [ 5.406902858000024, 13.870769154000016 ], [ 5.424771399, 13.876550258 ], [ 5.431707964, 13.878359908999983 ], [ 5.448946026999977, 13.882855950000021 ], [ 5.488886412, 13.893893433000017 ], [ 5.49393992, 13.893893416000026 ], [ 5.514638016, 13.894419132999985 ] ] ], [ [ [ 8.344815101, 4.61140059600001 ], [ 8.344956536999973, 4.609612492 ], [ 8.344681901, 4.609199049999972 ], [ 8.344958248000012, 4.608649754 ], [ 8.344961980999983, 4.606861142000014 ], [ 8.344827802999987, 4.605210315000022 ], [ 8.344553905999987, 4.604383927000015 ], [ 8.344557657, 4.602595796 ], [ 8.344284007999988, 4.601632137000024 ], [ 8.34345997600002, 4.600805257 ], [ 8.341808080000021, 4.600664576999975 ], [ 8.340570383, 4.599561694999977 ], [ 8.339061680999976, 4.596669678000012 ], [ 8.337963855, 4.595291643 ], [ 8.337413593, 4.594740366999986 ], [ 8.335766073, 4.592811604000019 ], [ 8.336593612, 4.591987604999986 ], [ 8.339624244999982, 4.591305732000023 ], [ 8.339901139, 4.590755939000019 ], [ 8.339765757, 4.589792747 ], [ 8.338940698999977, 4.589241029999982 ], [ 8.337563659000011, 4.589100367000015 ], [ 8.336187344, 4.588547715 ], [ 8.333984568, 4.588543415 ], [ 8.332192453, 4.589227702000017 ], [ 8.331091875000027, 4.589087983000013 ], [ 8.330676970000013, 4.589499945999989 ], [ 8.329303862000017, 4.588121414999989 ], [ 8.326963294999985, 4.587566396 ], [ 8.32545097000002, 4.586738129000025 ], [ 8.32311179300001, 4.586045722 ], [ 8.321596269999986, 4.586042883 ], [ 8.319942626999989, 4.586589797999977 ], [ 8.318014960000028, 4.586723780999989 ], [ 8.315396528, 4.587543949 ], [ 8.314705802999981, 4.588505245000022 ], [ 8.313875108, 4.590704914000014 ], [ 8.313732975999983, 4.592493024000021 ], [ 8.313868645000014, 4.593869174000019 ], [ 8.312901537000016, 4.595380313000021 ], [ 8.312898658, 4.596618150999973 ], [ 8.313585461, 4.597169888999986 ], [ 8.313584435999985, 4.597720161999973 ], [ 8.309573274, 4.606103898000015 ], [ 8.309156281000014, 4.607616420999989 ], [ 8.309152615000016, 4.609267204999981 ], [ 8.309564675, 4.610093103 ], [ 8.311903208999979, 4.611198468999987 ], [ 8.313554569000019, 4.611339561000023 ], [ 8.316309796999974, 4.610794522999981 ], [ 8.318926611999984, 4.610937123999975 ], [ 8.319751943000028, 4.611351465999974 ], [ 8.320716022, 4.611491167 ], [ 8.321952877, 4.612731462 ], [ 8.322363040000027, 4.613695597 ], [ 8.322494271999972, 4.616584768999985 ], [ 8.322211512000024, 4.620298362000028 ], [ 8.32137763999998, 4.623598592 ], [ 8.32151153, 4.625662299999988 ], [ 8.322470410999983, 4.627727470000025 ], [ 8.323433776, 4.628279701999986 ], [ 8.324670712999989, 4.629520414000012 ], [ 8.32562937, 4.631723401999977 ], [ 8.32659068800001, 4.633100999000021 ], [ 8.327138128, 4.634614971000019 ], [ 8.32851227499998, 4.636131319000015 ], [ 8.330438373999982, 4.63668536199998 ], [ 8.332229744000017, 4.636551377999979 ], [ 8.333747889, 4.634903425 ], [ 8.335959332000016, 4.63119316 ], [ 8.338169170000015, 4.628033636999987 ], [ 8.339963679999983, 4.626111058 ], [ 8.340792900999986, 4.625012417 ], [ 8.341760709000027, 4.623088406000022 ], [ 8.343294324999988, 4.614286414999981 ], [ 8.344815101, 4.61140059600001 ] ] ], [ [ [ 8.300487295999972, 4.792379406 ], [ 8.29709079700001, 4.792372871 ], [ 8.294825385000024, 4.793018813 ], [ 8.292396129, 4.794964951 ], [ 8.288186054999983, 4.79755789799998 ], [ 8.285918074, 4.799504289000026 ], [ 8.28348712899998, 4.802263234 ], [ 8.282026686999984, 4.804698954 ], [ 8.280564638999977, 4.80794748 ], [ 8.278781181, 4.810219997 ], [ 8.276670872000011, 4.814280112 ], [ 8.275690777000023, 4.819155333000026 ], [ 8.275526921, 4.820130393 ], [ 8.27600227, 4.825171076 ], [ 8.276483064, 4.827448071999981 ], [ 8.277772764000019, 4.829564025000025 ], [ 8.280197493, 4.830381710999973 ], [ 8.282462507999981, 4.830061036000018 ], [ 8.285538329000019, 4.828603945999987 ], [ 8.292989960999989, 4.822440712 ], [ 8.298500919999981, 4.816273685999988 ], [ 8.301257255, 4.812702376 ], [ 8.303528907999976, 4.808804979 ], [ 8.306287589000021, 4.80393305299998 ], [ 8.306130866999979, 4.801169039 ], [ 8.305648086000019, 4.799867611000025 ], [ 8.304845092, 4.796939737 ], [ 8.303070433000016, 4.794660379 ], [ 8.302265008, 4.793033133 ], [ 8.301132655, 4.793030962999978 ], [ 8.300487295999972, 4.792379406 ] ] ], [ [ [ 8.560679694999976, 4.798473349 ], [ 8.559439931999975, 4.798471426 ], [ 8.557785009999975, 4.799569132999977 ], [ 8.556267778, 4.800254850999977 ], [ 8.553507049000018, 4.803551703999972 ], [ 8.553504090999979, 4.805064726000012 ], [ 8.553777868, 4.806028352999988 ], [ 8.555153014999973, 4.807544244999974 ], [ 8.55570314900001, 4.807819812 ], [ 8.556665158999976, 4.808784921999973 ], [ 8.557489472999976, 4.810161602999983 ], [ 8.557899626999983, 4.81181338 ], [ 8.558449603999975, 4.812227269 ], [ 8.558448062000025, 4.813052157000016 ], [ 8.559822866, 4.814430704000017 ], [ 8.562575489999972, 4.816085795999982 ], [ 8.563952196, 4.816363323000019 ], [ 8.565606020000018, 4.816228378 ], [ 8.566295707, 4.815954655999974 ], [ 8.568089550000025, 4.813894268000013 ], [ 8.568366271, 4.813344025999982 ], [ 8.568367078, 4.812655909999989 ], [ 8.568918907000011, 4.811969297000019 ], [ 8.569061080999973, 4.809630829000014 ], [ 8.569616048, 4.807705883999972 ], [ 8.570169314, 4.806743599000015 ], [ 8.571548302999986, 4.805507665999983 ], [ 8.571964374, 4.804545419000021 ], [ 8.57196533299998, 4.803720031000012 ], [ 8.571277365000014, 4.803030955999986 ], [ 8.570177111000021, 4.802478813999983 ], [ 8.569074519000026, 4.802477364000026 ], [ 8.568248480000022, 4.802063015999977 ], [ 8.567284363, 4.801923767 ], [ 8.566872719, 4.80151033300001 ], [ 8.565358081999989, 4.800957665 ], [ 8.564946443, 4.800544247 ], [ 8.564257843, 4.800405505000015 ], [ 8.562193743000023, 4.799026517000016 ], [ 8.561366839000016, 4.798887251 ], [ 8.560679694999976, 4.798473349 ] ] ], [ [ [ 8.586840551000023, 4.804707064000013 ], [ 8.583398132000013, 4.804426694000028 ], [ 8.580778800000019, 4.80469703 ], [ 8.578713215999983, 4.80455639500002 ], [ 8.576509541, 4.804690390000019 ], [ 8.575268887, 4.804963564 ], [ 8.574028129, 4.805787079000027 ], [ 8.573614395, 4.806199059 ], [ 8.572368591999975, 4.808948514 ], [ 8.571397563, 4.812798518000022 ], [ 8.570568146000028, 4.814311049000025 ], [ 8.570428690000028, 4.815273768 ], [ 8.570842046999985, 4.815686699000025 ], [ 8.572631632000025, 4.815827351 ], [ 8.57345769, 4.816241263 ], [ 8.577177017999986, 4.816385259000015 ], [ 8.58090282400002, 4.812814238999977 ], [ 8.58186831, 4.812265836 ], [ 8.583110092000027, 4.811029425000015 ], [ 8.584902576, 4.810069087999977 ], [ 8.587800216, 4.807322998000018 ], [ 8.588351406000015, 4.807185646 ], [ 8.588903589999973, 4.806636348999973 ], [ 8.58904284099998, 4.805811394999978 ], [ 8.58807932000002, 4.805121892999978 ], [ 8.586840551000023, 4.804707064000013 ] ] ] ] } }
]
}
