{"type": "FeatureCollection", "features": [{"type": "Feature", "properties": {"name": "Aba", "level": "settlement", "lga": "Aba South", "state": "Abia"}, "geometry": {"type": "Point", "coordinates": [7.36666700000012, 5.106576000000189]}}, {"type": "Feature", "properties": {"name": "Abadam", "level": "settlement", "lga": "Abadam", "state": "Borno"}, "geometry": {"type": "Point", "coordinates": [13.264381000000128, 13.616902]}}, {"type": "Feature", "properties": {"name": "Abagana", "level": "settlement", "lga": "Njikoka", "state": "Anambra"}, "geometry": {"type": "Point", "coordinates": [6.976553000000138, 6.184196]}}, {"type": "Feature", "properties": {"name": "Abaji", "level": "settlement", "lga": "Abaji", "state": "Federal Capital Territory"}, "geometry": {"type": "Point", "coordinates": [6.950000000000159, 8.466667]}}, {"type": "Feature", "properties": {"name": "Abak", "level": "settlement", "lga": "Abak", "state": "Akwa Ibom"}, "geometry": {"type": "Point", "coordinates": [7.791708, 4.97970000000015]}}, {"type": "Feature", "properties": {"name": "Abak-Ibiaku Uruan", "level": "settlement", "lga": "Uruan", "state": "Akwa Ibom"}, "geometry": {"type": "Point", "coordinates": [7.938705, 5.078525]}}, {"type": "Feature", "properties": {"name": "Abakaliki", "level": "settlement", "lga": "Abakaliki", "state": "Ebonyi"}, "geometry": {"type": "Point", "coordinates": [8.116908, 6.316249000000141]}}, {"type": "Feature", "properties": {"name": "Abat", "level": "settlement", "lga": "Onna", "state": "Akwa Ibom"}, "geometry": {"type": "Point", "coordinates": [7.866794, 4.616312000000107]}}, {"type": "Feature", "properties": {"name": "Abejukolo", "level": "settlement", "lga": "Omala", "state": "Kogi"}, "geometry": {"type": "Point", "coordinates": [7.53092700000019, 7.81798300000014]}}, {"type": "Feature", "properties": {"name": "Abeokuta", "level": "settlement", "lga": "Abeokuta South", "state": "Ogun"}, "geometry": {"type": "Point", "coordinates": [3.35, 7.15]}}, {"type": "Feature", "properties": {"name": "Abigi", "level": "settlement", "lga": "Ogun waterside", "state": "Ogun"}, "geometry": {"type": "Point", "coordinates": [4.396654000000126, 6.48122]}}, {"type": "Feature", "properties": {"name": "Aboh", "level": "settlement", "lga": "Ndokwa East", "state": "Delta"}, "geometry": {"type": "Point", "coordinates": [6.528120000000115, 5.546392]}}, {"type": "Feature", "properties": {"name": "Abonnema", "level": "settlement", "lga": "Akuku Toru", "state": "Rivers"}, "geometry": {"type": "Point", "coordinates": [6.793071, 4.708438000000115]}}, {"type": "Feature", "properties": {"name": "Abonnema", "level": "settlement", "lga": "Akuku Toru", "state": "Rivers"}, "geometry": {"type": "Point", "coordinates": [6.793071, 4.708438000000115]}}, {"type": "Feature", "properties": {"name": "Abonnema", "level": "settlement", "lga": "Akuku Toru", "state": "Rivers"}, "geometry": {"type": "Point", "coordinates": [6.793071, 4.708438000000115]}}, {"type": "Feature", "properties": {"name": "Abonnema", "level": "settlement", "lga": "Akuku Toru", "state": "Rivers"}, "geometry": {"type": "Point", "coordinates": [6.793071, 4.708438000000115]}}, {"type": "Feature", "properties": {"name": "Abonnema", "level": "settlement", "lga": "Akuku Toru", "state": "Rivers"}, "geometry": {"type": "Point", "coordinates": [6.793071, 4.708438000000115]}}, {"type": "Feature", "properties": {"name": "Abonnema", "level": "settlement", "lga": "Akuku Toru", "state": "Rivers"}, "geometry": {"type": "Point", "coordinates": [6.793071, 4.708438000000115]}}, {"type": "Feature", "properties": {"name": "Abonnema", "level": "settlement", "lga": "Akuku Toru", "state": "Rivers"}, "geometry": {"type": "Point", "coordinates": [6.793071, 4.708438000000115]}}, {"type": "Feature", "properties": {"name": "Abonnema", "level": "settlement", "lga": "Akuku Toru", "state": "Rivers"}, "geometry": {"type": "Point", "coordinates": [6.793071, 4.708438000000115]}}, {"type": "Feature", "properties": {"name": "Abonnema", "level": "settlement", "lga": "Akuku Toru", "state": "Rivers"}, "geometry": {"type": "Point", "coordinates": [6.793071, 4.708438000000115]}}, {"type": "Feature", "properties": {"name": "Abonnema", "level": "settlement", "lga": "Akuku Toru", "state": "Rivers"}, "geometry": {"type": "Point", "coordinates": [6.793071, 4.708438000000115]}}, {"type": "Feature", "properties": {"name": "Abonnema", "level": "settlement", "lga": "Akuku Toru", "state": "Rivers"}, "geometry": {"type": "Point", "coordinates": [6.793071, 4.708438000000115]}}, {"type": "Feature", "properties": {"name": "Abonnema", "level": "settlement", "lga": "Akuku Toru", "state": "Rivers"}, "geometry": {"type": "Point", "coordinates": [6.793071, 4.708438000000115]}}, {"type": "Feature", "properties": {"name": "Abonnema", "level": "settlement", "lga": "Akuku Toru", "state": "Rivers"}, "geometry": {"type": "Point", "coordinates": [6.793071, 4.708438000000115]}}, {"type": "Feature", "properties": {"name": "Abonnema", "level": "settlement", "lga": "Akuku Toru", "state": "Rivers"}, "geometry": {"type": "Point", "coordinates": [6.793071, 4.708438000000115]}}, {"type": "Feature", "properties": {"name": "Abonnema", "level": "settlement", "lga": "Akuku Toru", "state": "Rivers"}, "geometry": {"type": "Point", "coordinates": [6.793071, 4.708438000000115]}}, {"type": "Feature", "properties": {"name": "Abonnema", "level": "settlement", "lga": "Akuku Toru", "state": "Rivers"}, "geometry": {"type": "Point", "coordinates": [6.793071, 4.708438000000115]}}, {"type": "Feature", "properties": {"name": "Abua", "level": "settlement", "lga": "Abua/Odual", "state": "Rivers"}, "geometry": {"type": "Point", "coordinates": [6.644169000000147, 4.856778]}}, {"type": "Feature", "properties": {"name": "Abudu", "level": "settlement", "lga": "Orhionmwon", "state": "Edo"}, "geometry": {"type": "Point", "coordinates": [6.036358, 6.29343]}}, {"type": "Feature", "properties": {"name": "Abuja", "level": "settlement", "lga": "Kwali", "state": "Federal Capital Territory"}, "geometry": {"type": "Point", "coordinates": [7.4675, 9.070556000000181]}}, {"type": "Feature", "properties": {"name": "Achalla", "level": "settlement", "lga": "Awka North", "state": "Anambra"}, "geometry": {"type": "Point", "coordinates": [6.989788, 6.334484]}}, {"type": "Feature", "properties": {"name": "Adikpo", "level": "settlement", "lga": "Kwande", "state": "Benue"}, "geometry": {"type": "Point", "coordinates": [9.23547200000013, 6.887886000000151]}}, {"type": "Feature", "properties": {"name": "Ado-Ekiti", "level": "settlement", "lga": "Ado Ekiti", "state": "Ekiti"}, "geometry": {"type": "Point", "coordinates": [5.221495000000118, 7.621001]}}, {"type": "Feature", "properties": {"name": "Ado Odo", "level": "settlement", "lga": "Ado-Odo/Ota", "state": "Ogun"}, "geometry": {"type": "Point", "coordinates": [2.933333000000175, 6.6]}}, {"type": "Feature", "properties": {"name": "Afaha Ibesikpo", "level": "settlement", "lga": "Ibesikpo Asutan", "state": "Akwa Ibom"}, "geometry": {"type": "Point", "coordinates": [7.935654, 4.971107]}}, {"type": "Feature", "properties": {"name": "Afikpo", "level": "settlement", "lga": "Afikpo North", "state": "Ebonyi"}, "geometry": {"type": "Point", "coordinates": [7.937353000000144, 5.893121]}}, {"type": "Feature", "properties": {"name": "Afon", "level": "settlement", "lga": "Asa", "state": "Kwara"}, "geometry": {"type": "Point", "coordinates": [4.533333, 8.316667]}}, {"type": "Feature", "properties": {"name": "Afuze", "level": "settlement", "lga": "Owan East", "state": "Edo"}, "geometry": {"type": "Point", "coordinates": [6.043194, 6.967512000000113]}}, {"type": "Feature", "properties": {"name": "Agaie", "level": "settlement", "lga": "Agaie", "state": "Niger"}, "geometry": {"type": "Point", "coordinates": [6.316667000000109, 9.016667]}}, {"type": "Feature", "properties": {"name": "Agbani", "level": "settlement", "lga": "Nkanu West", "state": "Enugu"}, "geometry": {"type": "Point", "coordinates": [7.551934000000131, 6.307904000000178]}}, {"type": "Feature", "properties": {"name": "Agbor", "level": "settlement", "lga": "Ika South", "state": "Delta"}, "geometry": {"type": "Point", "coordinates": [6.150523, 6.266193000000101]}}, {"type": "Feature", "properties": {"name": "Agege", "level": "settlement", "lga": "Agege", "state": "Lagos"}, "geometry": {"type": "Point", "coordinates": [3.324371, 6.614259000000175]}}, {"type": "Feature", "properties": {"name": "Agenebode", "level": "settlement", "lga": "Etsako East", "state": "Edo"}, "geometry": {"type": "Point", "coordinates": [6.6966, 7.106000000000108]}}, {"type": "Feature", "properties": {"name": "Ago-Amodu", "level": "settlement", "lga": "Saki East", "state": "Oyo"}, "geometry": {"type": "Point", "coordinates": [3.616667000000177, 8.616667]}}, {"type": "Feature", "properties": {"name": "Aguleri", "level": "settlement", "lga": "Anambra East", "state": "Anambra"}, "geometry": {"type": "Point", "coordinates": [6.890214, 6.322409]}}, {"type": "Feature", "properties": {"name": "Agulu", "level": "settlement", "lga": "Anaocha", "state": "Anambra"}, "geometry": {"type": "Point", "coordinates": [7.072400000000187, 6.110000000000127]}}, {"type": "Feature", "properties": {"name": "Agwarra", "level": "settlement", "lga": "Agwara", "state": "Niger"}, "geometry": {"type": "Point", "coordinates": [4.582222000000172, 10.70411200000018]}}, {"type": "Feature", "properties": {"name": "Ahoada", "level": "settlement", "lga": "Ahoada East", "state": "Rivers"}, "geometry": {"type": "Point", "coordinates": [6.653529000000105, 5.073951000000136]}}, {"type": "Feature", "properties": {"name": "Aiyete", "level": "settlement", "lga": "Ibarapa North", "state": "Oyo"}, "geometry": {"type": "Point", "coordinates": [3.216667, 7.550000000000182]}}, {"type": "Feature", "properties": {"name": "Aiyetoro", "level": "settlement", "lga": "Egbado North", "state": "Ogun"}, "geometry": {"type": "Point", "coordinates": [3.033333000000141, 7.233333]}}, {"type": "Feature", "properties": {"name": "Ajaka", "level": "settlement", "lga": "Igalamela-Odolu", "state": "Kogi"}, "geometry": {"type": "Point", "coordinates": [6.826500000000181, 7.1711]}}, {"type": "Feature", "properties": {"name": "Ajaokuta", "level": "settlement", "lga": "Ajaokuta", "state": "Kogi"}, "geometry": {"type": "Point", "coordinates": [6.6947, 7.4605]}}, {"type": "Feature", "properties": {"name": "Ajawa", "level": "settlement", "lga": "Ogo Oluwa", "state": "Oyo"}, "geometry": {"type": "Point", "coordinates": [4.133333, 7.933333]}}, {"type": "Feature", "properties": {"name": "Ajingi", "level": "settlement", "lga": "Ajingi", "state": "Kano"}, "geometry": {"type": "Point", "coordinates": [9.036800000000142, 11.967022000000156]}}, {"type": "Feature", "properties": {"name": "Akankpa", "level": "settlement", "lga": "Akamkpa", "state": "Cross River"}, "geometry": {"type": "Point", "coordinates": [8.355357, 5.31278]}}, {"type": "Feature", "properties": {"name": "Akanran", "level": "settlement", "lga": "Ona-Ara", "state": "Oyo"}, "geometry": {"type": "Point", "coordinates": [4.033333, 7.283333]}}, {"type": "Feature", "properties": {"name": "Akinima", "level": "settlement", "lga": "Ahoada West", "state": "Rivers"}, "geometry": {"type": "Point", "coordinates": [6.470887, 5.085797]}}, {"type": "Feature", "properties": {"name": "Akko", "level": "settlement", "lga": "Akko", "state": "Gombe"}, "geometry": {"type": "Point", "coordinates": [10.973204, 10.28899100000018]}}, {"type": "Feature", "properties": {"name": "Akure", "level": "settlement", "lga": "Akure South", "state": "Ondo"}, "geometry": {"type": "Point", "coordinates": [5.193118, 7.25256]}}, {"type": "Feature", "properties": {"name": "Akwa", "level": "settlement", "lga": "Awka South", "state": "Anambra"}, "geometry": {"type": "Point", "coordinates": [7.074115000000177, 6.210095000000138]}}, {"type": "Feature", "properties": {"name": "Akwanga", "level": "settlement", "lga": "Akwanga", "state": "Nasarawa"}, "geometry": {"type": "Point", "coordinates": [8.383333000000107, 8.916667]}}, {"type": "Feature", "properties": {"name": "Akwete", "level": "settlement", "lga": "Ukwa East", "state": "Abia"}, "geometry": {"type": "Point", "coordinates": [7.356864000000144, 4.886881000000187]}}, {"type": "Feature", "properties": {"name": "Akwukwu-Igbo", "level": "settlement", "lga": "Oshimili North", "state": "Delta"}, "geometry": {"type": "Point", "coordinates": [6.591061000000138, 6.355421]}}, {"type": "Feature", "properties": {"name": "Albasu", "level": "settlement", "lga": "Albasu", "state": "Kano"}, "geometry": {"type": "Point", "coordinates": [9.13866800000011, 11.675187000000165]}}, {"type": "Feature", "properties": {"name": "Aliade", "level": "settlement", "lga": "Gwer East", "state": "Benue"}, "geometry": {"type": "Point", "coordinates": [8.487, 7.2964]}}, {"type": "Feature", "properties": {"name": "Aliero", "level": "settlement", "lga": "Aleiro", "state": "Kebbi"}, "geometry": {"type": "Point", "coordinates": [4.47122, 12.287684000000183]}}, {"type": "Feature", "properties": {"name": "Alimosho", "level": "settlement", "lga": "Alimosho", "state": "Lagos"}, "geometry": {"type": "Point", "coordinates": [3.296111, 6.610833]}}, {"type": "Feature", "properties": {"name": "Alkaleri", "level": "settlement", "lga": "Alkaleri", "state": "Bauchi"}, "geometry": {"type": "Point", "coordinates": [10.335287, 10.266055000000108]}}, {"type": "Feature", "properties": {"name": "Amagunze", "level": "settlement", "lga": "Nkanu East", "state": "Enugu"}, "geometry": {"type": "Point", "coordinates": [7.6539, 6.32670000000013]}}, {"type": "Feature", "properties": {"name": "Amuwo", "level": "settlement", "lga": "Amuwo-Odofin", "state": "Lagos"}, "geometry": {"type": "Point", "coordinates": [3.295815, 6.469861]}}, {"type": "Feature", "properties": {"name": "Anka", "level": "settlement", "lga": "Anka", "state": "Zamfara"}, "geometry": {"type": "Point", "coordinates": [5.924273, 12.113814000000104]}}, {"type": "Feature", "properties": {"name": "Ankpa", "level": "settlement", "lga": "Ankpa", "state": "Kogi"}, "geometry": {"type": "Point", "coordinates": [7.6253, 7.370575]}}, {"type": "Feature", "properties": {"name": "Apapa", "level": "settlement", "lga": "Apapa", "state": "Lagos"}, "geometry": {"type": "Point", "coordinates": [3.359167000000127, 6.445556]}}, {"type": "Feature", "properties": {"name": "Apomu", "level": "settlement", "lga": "Isokan", "state": "Osun"}, "geometry": {"type": "Point", "coordinates": [4.183333000000118, 7.333333]}}, {"type": "Feature", "properties": {"name": "Aramoko-Ekiti", "level": "settlement", "lga": "Ekiti West", "state": "Ekiti"}, "geometry": {"type": "Point", "coordinates": [5.044737, 7.709272000000112]}}, {"type": "Feature", "properties": {"name": "Araromi-Opin", "level": "settlement", "lga": "Ekiti", "state": "Kwara"}, "geometry": {"type": "Point", "coordinates": [5.25, 8.066667000000109]}}, {"type": "Feature", "properties": {"name": "Argungu", "level": "settlement", "lga": "Argungu", "state": "Kebbi"}, "geometry": {"type": "Point", "coordinates": [4.526872, 12.743336000000113]}}, {"type": "Feature", "properties": {"name": "Arochukwu", "level": "settlement", "lga": "Arochukwu", "state": "Abia"}, "geometry": {"type": "Point", "coordinates": [7.914043, 5.389791000000173]}}, {"type": "Feature", "properties": {"name": "Arowomole", "level": "settlement", "lga": "Ogo Oluwa", "state": "Oyo"}, "geometry": {"type": "Point", "coordinates": [4.200000000000159, 8.05]}}, {"type": "Feature", "properties": {"name": "Asaba", "level": "settlement", "lga": "Oshimili South", "state": "Delta"}, "geometry": {"type": "Point", "coordinates": [6.733845, 6.200643000000184]}}, {"type": "Feature", "properties": {"name": "Askira", "level": "settlement", "lga": "Askira/Uba", "state": "Borno"}, "geometry": {"type": "Point", "coordinates": [12.911043, 10.646971]}}, {"type": "Feature", "properties": {"name": "Atani", "level": "settlement", "lga": "Ogbaru", "state": "Anambra"}, "geometry": {"type": "Point", "coordinates": [6.74458900000019, 6.015773]}}, {"type": "Feature", "properties": {"name": "Auchi", "level": "settlement", "lga": "Etsako West", "state": "Edo"}, "geometry": {"type": "Point", "coordinates": [6.266667, 7.066667000000109]}}, {"type": "Feature", "properties": {"name": "Augie", "level": "settlement", "lga": "Augie", "state": "Kebbi"}, "geometry": {"type": "Point", "coordinates": [4.599805000000117, 12.887882]}}, {"type": "Feature", "properties": {"name": "Auyo", "level": "settlement", "lga": "Auyo", "state": "Jigawa"}, "geometry": {"type": "Point", "coordinates": [9.968092, 12.358146]}}, {"type": "Feature", "properties": {"name": "Awe", "level": "settlement", "lga": "Awe", "state": "Nasarawa"}, "geometry": {"type": "Point", "coordinates": [9.133333000000107, 8.100000000000136]}}, {"type": "Feature", "properties": {"name": "Awgu", "level": "settlement", "lga": "Awgu", "state": "Enugu"}, "geometry": {"type": "Point", "coordinates": [7.478600000000142, 6.074200000000133]}}, {"type": "Feature", "properties": {"name": "Awo Idemiri", "level": "settlement", "lga": "Orsu", "state": "Imo"}, "geometry": {"type": "Point", "coordinates": [6.935979, 5.823884000000135]}}, {"type": "Feature", "properties": {"name": "Azare", "level": "settlement", "lga": "Hawul", "state": "Borno"}, "geometry": {"type": "Point", "coordinates": [12.119313, 10.441423000000157]}}, {"type": "Feature", "properties": {"name": "Azare", "level": "settlement", "lga": "Katagum", "state": "Bauchi"}, "geometry": {"type": "Point", "coordinates": [10.1948, 11.6765]}}, {"type": "Feature", "properties": {"name": "Babban Gida", "level": "settlement", "lga": "Tarmua", "state": "Yobe"}, "geometry": {"type": "Point", "coordinates": [11.7539, 12.1076]}}, {"type": "Feature", "properties": {"name": "Babura", "level": "settlement", "lga": "Babura", "state": "Jigawa"}, "geometry": {"type": "Point", "coordinates": [9.015827000000172, 12.773048000000188]}}, {"type": "Feature", "properties": {"name": "Badagri", "level": "settlement", "lga": "Badagry", "state": "Lagos"}, "geometry": {"type": "Point", "coordinates": [2.883333000000107, 6.416667]}}, {"type": "Feature", "properties": {"name": "Bagudo", "level": "settlement", "lga": "Bagudo", "state": "Kebbi"}, "geometry": {"type": "Point", "coordinates": [4.229585, 11.403288000000146]}}, {"type": "Feature", "properties": {"name": "Bagwai", "level": "settlement", "lga": "Bagwai", "state": "Kano"}, "geometry": {"type": "Point", "coordinates": [8.135800000000131, 12.157704]}}, {"type": "Feature", "properties": {"name": "Baissa", "level": "settlement", "lga": "Kurmi", "state": "Taraba"}, "geometry": {"type": "Point", "coordinates": [10.616667, 7.250000000000171]}}, {"type": "Feature", "properties": {"name": "Bajoga", "level": "settlement", "lga": "Funakaye", "state": "Gombe"}, "geometry": {"type": "Point", "coordinates": [11.431353, 10.850900000000138]}}, {"type": "Feature", "properties": {"name": "Bakori", "level": "settlement", "lga": "Bakori", "state": "Katsina"}, "geometry": {"type": "Point", "coordinates": [7.42425100000014, 11.55445]}}, {"type": "Feature", "properties": {"name": "Bakura", "level": "settlement", "lga": "Bakura", "state": "Zamfara"}, "geometry": {"type": "Point", "coordinates": [5.874872, 12.710459000000185]}}, {"type": "Feature", "properties": {"name": "Balanga", "level": "settlement", "lga": "Balanga", "state": "Gombe"}, "geometry": {"type": "Point", "coordinates": [11.55, 10.016667]}}, {"type": "Feature", "properties": {"name": "Bali", "level": "settlement", "lga": "Bali", "state": "Taraba"}, "geometry": {"type": "Point", "coordinates": [10.966667, 7.866667]}}, {"type": "Feature", "properties": {"name": "Balle", "level": "settlement", "lga": "Gudu", "state": "Sokoto"}, "geometry": {"type": "Point", "coordinates": [4.678966000000173, 13.46856]}}, {"type": "Feature", "properties": {"name": "Bama", "level": "settlement", "lga": "Bama", "state": "Borno"}, "geometry": {"type": "Point", "coordinates": [13.685579000000189, 11.522103]}}, {"type": "Feature", "properties": {"name": "Barikin Ladi", "level": "settlement", "lga": "Barikin Ladi", "state": "Plateau"}, "geometry": {"type": "Point", "coordinates": [8.9, 9.533333]}}, {"type": "Feature", "properties": {"name": "Bassa", "level": "settlement", "lga": "Bassa", "state": "Plateau"}, "geometry": {"type": "Point", "coordinates": [8.73333300000013, 9.933333]}}, {"type": "Feature", "properties": {"name": "Batagarawa", "level": "settlement", "lga": "Batagarawa", "state": "Katsina"}, "geometry": {"type": "Point", "coordinates": [7.619442, 12.903077000000167]}}, {"type": "Feature", "properties": {"name": "Batsari", "level": "settlement", "lga": "Batsari", "state": "Katsina"}, "geometry": {"type": "Point", "coordinates": [7.244719, 12.751466000000107]}}, {"type": "Feature", "properties": {"name": "Bauchi", "level": "settlement", "lga": "Ganjuwa", "state": "Bauchi"}, "geometry": {"type": "Point", "coordinates": [9.840234000000123, 10.308889]}}, {"type": "Feature", "properties": {"name": "Baure", "level": "settlement", "lga": "Baure", "state": "Katsina"}, "geometry": {"type": "Point", "coordinates": [8.746383, 12.836146]}}, {"type": "Feature", "properties": {"name": "Bebeji", "level": "settlement", "lga": "Bebeji", "state": "Kano"}, "geometry": {"type": "Point", "coordinates": [8.262172, 11.667256000000123]}}, {"type": "Feature", "properties": {"name": "Bekwara", "level": "settlement", "lga": "Bekwara", "state": "Cross River"}, "geometry": {"type": "Point", "coordinates": [8.9233, 6.736800000000187]}}, {"type": "Feature", "properties": {"name": "Bende", "level": "settlement", "lga": "Bende", "state": "Abia"}, "geometry": {"type": "Point", "coordinates": [7.636764, 5.557182]}}, {"type": "Feature", "properties": {"name": "Benin City", "level": "settlement", "lga": "Oredo", "state": "Edo"}, "geometry": {"type": "Point", "coordinates": [5.627492000000132, 6.33504500000015]}}, {"type": "Feature", "properties": {"name": "Benisheik", "level": "settlement", "lga": "Kaga", "state": "Borno"}, "geometry": {"type": "Point", "coordinates": [12.4909, 11.807200000000137]}}, {"type": "Feature", "properties": {"name": "Bichi", "level": "settlement", "lga": "Bichi", "state": "Kano"}, "geometry": {"type": "Point", "coordinates": [8.241181000000154, 12.234297]}}, {"type": "Feature", "properties": {"name": "Bida", "level": "settlement", "lga": "Bida", "state": "Niger"}, "geometry": {"type": "Point", "coordinates": [6.016667, 9.083333]}}, {"type": "Feature", "properties": {"name": "Billiri", "level": "settlement", "lga": "Billiri", "state": "Gombe"}, "geometry": {"type": "Point", "coordinates": [11.225278, 9.864722]}}, {"type": "Feature", "properties": {"name": "Bindawa", "level": "settlement", "lga": "Bindawa", "state": "Katsina"}, "geometry": {"type": "Point", "coordinates": [7.809415000000172, 12.667703000000131]}}, {"type": "Feature", "properties": {"name": "Binji", "level": "settlement", "lga": "Binji", "state": "Sokoto"}, "geometry": {"type": "Point", "coordinates": [4.909553, 13.222773000000188]}}, {"type": "Feature", "properties": {"name": "Birinawa", "level": "settlement", "lga": "Biriniwa", "state": "Jigawa"}, "geometry": {"type": "Point", "coordinates": [10.2348, 12.790300000000173]}}, {"type": "Feature", "properties": {"name": "Birni Mogaji", "level": "settlement", "lga": "Birnin Magaji", "state": "Zamfara"}, "geometry": {"type": "Point", "coordinates": [6.811283, 12.543635000000108]}}, {"type": "Feature", "properties": {"name": "Birnin-Gwari", "level": "settlement", "lga": "Birnin-Gwari", "state": "Kaduna"}, "geometry": {"type": "Point", "coordinates": [6.780358000000149, 11.015374000000122]}}, {"type": "Feature", "properties": {"name": "Birnin Kebbi", "level": "settlement", "lga": "Birnin Kebbi", "state": "Kebbi"}, "geometry": {"type": "Point", "coordinates": [4.1975, 12.453889000000174]}}, {"type": "Feature", "properties": {"name": "Birnin Kudu", "level": "settlement", "lga": "Birni Kudu", "state": "Jigawa"}, "geometry": {"type": "Point", "coordinates": [9.498397000000125, 11.445877]}}, {"type": "Feature", "properties": {"name": "Biu", "level": "settlement", "lga": "Biu", "state": "Borno"}, "geometry": {"type": "Point", "coordinates": [12.194579000000147, 10.612854]}}, {"type": "Feature", "properties": {"name": "Bodinga", "level": "settlement", "lga": "Bodinga", "state": "Sokoto"}, "geometry": {"type": "Point", "coordinates": [5.17194400000011, 12.876111]}}, {"type": "Feature", "properties": {"name": "Bogoro", "level": "settlement", "lga": "Bogoro", "state": "Bauchi"}, "geometry": {"type": "Point", "coordinates": [9.616667, 9.65]}}, {"type": "Feature", "properties": {"name": "Boji", "level": "settlement", "lga": "Boki", "state": "Cross River"}, "geometry": {"type": "Point", "coordinates": [8.910347000000115, 6.289317]}}, {"type": "Feature", "properties": {"name": "Bokkos", "level": "settlement", "lga": "Bokkos", "state": "Plateau"}, "geometry": {"type": "Point", "coordinates": [9.00000000000017, 9.300000000000182]}}, {"type": "Feature", "properties": {"name": "Bolorunduro", "level": "settlement", "lga": "Ondo East", "state": "Ondo"}, "geometry": {"type": "Point", "coordinates": [4.966667, 7.166667]}}, {"type": "Feature", "properties": {"name": "Bomadi", "level": "settlement", "lga": "Bomadi", "state": "Delta"}, "geometry": {"type": "Point", "coordinates": [5.925160000000119, 5.159311]}}, {"type": "Feature", "properties": {"name": "Bori", "level": "settlement", "lga": "Khana", "state": "Rivers"}, "geometry": {"type": "Point", "coordinates": [7.362008000000117, 4.673663000000147]}}, {"type": "Feature", "properties": {"name": "Bosso", "level": "settlement", "lga": "Bosso", "state": "Niger"}, "geometry": {"type": "Point", "coordinates": [6.516111, 9.653333000000146]}}, {"type": "Feature", "properties": {"name": "Brass", "level": "settlement", "lga": "Brass", "state": "Bayelsa"}, "geometry": {"type": "Point", "coordinates": [6.23333300000013, 4.3]}}, {"type": "Feature", "properties": {"name": "Buji", "level": "settlement", "lga": "Buji", "state": "Jigawa"}, "geometry": {"type": "Point", "coordinates": [9.671172000000183, 11.518597]}}, {"type": "Feature", "properties": {"name": "Bukkuyum", "level": "settlement", "lga": "Bukkuyum", "state": "Zamfara"}, "geometry": {"type": "Point", "coordinates": [5.466486, 12.13769200000013]}}, {"type": "Feature", "properties": {"name": "Bukuru", "level": "settlement", "lga": "Jos South", "state": "Plateau"}, "geometry": {"type": "Point", "coordinates": [8.866667, 9.8]}}, {"type": "Feature", "properties": {"name": "Bungudu", "level": "settlement", "lga": "Bungudu", "state": "Zamfara"}, "geometry": {"type": "Point", "coordinates": [6.547476, 12.267152]}}, {"type": "Feature", "properties": {"name": "Bunkure", "level": "settlement", "lga": "Bunkure", "state": "Kano"}, "geometry": {"type": "Point", "coordinates": [8.539934, 11.696699]}}, {"type": "Feature", "properties": {"name": "Bunza", "level": "settlement", "lga": "Bunza", "state": "Kebbi"}, "geometry": {"type": "Point", "coordinates": [4.013028000000133, 12.091632]}}, {"type": "Feature", "properties": {"name": "Buruku", "level": "settlement", "lga": "Buruku", "state": "Benue"}, "geometry": {"type": "Point", "coordinates": [9.2, 7.466667]}}, {"type": "Feature", "properties": {"name": "Burutu", "level": "settlement", "lga": "Burutu", "state": "Delta"}, "geometry": {"type": "Point", "coordinates": [5.50758500000012, 5.350908000000118]}}, {"type": "Feature", "properties": {"name": "Calabar", "level": "settlement", "lga": "Calabar-Municipal", "state": "Cross River"}, "geometry": {"type": "Point", "coordinates": [8.333333, 4.966667]}}, {"type": "Feature", "properties": {"name": "Chafe", "level": "settlement", "lga": "Tsafe", "state": "Zamfara"}, "geometry": {"type": "Point", "coordinates": [6.922322000000122, 11.955273]}}, {"type": "Feature", "properties": {"name": "Charanchi", "level": "settlement", "lga": "Charanchi", "state": "Katsina"}, "geometry": {"type": "Point", "coordinates": [7.73194, 12.67086300000011]}}, {"type": "Feature", "properties": {"name": "Chibok", "level": "settlement", "lga": "Chibok", "state": "Borno"}, "geometry": {"type": "Point", "coordinates": [12.847017000000164, 10.865830000000187]}}, {"type": "Feature", "properties": {"name": "Chikun", "level": "settlement", "lga": "Chikun", "state": "Kaduna"}, "geometry": {"type": "Point", "coordinates": [7.108446000000129, 10.26911900000016]}}, {"type": "Feature", "properties": {"name": "Chongwom", "level": "settlement", "lga": "Shomgom", "state": "Gombe"}, "geometry": {"type": "Point", "coordinates": [11.25, 9.783333]}}, {"type": "Feature", "properties": {"name": "Damasak", "level": "settlement", "lga": "Mobbar", "state": "Borno"}, "geometry": {"type": "Point", "coordinates": [12.495205000000112, 13.097706]}}, {"type": "Feature", "properties": {"name": "Damaturu", "level": "settlement", "lga": "Damaturu", "state": "Yobe"}, "geometry": {"type": "Point", "coordinates": [11.96080000000012, 11.747]}}, {"type": "Feature", "properties": {"name": "Damban", "level": "settlement", "lga": "Damban", "state": "Bauchi"}, "geometry": {"type": "Point", "coordinates": [10.7074, 11.679300000000126]}}, {"type": "Feature", "properties": {"name": "Dambatta", "level": "settlement", "lga": "Dambatta", "state": "Kano"}, "geometry": {"type": "Point", "coordinates": [8.515409000000147, 12.433031000000142]}}, {"type": "Feature", "properties": {"name": "Damboa", "level": "settlement", "lga": "Damboa", "state": "Borno"}, "geometry": {"type": "Point", "coordinates": [12.757583000000125, 11.156036]}}, {"type": "Feature", "properties": {"name": "Dan Dume", "level": "settlement", "lga": "Dandume", "state": "Katsina"}, "geometry": {"type": "Point", "coordinates": [7.12770300000011, 11.446185000000128]}}, {"type": "Feature", "properties": {"name": "Dan Musa", "level": "settlement", "lga": "Dan Musa", "state": "Katsina"}, "geometry": {"type": "Point", "coordinates": [7.334091, 12.261568]}}, {"type": "Feature", "properties": {"name": "Dange", "level": "settlement", "lga": "Dange-Shuni", "state": "Sokoto"}, "geometry": {"type": "Point", "coordinates": [5.347046000000148, 12.851278]}}, {"type": "Feature", "properties": {"name": "Dani", "level": "settlement", "lga": "Karim-Lamido", "state": "Taraba"}, "geometry": {"type": "Point", "coordinates": [10.85, 9.416667000000132]}}, {"type": "Feature", "properties": {"name": "Danja", "level": "settlement", "lga": "Danja", "state": "Katsina"}, "geometry": {"type": "Point", "coordinates": [7.562489, 11.376431]}}, {"type": "Feature", "properties": {"name": "Dapchi", "level": "settlement", "lga": "Bursari", "state": "Yobe"}, "geometry": {"type": "Point", "coordinates": [11.4944, 12.4904]}}, {"type": "Feature", "properties": {"name": "Darazo", "level": "settlement", "lga": "Darazo", "state": "Bauchi"}, "geometry": {"type": "Point", "coordinates": [10.411791000000107, 10.993754]}}, {"type": "Feature", "properties": {"name": "Dass", "level": "settlement", "lga": "Dass", "state": "Bauchi"}, "geometry": {"type": "Point", "coordinates": [9.516111, 10.000833000000114]}}, {"type": "Feature", "properties": {"name": "Daura", "level": "settlement", "lga": "Daura", "state": "Katsina"}, "geometry": {"type": "Point", "coordinates": [8.316313, 13.035941]}}, {"type": "Feature", "properties": {"name": "Dawakin Kudu", "level": "settlement", "lga": "Dawakin Kudu", "state": "Kano"}, "geometry": {"type": "Point", "coordinates": [8.597561, 11.835052000000132]}}, {"type": "Feature", "properties": {"name": "Dawakin Tofa", "level": "settlement", "lga": "Dawakin Tofa", "state": "Kano"}, "geometry": {"type": "Point", "coordinates": [8.331363, 12.102654]}}, {"type": "Feature", "properties": {"name": "Deba Habe", "level": "settlement", "lga": "Yamaltu/Deba", "state": "Gombe"}, "geometry": {"type": "Point", "coordinates": [11.385859, 10.208644]}}, {"type": "Feature", "properties": {"name": "Degema", "level": "settlement", "lga": "Degema", "state": "Rivers"}, "geometry": {"type": "Point", "coordinates": [6.767693000000122, 4.746111]}}, {"type": "Feature", "properties": {"name": "Dekina", "level": "settlement", "lga": "Dekina", "state": "Kogi"}, "geometry": {"type": "Point", "coordinates": [7.022175000000175, 7.694746000000123]}}, {"type": "Feature", "properties": {"name": "Demsa", "level": "settlement", "lga": "Demsa", "state": "Adamawa"}, "geometry": {"type": "Point", "coordinates": [12.15, 9.466667]}}, {"type": "Feature", "properties": {"name": "Dengi", "level": "settlement", "lga": "Kanam", "state": "Plateau"}, "geometry": {"type": "Point", "coordinates": [9.95, 9.36666700000012]}}, {"type": "Feature", "properties": {"name": "Dikenafai", "level": "settlement", "lga": "Ideato South", "state": "Imo"}, "geometry": {"type": "Point", "coordinates": [7.153128, 5.767071000000158]}}, {"type": "Feature", "properties": {"name": "Dikwa", "level": "settlement", "lga": "Dikwa", "state": "Borno"}, "geometry": {"type": "Point", "coordinates": [13.916458, 12.023957]}}, {"type": "Feature", "properties": {"name": "Doma", "level": "settlement", "lga": "Doma", "state": "Nasarawa"}, "geometry": {"type": "Point", "coordinates": [8.35, 8.383333000000107]}}, {"type": "Feature", "properties": {"name": "Donga", "level": "settlement", "lga": "Donga", "state": "Taraba"}, "geometry": {"type": "Point", "coordinates": [10.050000000000182, 7.716667]}}, {"type": "Feature", "properties": {"name": "Dukku", "level": "settlement", "lga": "Dukku", "state": "Gombe"}, "geometry": {"type": "Point", "coordinates": [10.771667, 10.823056]}}, {"type": "Feature", "properties": {"name": "Dutse", "level": "settlement", "lga": "Dutse", "state": "Jigawa"}, "geometry": {"type": "Point", "coordinates": [9.339207, 11.759404000000188]}}, {"type": "Feature", "properties": {"name": "Dutsi", "level": "settlement", "lga": "Dutsi", "state": "Katsina"}, "geometry": {"type": "Point", "coordinates": [8.1429270000001, 12.825445000000173]}}, {"type": "Feature", "properties": {"name": "Dutsin Ma", "level": "settlement", "lga": "Dutsin-Ma", "state": "Katsina"}, "geometry": {"type": "Point", "coordinates": [7.498049000000151, 12.45167]}}, {"type": "Feature", "properties": {"name": "Ebem", "level": "settlement", "lga": "Ohafia", "state": "Abia"}, "geometry": {"type": "Point", "coordinates": [7.828994000000137, 5.634443]}}, {"type": "Feature", "properties": {"name": "Eberi", "level": "settlement", "lga": "Omumma", "state": "Rivers"}, "geometry": {"type": "Point", "coordinates": [7.234847000000116, 5.0907160000001]}}, {"type": "Feature", "properties": {"name": "Edda", "level": "settlement", "lga": "Afikpo South", "state": "Ebonyi"}, "geometry": {"type": "Point", "coordinates": [7.856355000000178, 5.935478000000103]}}, {"type": "Feature", "properties": {"name": "Ede", "level": "settlement", "lga": "Ede North", "state": "Osun"}, "geometry": {"type": "Point", "coordinates": [4.433333, 7.733333000000187]}}, {"type": "Feature", "properties": {"name": "Efferaya", "level": "settlement", "lga": "Etung", "state": "Cross River"}, "geometry": {"type": "Point", "coordinates": [8.724700000000155, 5.858]}}, {"type": "Feature", "properties": {"name": "Effurun", "level": "settlement", "lga": "Uvwie", "state": "Delta"}, "geometry": {"type": "Point", "coordinates": [5.786239, 5.55463200000014]}}, {"type": "Feature", "properties": {"name": "Efon-Alaiye", "level": "settlement", "lga": "Efon", "state": "Ekiti"}, "geometry": {"type": "Point", "coordinates": [4.916667000000189, 7.65]}}, {"type": "Feature", "properties": {"name": "Egbeda", "level": "settlement", "lga": "Egbeda", "state": "Oyo"}, "geometry": {"type": "Point", "coordinates": [4.050000000000125, 7.36666700000012]}}, {"type": "Feature", "properties": {"name": "Ehor", "level": "settlement", "lga": "Uhunmwonde", "state": "Edo"}, "geometry": {"type": "Point", "coordinates": [5.983837000000108, 6.615559]}}, {"type": "Feature", "properties": {"name": "Ejigbo", "level": "settlement", "lga": "Ejigbo", "state": "Osun"}, "geometry": {"type": "Point", "coordinates": [4.316667000000166, 7.9]}}, {"type": "Feature", "properties": {"name": "Ekeremor", "level": "settlement", "lga": "Ekeremor", "state": "Bayelsa"}, "geometry": {"type": "Point", "coordinates": [5.780063, 5.055631000000119]}}, {"type": "Feature", "properties": {"name": "Eket", "level": "settlement", "lga": "Eket", "state": "Akwa Ibom"}, "geometry": {"type": "Point", "coordinates": [7.920921, 4.641221000000144]}}, {"type": "Feature", "properties": {"name": "Ekpoma", "level": "settlement", "lga": "Esan West", "state": "Edo"}, "geometry": {"type": "Point", "coordinates": [6.139003000000173, 6.742063]}}, {"type": "Feature", "properties": {"name": "Ekwulobia", "level": "settlement", "lga": "Aguata", "state": "Anambra"}, "geometry": {"type": "Point", "coordinates": [7.08620000000019, 6.023800000000165]}}, {"type": "Feature", "properties": {"name": "Ekwusigo", "level": "settlement", "lga": "Ekwusigo", "state": "Anambra"}, "geometry": {"type": "Point", "coordinates": [6.835242000000164, 5.971462]}}, {"type": "Feature", "properties": {"name": "Emohua", "level": "settlement", "lga": "Emohua", "state": "Rivers"}, "geometry": {"type": "Point", "coordinates": [6.86247, 4.881621000000166]}}, {"type": "Feature", "properties": {"name": "Emure-Ekiti", "level": "settlement", "lga": "Emure", "state": "Ekiti"}, "geometry": {"type": "Point", "coordinates": [5.4593220000001, 7.436137]}}, {"type": "Feature", "properties": {"name": "Enagi", "level": "settlement", "lga": "Edati", "state": "Niger"}, "geometry": {"type": "Point", "coordinates": [5.55, 9.133333000000107]}}, {"type": "Feature", "properties": {"name": "Enugu", "level": "settlement", "lga": "Enugu North", "state": "Enugu"}, "geometry": {"type": "Point", "coordinates": [7.494300000000123, 6.440200000000118]}}, {"type": "Feature", "properties": {"name": "Enugu-Ezike", "level": "settlement", "lga": "Igbo-Eze North", "state": "Enugu"}, "geometry": {"type": "Point", "coordinates": [7.457000000000107, 6.98250000000013]}}, {"type": "Feature", "properties": {"name": "Epe", "level": "settlement", "lga": "Epe", "state": "Lagos"}, "geometry": {"type": "Point", "coordinates": [3.983333, 6.583333]}}, {"type": "Feature", "properties": {"name": "Eruwa", "level": "settlement", "lga": "Ibarapa East", "state": "Oyo"}, "geometry": {"type": "Point", "coordinates": [3.416667000000132, 7.533333]}}, {"type": "Feature", "properties": {"name": "Ethiope River", "level": "settlement", "lga": "Sapele", "state": "Delta"}, "geometry": {"type": "Point", "coordinates": [5.691736000000162, 5.900272]}}, {"type": "Feature", "properties": {"name": "Etim Ekpo, River", "level": "settlement", "lga": "Etim Ekpo", "state": "Akwa Ibom"}, "geometry": {"type": "Point", "coordinates": [7.619896, 5.009502]}}, {"type": "Feature", "properties": {"name": "Etinan", "level": "settlement", "lga": "Etinan", "state": "Akwa Ibom"}, "geometry": {"type": "Point", "coordinates": [7.85252300000019, 4.842617]}}, {"type": "Feature", "properties": {"name": "Ewekoro", "level": "settlement", "lga": "Ewekoro", "state": "Ogun"}, "geometry": {"type": "Point", "coordinates": [3.208703000000128, 6.907079000000124]}}, {"type": "Feature", "properties": {"name": "Ezamgbo", "level": "settlement", "lga": "Ohaukwu", "state": "Ebonyi"}, "geometry": {"type": "Point", "coordinates": [7.9765, 6.3945]}}, {"type": "Feature", "properties": {"name": "Ezeagu", "level": "settlement", "lga": "Ezeagu", "state": "Enugu"}, "geometry": {"type": "Point", "coordinates": [7.2898, 6.383200000000159]}}, {"type": "Feature", "properties": {"name": "Ezillo", "level": "settlement", "lga": "Ishielu", "state": "Ebonyi"}, "geometry": {"type": "Point", "coordinates": [7.792600000000164, 6.4277]}}, {"type": "Feature", "properties": {"name": "Fagge", "level": "settlement", "lga": "Fagge", "state": "Kano"}, "geometry": {"type": "Point", "coordinates": [8.529155, 12.006697000000145]}}, {"type": "Feature", "properties": {"name": "Fakai", "level": "settlement", "lga": "Fakai", "state": "Kebbi"}, "geometry": {"type": "Point", "coordinates": [5.111274, 11.504777]}}, {"type": "Feature", "properties": {"name": "Faskari", "level": "settlement", "lga": "Faskari", "state": "Katsina"}, "geometry": {"type": "Point", "coordinates": [7.027157000000102, 11.719573]}}, {"type": "Feature", "properties": {"name": "Fika", "level": "settlement", "lga": "Fika", "state": "Yobe"}, "geometry": {"type": "Point", "coordinates": [11.308000000000163, 11.2834]}}, {"type": "Feature", "properties": {"name": "Fufore", "level": "settlement", "lga": "Fufore", "state": "Adamawa"}, "geometry": {"type": "Point", "coordinates": [12.65, 9.216667]}}, {"type": "Feature", "properties": {"name": "Fufu", "level": "settlement", "lga": "Ilorin South", "state": "Kwara"}, "geometry": {"type": "Point", "coordinates": [4.716667, 8.45]}}, {"type": "Feature", "properties": {"name": "Fugar", "level": "settlement", "lga": "Etsako Central", "state": "Edo"}, "geometry": {"type": "Point", "coordinates": [6.500000000000114, 7.083333]}}, {"type": "Feature", "properties": {"name": "Funi", "level": "settlement", "lga": "Fune", "state": "Yobe"}, "geometry": {"type": "Point", "coordinates": [11.536900000000117, 11.6678]}}, {"type": "Feature", "properties": {"name": "Funtua", "level": "settlement", "lga": "Funtua", "state": "Katsina"}, "geometry": {"type": "Point", "coordinates": [7.308130000000176, 11.523252]}}, {"type": "Feature", "properties": {"name": "Gabasawa", "level": "settlement", "lga": "Gabasawa", "state": "Kano"}, "geometry": {"type": "Point", "coordinates": [8.913983, 12.178111]}}, {"type": "Feature", "properties": {"name": "Gada", "level": "settlement", "lga": "Gada", "state": "Sokoto"}, "geometry": {"type": "Point", "coordinates": [5.66144, 13.755578000000128]}}, {"type": "Feature", "properties": {"name": "Gagarawa", "level": "settlement", "lga": "Gagarawa", "state": "Jigawa"}, "geometry": {"type": "Point", "coordinates": [9.527695, 12.407411]}}, {"type": "Feature", "properties": {"name": "Gajiram", "level": "settlement", "lga": "Nganzai", "state": "Borno"}, "geometry": {"type": "Point", "coordinates": [13.209141000000102, 12.493028]}}, {"type": "Feature", "properties": {"name": "Gamawa", "level": "settlement", "lga": "Gamawa", "state": "Bauchi"}, "geometry": {"type": "Point", "coordinates": [10.5396, 12.13430000000011]}}, {"type": "Feature", "properties": {"name": "Ganjuwa", "level": "settlement", "lga": "Ganjuwa", "state": "Bauchi"}, "geometry": {"type": "Point", "coordinates": [10.168795, 10.859426]}}, {"type": "Feature", "properties": {"name": "Ganye", "level": "settlement", "lga": "Ganye", "state": "Adamawa"}, "geometry": {"type": "Point", "coordinates": [12.066667, 8.433333000000118]}}, {"type": "Feature", "properties": {"name": "Garki", "level": "settlement", "lga": "Garki", "state": "Jigawa"}, "geometry": {"type": "Point", "coordinates": [9.188838, 12.436404000000152]}}, {"type": "Feature", "properties": {"name": "Garko", "level": "settlement", "lga": "Garko", "state": "Kano"}, "geometry": {"type": "Point", "coordinates": [8.804676, 11.649175000000128]}}, {"type": "Feature", "properties": {"name": "Garum Mallam", "level": "settlement", "lga": "Garum Mallam", "state": "Kano"}, "geometry": {"type": "Point", "coordinates": [8.370506000000148, 11.68382]}}, {"type": "Feature", "properties": {"name": "Gashua", "level": "settlement", "lga": "Bade", "state": "Yobe"}, "geometry": {"type": "Point", "coordinates": [11.048200000000122, 12.871000000000151]}}, {"type": "Feature", "properties": {"name": "Gawu", "level": "settlement", "lga": "Abaji", "state": "Federal Capital Territory"}, "geometry": {"type": "Point", "coordinates": [6.85, 9.2]}}, {"type": "Feature", "properties": {"name": "Gaya", "level": "settlement", "lga": "Gaya", "state": "Kano"}, "geometry": {"type": "Point", "coordinates": [8.997140000000115, 11.861365]}}, {"type": "Feature", "properties": {"name": "Gbajimba", "level": "settlement", "lga": "Guma", "state": "Benue"}, "geometry": {"type": "Point", "coordinates": [8.8604, 7.8155]}}, {"type": "Feature", "properties": {"name": "Gboko", "level": "settlement", "lga": "Gboko", "state": "Benue"}, "geometry": {"type": "Point", "coordinates": [8.9951, 7.317900000000122]}}, {"type": "Feature", "properties": {"name": "Gbongan", "level": "settlement", "lga": "Aiyedade", "state": "Osun"}, "geometry": {"type": "Point", "coordinates": [4.35, 7.466667]}}, {"type": "Feature", "properties": {"name": "Geidam", "level": "settlement", "lga": "Geidam", "state": "Yobe"}, "geometry": {"type": "Point", "coordinates": [11.930400000000134, 12.897]}}, {"type": "Feature", "properties": {"name": "Gembu", "level": "settlement", "lga": "Sardauna", "state": "Taraba"}, "geometry": {"type": "Point", "coordinates": [11.266667, 6.7]}}, {"type": "Feature", "properties": {"name": "Gezawa", "level": "settlement", "lga": "Gezawa", "state": "Kano"}, "geometry": {"type": "Point", "coordinates": [8.724444, 12.033889000000102]}}, {"type": "Feature", "properties": {"name": "Giade", "level": "settlement", "lga": "Giade", "state": "Bauchi"}, "geometry": {"type": "Point", "coordinates": [10.1993, 11.392800000000136]}}, {"type": "Feature", "properties": {"name": "Giwa", "level": "settlement", "lga": "Giwa", "state": "Kaduna"}, "geometry": {"type": "Point", "coordinates": [7.45, 11.300000000000125]}}, {"type": "Feature", "properties": {"name": "Gombe", "level": "settlement", "lga": "Gombe", "state": "Gombe"}, "geometry": {"type": "Point", "coordinates": [11.167288, 10.289690000000121]}}, {"type": "Feature", "properties": {"name": "Gombi", "level": "settlement", "lga": "Gombi", "state": "Adamawa"}, "geometry": {"type": "Point", "coordinates": [12.739904, 10.16138500000011]}}, {"type": "Feature", "properties": {"name": "Goronyo", "level": "settlement", "lga": "Goronyo", "state": "Sokoto"}, "geometry": {"type": "Point", "coordinates": [5.676319000000149, 13.44232]}}, {"type": "Feature", "properties": {"name": "Gubio", "level": "settlement", "lga": "Gubio", "state": "Borno"}, "geometry": {"type": "Point", "coordinates": [12.784800000000189, 12.499]}}, {"type": "Feature", "properties": {"name": "Gudumbali", "level": "settlement", "lga": "Guzamala", "state": "Borno"}, "geometry": {"type": "Point", "coordinates": [13.184013, 12.944032]}}, {"type": "Feature", "properties": {"name": "Gujba", "level": "settlement", "lga": "Gujba", "state": "Yobe"}, "geometry": {"type": "Point", "coordinates": [11.9367, 11.503200000000106]}}, {"type": "Feature", "properties": {"name": "Gulani", "level": "settlement", "lga": "Gulani", "state": "Yobe"}, "geometry": {"type": "Point", "coordinates": [11.689731, 10.723884]}}, {"type": "Feature", "properties": {"name": "Gumel", "level": "settlement", "lga": "Gumel", "state": "Jigawa"}, "geometry": {"type": "Point", "coordinates": [9.391187000000116, 12.627906000000166]}}, {"type": "Feature", "properties": {"name": "Gummi", "level": "settlement", "lga": "Gummi", "state": "Zamfara"}, "geometry": {"type": "Point", "coordinates": [5.108087000000125, 12.143575000000169]}}, {"type": "Feature", "properties": {"name": "Guri", "level": "settlement", "lga": "Guri", "state": "Jigawa"}, "geometry": {"type": "Point", "coordinates": [10.4205, 12.726700000000164]}}, {"type": "Feature", "properties": {"name": "Gusau", "level": "settlement", "lga": "Gusau", "state": "Zamfara"}, "geometry": {"type": "Point", "coordinates": [6.661348, 12.162784]}}, {"type": "Feature", "properties": {"name": "Guyuk", "level": "settlement", "lga": "Guyuk", "state": "Adamawa"}, "geometry": {"type": "Point", "coordinates": [11.983333, 9.9]}}, {"type": "Feature", "properties": {"name": "Gwadabawa", "level": "settlement", "lga": "Gwadabawa", "state": "Sokoto"}, "geometry": {"type": "Point", "coordinates": [5.236642000000188, 13.35612]}}, {"type": "Feature", "properties": {"name": "Gwagwalada", "level": "settlement", "lga": "Gwagwalada", "state": "Federal Capital Territory"}, "geometry": {"type": "Point", "coordinates": [7.091944, 8.941389000000129]}}, {"type": "Feature", "properties": {"name": "Gwalawo", "level": "settlement", "lga": "Ofu", "state": "Kogi"}, "geometry": {"type": "Point", "coordinates": [6.9256, 7.235700000000179]}}, {"type": "Feature", "properties": {"name": "Gwandu", "level": "settlement", "lga": "Gwandu", "state": "Kebbi"}, "geometry": {"type": "Point", "coordinates": [4.642272, 12.493818]}}, {"type": "Feature", "properties": {"name": "Gwaram", "level": "settlement", "lga": "Gwaram", "state": "Jigawa"}, "geometry": {"type": "Point", "coordinates": [9.885833, 11.276389000000165]}}, {"type": "Feature", "properties": {"name": "Gwarzo", "level": "settlement", "lga": "Gwarzo", "state": "Kano"}, "geometry": {"type": "Point", "coordinates": [7.934604, 11.915214]}}, {"type": "Feature", "properties": {"name": "Gwiwa", "level": "settlement", "lga": "Gwiwa", "state": "Jigawa"}, "geometry": {"type": "Point", "coordinates": [8.337915, 12.779959]}}, {"type": "Feature", "properties": {"name": "Gwoza", "level": "settlement", "lga": "Gwoza", "state": "Borno"}, "geometry": {"type": "Point", "coordinates": [13.712983, 11.10359300000016]}}, {"type": "Feature", "properties": {"name": "Hadejia", "level": "settlement", "lga": "Hadejia", "state": "Jigawa"}, "geometry": {"type": "Point", "coordinates": [10.04440000000011, 12.4498]}}, {"type": "Feature", "properties": {"name": "Hong", "level": "settlement", "lga": "Hong", "state": "Adamawa"}, "geometry": {"type": "Point", "coordinates": [12.930419, 10.231705000000147]}}, {"type": "Feature", "properties": {"name": "Ibadan", "level": "settlement", "lga": "Ibadan North", "state": "Oyo"}, "geometry": {"type": "Point", "coordinates": [3.916667000000189, 7.433333000000175]}}, {"type": "Feature", "properties": {"name": "Ibegwa-Aka", "level": "settlement", "lga": "Igbo-Eze South", "state": "Enugu"}, "geometry": {"type": "Point", "coordinates": [7.400000000000148, 6.916667000000132]}}, {"type": "Feature", "properties": {"name": "Ibeju", "level": "settlement", "lga": "Ibeju/Lekki", "state": "Lagos"}, "geometry": {"type": "Point", "coordinates": [3.892813, 6.48701]}}, {"type": "Feature", "properties": {"name": "Ibeno", "level": "settlement", "lga": "Ibeno", "state": "Akwa Ibom"}, "geometry": {"type": "Point", "coordinates": [7.978594, 4.568681]}}, {"type": "Feature", "properties": {"name": "Ibi", "level": "settlement", "lga": "Ibi", "state": "Taraba"}, "geometry": {"type": "Point", "coordinates": [9.75000000000017, 8.183333]}}, {"type": "Feature", "properties": {"name": "Ibode-Osi", "level": "settlement", "lga": "Ola-oluwa", "state": "Osun"}, "geometry": {"type": "Point", "coordinates": [4.233333000000187, 7.75]}}, {"type": "Feature", "properties": {"name": "Ibokun", "level": "settlement", "lga": "Obokun", "state": "Osun"}, "geometry": {"type": "Point", "coordinates": [4.716667, 7.783333]}}, {"type": "Feature", "properties": {"name": "Idah", "level": "settlement", "lga": "Idah", "state": "Kogi"}, "geometry": {"type": "Point", "coordinates": [6.734150000000113, 7.10650800000019]}}, {"type": "Feature", "properties": {"name": "Idi Ayunre", "level": "settlement", "lga": "Oluyole", "state": "Oyo"}, "geometry": {"type": "Point", "coordinates": [3.86666700000012, 7.233333]}}, {"type": "Feature", "properties": {"name": "Idogbo", "level": "settlement", "lga": "Ikpoba-Okha", "state": "Edo"}, "geometry": {"type": "Point", "coordinates": [5.716667, 6.266667]}}, {"type": "Feature", "properties": {"name": "Ifako", "level": "settlement", "lga": "Ifako-Ijaye", "state": "Lagos"}, "geometry": {"type": "Point", "coordinates": [3.326431000000127, 6.643944000000147]}}, {"type": "Feature", "properties": {"name": "Ifetedo", "level": "settlement", "lga": "Ife South", "state": "Osun"}, "geometry": {"type": "Point", "coordinates": [4.7, 7.183333]}}, {"type": "Feature", "properties": {"name": "Ifo", "level": "settlement", "lga": "Ifo", "state": "Ogun"}, "geometry": {"type": "Point", "coordinates": [3.195753000000138, 6.814367000000118]}}, {"type": "Feature", "properties": {"name": "Ifon", "level": "settlement", "lga": "Ose", "state": "Ondo"}, "geometry": {"type": "Point", "coordinates": [5.776032000000157, 6.924119000000132]}}, {"type": "Feature", "properties": {"name": "Ifon", "level": "settlement", "lga": "Orolu", "state": "Osun"}, "geometry": {"type": "Point", "coordinates": [4.48333300000013, 7.866667]}}, {"type": "Feature", "properties": {"name": "Igabi", "level": "settlement", "lga": "Igabi", "state": "Kaduna"}, "geometry": {"type": "Point", "coordinates": [7.774931000000151, 10.788873]}}, {"type": "Feature", "properties": {"name": "Igarra", "level": "settlement", "lga": "Akoko-Edo", "state": "Edo"}, "geometry": {"type": "Point", "coordinates": [6.0878, 7.2827]}}, {"type": "Feature", "properties": {"name": "Igbara-Oke", "level": "settlement", "lga": "Ifedore", "state": "Ondo"}, "geometry": {"type": "Point", "coordinates": [5.061502, 7.410936000000106]}}, {"type": "Feature", "properties": {"name": "Igbekebo", "level": "settlement", "lga": "Ese-Odo", "state": "Ondo"}, "geometry": {"type": "Point", "coordinates": [4.862704000000122, 6.354580000000169]}}, {"type": "Feature", "properties": {"name": "Igbeti", "level": "settlement", "lga": "Olorunsogo", "state": "Oyo"}, "geometry": {"type": "Point", "coordinates": [4.133333, 8.75]}}, {"type": "Feature", "properties": {"name": "Igbo Ora", "level": "settlement", "lga": "Ibarapa Central", "state": "Oyo"}, "geometry": {"type": "Point", "coordinates": [3.283333, 7.433333000000175]}}, {"type": "Feature", "properties": {"name": "Igboho", "level": "settlement", "lga": "Orelope", "state": "Oyo"}, "geometry": {"type": "Point", "coordinates": [3.750000000000114, 8.833333]}}, {"type": "Feature", "properties": {"name": "Igbokoda", "level": "settlement", "lga": "Ilaje", "state": "Ondo"}, "geometry": {"type": "Point", "coordinates": [4.803259, 6.349648000000116]}}, {"type": "Feature", "properties": {"name": "Igede", "level": "settlement", "lga": "Irepodun/Ifelodun", "state": "Ekiti"}, "geometry": {"type": "Point", "coordinates": [5.132047, 7.666765000000112]}}, {"type": "Feature", "properties": {"name": "Igueben", "level": "settlement", "lga": "Igueben", "state": "Edo"}, "geometry": {"type": "Point", "coordinates": [6.241665000000125, 6.6009600000001]}}, {"type": "Feature", "properties": {"name": "Igumale", "level": "settlement", "lga": "Ado", "state": "Benue"}, "geometry": {"type": "Point", "coordinates": [7.985, 6.7918]}}, {"type": "Feature", "properties": {"name": "Iguobazowa", "level": "settlement", "lga": "Ovia South West", "state": "Edo"}, "geometry": {"type": "Point", "coordinates": [5.353424000000132, 6.565962000000184]}}, {"type": "Feature", "properties": {"name": "Ihiala", "level": "settlement", "lga": "Ihiala", "state": "Anambra"}, "geometry": {"type": "Point", "coordinates": [6.860265, 5.853769000000113]}}, {"type": "Feature", "properties": {"name": "Ihuo", "level": "settlement", "lga": "Ikeduru", "state": "Imo"}, "geometry": {"type": "Point", "coordinates": [7.100000000000136, 5.566667]}}, {"type": "Feature", "properties": {"name": "Ijebu-Igbo", "level": "settlement", "lga": "Ijebu North", "state": "Ogun"}, "geometry": {"type": "Point", "coordinates": [4.003292000000158, 6.979803000000118]}}, {"type": "Feature", "properties": {"name": "Ijebu-Ode", "level": "settlement", "lga": "Ijebu Ode", "state": "Ogun"}, "geometry": {"type": "Point", "coordinates": [3.915877, 6.816093000000137]}}, {"type": "Feature", "properties": {"name": "Ijebu Ijesha", "level": "settlement", "lga": "Oriade", "state": "Osun"}, "geometry": {"type": "Point", "coordinates": [4.816667, 7.683333000000118]}}, {"type": "Feature", "properties": {"name": "Ijero-Ekiti", "level": "settlement", "lga": "Ijero", "state": "Ekiti"}, "geometry": {"type": "Point", "coordinates": [5.074200000000133, 7.8139]}}, {"type": "Feature", "properties": {"name": "Iju", "level": "settlement", "lga": "Akure North", "state": "Ondo"}, "geometry": {"type": "Point", "coordinates": [5.263265000000104, 7.393848]}}, {"type": "Feature", "properties": {"name": "Ikara", "level": "settlement", "lga": "Ikara", "state": "Kaduna"}, "geometry": {"type": "Point", "coordinates": [8.226696000000175, 11.177521000000127]}}, {"type": "Feature", "properties": {"name": "Ikare", "level": "settlement", "lga": "Akoko North East", "state": "Ondo"}, "geometry": {"type": "Point", "coordinates": [5.750000000000114, 7.516667000000155]}}, {"type": "Feature", "properties": {"name": "Ikeja", "level": "settlement", "lga": "Ikeja", "state": "Lagos"}, "geometry": {"type": "Point", "coordinates": [3.337475, 6.594222000000173]}}, {"type": "Feature", "properties": {"name": "Ikem", "level": "settlement", "lga": "Isi-Uzo", "state": "Enugu"}, "geometry": {"type": "Point", "coordinates": [7.716852, 6.779029000000151]}}, {"type": "Feature", "properties": {"name": "Ikenne", "level": "settlement", "lga": "Ikenne", "state": "Ogun"}, "geometry": {"type": "Point", "coordinates": [3.715179, 6.865789]}}, {"type": "Feature", "properties": {"name": "Ikere-Ekiti", "level": "settlement", "lga": "Ikere", "state": "Ekiti"}, "geometry": {"type": "Point", "coordinates": [5.232248, 7.491328]}}, {"type": "Feature", "properties": {"name": "Ikire", "level": "settlement", "lga": "Isokan", "state": "Osun"}, "geometry": {"type": "Point", "coordinates": [4.183333000000118, 7.35]}}, {"type": "Feature", "properties": {"name": "Ikirun", "level": "settlement", "lga": "Ifelodun", "state": "Osun"}, "geometry": {"type": "Point", "coordinates": [4.666667, 7.916667]}}, {"type": "Feature", "properties": {"name": "Ikole", "level": "settlement", "lga": "Ikole", "state": "Ekiti"}, "geometry": {"type": "Point", "coordinates": [5.5106, 7.7897]}}, {"type": "Feature", "properties": {"name": "Ikom", "level": "settlement", "lga": "Ikom", "state": "Cross River"}, "geometry": {"type": "Point", "coordinates": [8.710700000000145, 5.961]}}, {"type": "Feature", "properties": {"name": "Ikon I", "level": "settlement", "lga": "Ikono", "state": "Akwa Ibom"}, "geometry": {"type": "Point", "coordinates": [7.748283, 5.30445]}}, {"type": "Feature", "properties": {"name": "Ikorodu", "level": "settlement", "lga": "Ikorodu", "state": "Lagos"}, "geometry": {"type": "Point", "coordinates": [3.508673000000158, 6.615483]}}, {"type": "Feature", "properties": {"name": "Ikot-Ekpene", "level": "settlement", "lga": "Ikot Ekpene", "state": "Akwa Ibom"}, "geometry": {"type": "Point", "coordinates": [7.710815, 5.179381]}}, {"type": "Feature", "properties": {"name": "Ikot Ebak Efagha", "level": "settlement", "lga": "Essien Udim", "state": "Akwa Ibom"}, "geometry": {"type": "Point", "coordinates": [7.657165, 5.125042]}}, {"type": "Feature", "properties": {"name": "Ikot Ibritam", "level": "settlement", "lga": "Oruk Anam", "state": "Akwa Ibom"}, "geometry": {"type": "Point", "coordinates": [7.615943, 4.80555]}}, {"type": "Feature", "properties": {"name": "Ikot Nakanda", "level": "settlement", "lga": "Akpabuyo", "state": "Cross River"}, "geometry": {"type": "Point", "coordinates": [8.486148, 4.878475]}}, {"type": "Feature", "properties": {"name": "Ikoyi", "level": "settlement", "lga": "Ori Ire", "state": "Oyo"}, "geometry": {"type": "Point", "coordinates": [4.166667000000132, 8.250000000000114]}}, {"type": "Feature", "properties": {"name": "Ikwo", "level": "settlement", "lga": "Ikwo", "state": "Ebonyi"}, "geometry": {"type": "Point", "coordinates": [8.102800000000173, 6.071600000000103]}}, {"type": "Feature", "properties": {"name": "Ila Orangun", "level": "settlement", "lga": "Ila", "state": "Osun"}, "geometry": {"type": "Point", "coordinates": [4.9, 8.016667]}}, {"type": "Feature", "properties": {"name": "Ilala", "level": "settlement", "lga": "Irepodun", "state": "Kwara"}, "geometry": {"type": "Point", "coordinates": [4.833333, 8.333333]}}, {"type": "Feature", "properties": {"name": "Ilaro", "level": "settlement", "lga": "Egbado South", "state": "Ogun"}, "geometry": {"type": "Point", "coordinates": [3.020501000000138, 6.886528]}}, {"type": "Feature", "properties": {"name": "Ilawe-Ekiti", "level": "settlement", "lga": "Ekiti South West", "state": "Ekiti"}, "geometry": {"type": "Point", "coordinates": [5.108600000000138, 7.5986]}}, {"type": "Feature", "properties": {"name": "Ile-Ife", "level": "settlement", "lga": "Ife East", "state": "Osun"}, "geometry": {"type": "Point", "coordinates": [4.566667000000109, 7.466667]}}, {"type": "Feature", "properties": {"name": "Ile Igbo", "level": "settlement", "lga": "Aiyedire", "state": "Osun"}, "geometry": {"type": "Point", "coordinates": [4.25, 7.616667]}}, {"type": "Feature", "properties": {"name": "Ile Oluji", "level": "settlement", "lga": "Ile-Oluji-Okeigbo", "state": "Ondo"}, "geometry": {"type": "Point", "coordinates": [4.86666700000012, 7.216667000000143]}}, {"type": "Feature", "properties": {"name": "Ilemona", "level": "settlement", "lga": "Oyun", "state": "Kwara"}, "geometry": {"type": "Point", "coordinates": [4.666667, 8.116667000000177]}}, {"type": "Feature", "properties": {"name": "Ilesha", "level": "settlement", "lga": "Ilesha East", "state": "Osun"}, "geometry": {"type": "Point", "coordinates": [4.733333, 7.616667]}}, {"type": "Feature", "properties": {"name": "Illela", "level": "settlement", "lga": "Illela", "state": "Sokoto"}, "geometry": {"type": "Point", "coordinates": [5.297523000000126, 13.729180000000156]}}, {"type": "Feature", "properties": {"name": "Ilobu", "level": "settlement", "lga": "Irepodun", "state": "Osun"}, "geometry": {"type": "Point", "coordinates": [4.48333300000013, 7.833333]}}, {"type": "Feature", "properties": {"name": "Ilofa", "level": "settlement", "lga": "Oke-Ero", "state": "Kwara"}, "geometry": {"type": "Point", "coordinates": [5.15, 8.100000000000136]}}, {"type": "Feature", "properties": {"name": "Ilorin", "level": "settlement", "lga": "Ilorin East", "state": "Kwara"}, "geometry": {"type": "Point", "coordinates": [4.55, 8.5]}}, {"type": "Feature", "properties": {"name": "Imeko", "level": "settlement", "lga": "Imeko-Afon", "state": "Ogun"}, "geometry": {"type": "Point", "coordinates": [2.85, 7.45]}}, {"type": "Feature", "properties": {"name": "Ingawa", "level": "settlement", "lga": "Ingawa", "state": "Katsina"}, "geometry": {"type": "Point", "coordinates": [8.050276000000167, 12.639682000000164]}}, {"type": "Feature", "properties": {"name": "Iperindo", "level": "settlement", "lga": "Atakumosa East", "state": "Osun"}, "geometry": {"type": "Point", "coordinates": [4.816667, 7.500000000000114]}}, {"type": "Feature", "properties": {"name": "Ipetumodu", "level": "settlement", "lga": "Ife North", "state": "Osun"}, "geometry": {"type": "Point", "coordinates": [4.450000000000102, 7.516667000000155]}}, {"type": "Feature", "properties": {"name": "Ipokia", "level": "settlement", "lga": "Ipokia", "state": "Ogun"}, "geometry": {"type": "Point", "coordinates": [2.85, 6.533333000000141]}}, {"type": "Feature", "properties": {"name": "Iragbiji", "level": "settlement", "lga": "Boripe", "state": "Osun"}, "geometry": {"type": "Point", "coordinates": [4.683333000000175, 7.9]}}, {"type": "Feature", "properties": {"name": "Irele", "level": "settlement", "lga": "Irele", "state": "Ondo"}, "geometry": {"type": "Point", "coordinates": [4.870014, 6.486944]}}, {"type": "Feature", "properties": {"name": "Iresa", "level": "settlement", "lga": "Surulere", "state": "Oyo"}, "geometry": {"type": "Point", "coordinates": [4.4, 8.083333]}}, {"type": "Feature", "properties": {"name": "Irrua", "level": "settlement", "lga": "Esan Central", "state": "Edo"}, "geometry": {"type": "Point", "coordinates": [6.218711000000155, 6.733703000000105]}}, {"type": "Feature", "properties": {"name": "Isa", "level": "settlement", "lga": "Isa", "state": "Sokoto"}, "geometry": {"type": "Point", "coordinates": [6.407079, 13.200294]}}, {"type": "Feature", "properties": {"name": "Isanlu Isin", "level": "settlement", "lga": "Isin", "state": "Kwara"}, "geometry": {"type": "Point", "coordinates": [5.083333000000152, 8.233333]}}, {"type": "Feature", "properties": {"name": "Isanlu Itedo", "level": "settlement", "lga": "Yagba East", "state": "Kogi"}, "geometry": {"type": "Point", "coordinates": [5.833333000000152, 8.283333000000141]}}, {"type": "Feature", "properties": {"name": "Isara", "level": "settlement", "lga": "Remo North", "state": "Ogun"}, "geometry": {"type": "Point", "coordinates": [3.68185300000016, 6.992808]}}, {"type": "Feature", "properties": {"name": "Ise-Ekiti", "level": "settlement", "lga": "Ise/Orun", "state": "Ekiti"}, "geometry": {"type": "Point", "coordinates": [5.428100000000143, 7.4632]}}, {"type": "Feature", "properties": {"name": "Iseyin", "level": "settlement", "lga": "Iseyin", "state": "Oyo"}, "geometry": {"type": "Point", "coordinates": [3.600000000000136, 7.966667]}}, {"type": "Feature", "properties": {"name": "Ishiagu", "level": "settlement", "lga": "Umu-Nneochi", "state": "Abia"}, "geometry": {"type": "Point", "coordinates": [7.539923, 5.940616]}}, {"type": "Feature", "properties": {"name": "Ishiagu", "level": "settlement", "lga": "Ivo", "state": "Ebonyi"}, "geometry": {"type": "Point", "coordinates": [7.560108000000184, 5.952926000000161]}}, {"type": "Feature", "properties": {"name": "Isiokolo", "level": "settlement", "lga": "Ethiope East", "state": "Delta"}, "geometry": {"type": "Point", "coordinates": [6.000513, 5.59495800000019]}}, {"type": "Feature", "properties": {"name": "Isiokpo", "level": "settlement", "lga": "Ikwerre", "state": "Rivers"}, "geometry": {"type": "Point", "coordinates": [6.87408, 5.001389]}}, {"type": "Feature", "properties": {"name": "Issele-Uku", "level": "settlement", "lga": "Aniocha North", "state": "Delta"}, "geometry": {"type": "Point", "coordinates": [6.474054, 6.315172]}}, {"type": "Feature", "properties": {"name": "Isu", "level": "settlement", "lga": "Onicha", "state": "Ebonyi"}, "geometry": {"type": "Point", "coordinates": [7.816667000000166, 6.166667]}}, {"type": "Feature", "properties": {"name": "Isu-Njaba", "level": "settlement", "lga": "Isu", "state": "Imo"}, "geometry": {"type": "Point", "coordinates": [7.065557000000126, 5.708173]}}, {"type": "Feature", "properties": {"name": "Isua", "level": "settlement", "lga": "Akoko South East", "state": "Ondo"}, "geometry": {"type": "Point", "coordinates": [5.89870000000019, 7.4378]}}, {"type": "Feature", "properties": {"name": "Itas", "level": "settlement", "lga": "Itas/Gadau", "state": "Bauchi"}, "geometry": {"type": "Point", "coordinates": [9.966480000000104, 11.859244]}}, {"type": "Feature", "properties": {"name": "Itu", "level": "settlement", "lga": "Itu", "state": "Akwa Ibom"}, "geometry": {"type": "Point", "coordinates": [7.984746000000143, 5.200403]}}, {"type": "Feature", "properties": {"name": "Iwere Ile", "level": "settlement", "lga": "Iwajowa", "state": "Oyo"}, "geometry": {"type": "Point", "coordinates": [3.083333, 8.00000000000017]}}, {"type": "Feature", "properties": {"name": "Iwo", "level": "settlement", "lga": "Iwo", "state": "Osun"}, "geometry": {"type": "Point", "coordinates": [4.183333000000118, 7.633333]}}, {"type": "Feature", "properties": {"name": "Iye", "level": "settlement", "lga": "Ilejemeji", "state": "Ekiti"}, "geometry": {"type": "Point", "coordinates": [5.251644000000169, 7.943192000000124]}}, {"type": "Feature", "properties": {"name": "Izzi", "level": "settlement", "lga": "Ohaukwu", "state": "Ebonyi"}, "geometry": {"type": "Point", "coordinates": [8.05, 6.583333]}}, {"type": "Feature", "properties": {"name": "Jada", "level": "settlement", "lga": "Jada", "state": "Adamawa"}, "geometry": {"type": "Point", "coordinates": [12.15, 8.766667]}}, {"type": "Feature", "properties": {"name": "Jahun", "level": "settlement", "lga": "Jahun", "state": "Jigawa"}, "geometry": {"type": "Point", "coordinates": [9.627913, 12.074122000000102]}}, {"type": "Feature", "properties": {"name": "Jakusko", "level": "settlement", "lga": "Jakusko", "state": "Yobe"}, "geometry": {"type": "Point", "coordinates": [10.773100000000113, 12.3691]}}, {"type": "Feature", "properties": {"name": "Jalingo", "level": "settlement", "lga": "Jalingo", "state": "Taraba"}, "geometry": {"type": "Point", "coordinates": [11.366667, 8.883333000000164]}}, {"type": "Feature", "properties": {"name": "Jamao?\u00c7oare", "level": "settlement", "lga": "Jama'are", "state": "Bauchi"}, "geometry": {"type": "Point", "coordinates": [9.931389000000138, 11.666667]}}, {"type": "Feature", "properties": {"name": "Jega", "level": "settlement", "lga": "Jega", "state": "Kebbi"}, "geometry": {"type": "Point", "coordinates": [4.379167000000109, 12.2175]}}, {"type": "Feature", "properties": {"name": "Jemaa", "level": "settlement", "lga": "Jema'a", "state": "Kaduna"}, "geometry": {"type": "Point", "coordinates": [8.383333000000107, 9.466667]}}, {"type": "Feature", "properties": {"name": "Jibiya", "level": "settlement", "lga": "Jibia", "state": "Katsina"}, "geometry": {"type": "Point", "coordinates": [7.222500000000139, 13.097778]}}, {"type": "Feature", "properties": {"name": "Jobele", "level": "settlement", "lga": "Afijio", "state": "Oyo"}, "geometry": {"type": "Point", "coordinates": [3.916667000000189, 7.766667]}}, {"type": "Feature", "properties": {"name": "Jos", "level": "settlement", "lga": "Jos South", "state": "Plateau"}, "geometry": {"type": "Point", "coordinates": [8.9, 9.866667000000177]}}, {"type": "Feature", "properties": {"name": "Kabba", "level": "settlement", "lga": "Kabba/Bunu", "state": "Kogi"}, "geometry": {"type": "Point", "coordinates": [6.0731, 7.828729]}}, {"type": "Feature", "properties": {"name": "Kabo", "level": "settlement", "lga": "Kabo", "state": "Kano"}, "geometry": {"type": "Point", "coordinates": [8.169902, 11.854715000000112]}}, {"type": "Feature", "properties": {"name": "Kachia", "level": "settlement", "lga": "Kachia", "state": "Kaduna"}, "geometry": {"type": "Point", "coordinates": [7.950000000000102, 9.866667000000177]}}, {"type": "Feature", "properties": {"name": "Kaduna", "level": "settlement", "lga": "Kaduna North", "state": "Kaduna"}, "geometry": {"type": "Point", "coordinates": [7.43828, 10.522239000000127]}}, {"type": "Feature", "properties": {"name": "Kaduna South", "level": "settlement", "lga": "Kaduna South", "state": "Kaduna"}, "geometry": {"type": "Point", "coordinates": [7.419593, 10.475112000000138]}}, {"type": "Feature", "properties": {"name": "Kaffin-Hausa", "level": "settlement", "lga": "Kafin Hausa", "state": "Jigawa"}, "geometry": {"type": "Point", "coordinates": [9.907983, 12.237531]}}, {"type": "Feature", "properties": {"name": "Kafur", "level": "settlement", "lga": "Kafur", "state": "Katsina"}, "geometry": {"type": "Point", "coordinates": [7.694006000000172, 11.644006]}}, {"type": "Feature", "properties": {"name": "Kagara", "level": "settlement", "lga": "Rafi", "state": "Niger"}, "geometry": {"type": "Point", "coordinates": [6.253361, 10.184370000000172]}}, {"type": "Feature", "properties": {"name": "Kagarko", "level": "settlement", "lga": "Kagarko", "state": "Kaduna"}, "geometry": {"type": "Point", "coordinates": [7.683333000000118, 9.483333000000187]}}, {"type": "Feature", "properties": {"name": "Kaiama", "level": "settlement", "lga": "Kaiama", "state": "Kwara"}, "geometry": {"type": "Point", "coordinates": [3.948056000000122, 9.6225]}}, {"type": "Feature", "properties": {"name": "Kaita", "level": "settlement", "lga": "Kaita", "state": "Katsina"}, "geometry": {"type": "Point", "coordinates": [7.753760000000113, 13.080630000000156]}}, {"type": "Feature", "properties": {"name": "Kajola", "level": "settlement", "lga": "Kajola", "state": "Oyo"}, "geometry": {"type": "Point", "coordinates": [3.333333000000152, 8.083333]}}, {"type": "Feature", "properties": {"name": "Kajuru", "level": "settlement", "lga": "Kajuru", "state": "Kaduna"}, "geometry": {"type": "Point", "coordinates": [8.14782, 10.575977]}}, {"type": "Feature", "properties": {"name": "Kala-Belgue", "level": "settlement", "lga": "Kala/Balge", "state": "Borno"}, "geometry": {"type": "Point", "coordinates": [14.451922, 12.07872]}}, {"type": "Feature", "properties": {"name": "Kalgo", "level": "settlement", "lga": "Kalgo", "state": "Kebbi"}, "geometry": {"type": "Point", "coordinates": [4.198068, 12.324550000000102]}}, {"type": "Feature", "properties": {"name": "Kaltungo", "level": "settlement", "lga": "Kaltungo", "state": "Gombe"}, "geometry": {"type": "Point", "coordinates": [11.366667, 9.883333000000164]}}, {"type": "Feature", "properties": {"name": "Kamba", "level": "settlement", "lga": "Dandi", "state": "Kebbi"}, "geometry": {"type": "Point", "coordinates": [3.657610000000147, 11.848642000000154]}}, {"type": "Feature", "properties": {"name": "Kankara", "level": "settlement", "lga": "Kankara", "state": "Katsina"}, "geometry": {"type": "Point", "coordinates": [7.412671000000159, 11.930155000000127]}}, {"type": "Feature", "properties": {"name": "Kankiya", "level": "settlement", "lga": "Kankia", "state": "Katsina"}, "geometry": {"type": "Point", "coordinates": [7.825429, 12.543163000000106]}}, {"type": "Feature", "properties": {"name": "Kano", "level": "settlement", "lga": "Fagge", "state": "Kano"}, "geometry": {"type": "Point", "coordinates": [8.516667, 12.050000000000125]}}, {"type": "Feature", "properties": {"name": "Karasua", "level": "settlement", "lga": "Karasuwa", "state": "Yobe"}, "geometry": {"type": "Point", "coordinates": [10.561100000000124, 12.9621]}}, {"type": "Feature", "properties": {"name": "Karaye", "level": "settlement", "lga": "Karaye", "state": "Kano"}, "geometry": {"type": "Point", "coordinates": [8.016181000000131, 11.782113]}}, {"type": "Feature", "properties": {"name": "Karu", "level": "settlement", "lga": "Abuja Municipal", "state": "Federal Capital Territory"}, "geometry": {"type": "Point", "coordinates": [7.57555600000012, 8.996111]}}, {"type": "Feature", "properties": {"name": "Katagum", "level": "settlement", "lga": "Zaki", "state": "Bauchi"}, "geometry": {"type": "Point", "coordinates": [10.35270000000014, 12.28670000000011]}}, {"type": "Feature", "properties": {"name": "Katcha", "level": "settlement", "lga": "Katcha", "state": "Niger"}, "geometry": {"type": "Point", "coordinates": [6.316667000000109, 8.766667]}}, {"type": "Feature", "properties": {"name": "Katsina", "level": "settlement", "lga": "Katsina", "state": "Katsina"}, "geometry": {"type": "Point", "coordinates": [7.600628000000142, 12.989428]}}, {"type": "Feature", "properties": {"name": "Katsina Ala", "level": "settlement", "lga": "Katsina-Ala", "state": "Benue"}, "geometry": {"type": "Point", "coordinates": [9.283333000000141, 7.166667]}}, {"type": "Feature", "properties": {"name": "Kaura Namoda", "level": "settlement", "lga": "Kaura Namoda", "state": "Zamfara"}, "geometry": {"type": "Point", "coordinates": [6.577914, 12.58978800000017]}}, {"type": "Feature", "properties": {"name": "Kauru", "level": "settlement", "lga": "Kauru", "state": "Kaduna"}, "geometry": {"type": "Point", "coordinates": [7.689236, 10.319210000000112]}}, {"type": "Feature", "properties": {"name": "Kazaure", "level": "settlement", "lga": "Kazaure", "state": "Jigawa"}, "geometry": {"type": "Point", "coordinates": [8.416153000000122, 12.651314000000184]}}, {"type": "Feature", "properties": {"name": "Keana", "level": "settlement", "lga": "Keana", "state": "Nasarawa"}, "geometry": {"type": "Point", "coordinates": [8.8, 8.133333000000107]}}, {"type": "Feature", "properties": {"name": "Kebbe", "level": "settlement", "lga": "Kebbe", "state": "Sokoto"}, "geometry": {"type": "Point", "coordinates": [4.735093, 12.128802000000121]}}, {"type": "Feature", "properties": {"name": "Keffi", "level": "settlement", "lga": "Keffi", "state": "Nasarawa"}, "geometry": {"type": "Point", "coordinates": [7.873611, 8.848611000000176]}}, {"type": "Feature", "properties": {"name": "Kibiya", "level": "settlement", "lga": "Kibiya", "state": "Kano"}, "geometry": {"type": "Point", "coordinates": [8.662267, 11.526292]}}, {"type": "Feature", "properties": {"name": "Kiri Kasamma", "level": "settlement", "lga": "Kiri Kasamma", "state": "Jigawa"}, "geometry": {"type": "Point", "coordinates": [10.2551, 12.69320000000016]}}, {"type": "Feature", "properties": {"name": "Kirifi", "level": "settlement", "lga": "Kirfi", "state": "Bauchi"}, "geometry": {"type": "Point", "coordinates": [10.392584, 10.411123]}}, {"type": "Feature", "properties": {"name": "Kiru", "level": "settlement", "lga": "Kiru", "state": "Kano"}, "geometry": {"type": "Point", "coordinates": [8.134759, 11.700274]}}, {"type": "Feature", "properties": {"name": "Kishi", "level": "settlement", "lga": "Irepo", "state": "Oyo"}, "geometry": {"type": "Point", "coordinates": [3.85, 9.083333]}}, {"type": "Feature", "properties": {"name": "Kiyawa", "level": "settlement", "lga": "Kiyawa", "state": "Jigawa"}, "geometry": {"type": "Point", "coordinates": [9.6125, 11.782778]}}, {"type": "Feature", "properties": {"name": "Kofar Kudu", "level": "settlement", "lga": "Tarauni", "state": "Kano"}, "geometry": {"type": "Point", "coordinates": [8.540278, 11.95194400000014]}}, {"type": "Feature", "properties": {"name": "Koko", "level": "settlement", "lga": "Warri North", "state": "Delta"}, "geometry": {"type": "Point", "coordinates": [5.467541000000153, 6.001093]}}, {"type": "Feature", "properties": {"name": "Koko", "level": "settlement", "lga": "Koko/Besse", "state": "Kebbi"}, "geometry": {"type": "Point", "coordinates": [4.516867, 11.421544]}}, {"type": "Feature", "properties": {"name": "Konduga", "level": "settlement", "lga": "Konduga", "state": "Borno"}, "geometry": {"type": "Point", "coordinates": [13.421331000000123, 11.655826000000161]}}, {"type": "Feature", "properties": {"name": "Konshisha", "level": "settlement", "lga": "Konshisha", "state": "Benue"}, "geometry": {"type": "Point", "coordinates": [8.686699, 7.12455000000017]}}, {"type": "Feature", "properties": {"name": "Kontagora", "level": "settlement", "lga": "Kontagora", "state": "Niger"}, "geometry": {"type": "Point", "coordinates": [5.469491, 10.399893000000134]}}, {"type": "Feature", "properties": {"name": "Kosubosu", "level": "settlement", "lga": "Baruten", "state": "Kwara"}, "geometry": {"type": "Point", "coordinates": [3.25, 9.583333000000152]}}, {"type": "Feature", "properties": {"name": "Koton Karifi", "level": "settlement", "lga": "Kogi", "state": "Kogi"}, "geometry": {"type": "Point", "coordinates": [6.800000000000125, 8.100000000000136]}}, {"type": "Feature", "properties": {"name": "Kpor", "level": "settlement", "lga": "Gokana", "state": "Rivers"}, "geometry": {"type": "Point", "coordinates": [7.283963, 4.653792]}}, {"type": "Feature", "properties": {"name": "Kuagama", "level": "settlement", "lga": "Kaugama", "state": "Jigawa"}, "geometry": {"type": "Point", "coordinates": [9.734939000000168, 12.475427]}}, {"type": "Feature", "properties": {"name": "Kubau", "level": "settlement", "lga": "Kubau", "state": "Kaduna"}, "geometry": {"type": "Point", "coordinates": [8.153818, 10.799135]}}, {"type": "Feature", "properties": {"name": "Kudan", "level": "settlement", "lga": "Kudan", "state": "Kaduna"}, "geometry": {"type": "Point", "coordinates": [7.731608000000108, 11.306902]}}, {"type": "Feature", "properties": {"name": "Kuje", "level": "settlement", "lga": "Abuja Municipal", "state": "Federal Capital Territory"}, "geometry": {"type": "Point", "coordinates": [7.243056, 8.896389]}}, {"type": "Feature", "properties": {"name": "Kukawa", "level": "settlement", "lga": "Kukawa", "state": "Borno"}, "geometry": {"type": "Point", "coordinates": [13.560576, 12.923417]}}, {"type": "Feature", "properties": {"name": "Kumbotso", "level": "settlement", "lga": "Kumbotso", "state": "Kano"}, "geometry": {"type": "Point", "coordinates": [8.502173, 11.888001000000145]}}, {"type": "Feature", "properties": {"name": "Kumo", "level": "settlement", "lga": "Akko", "state": "Gombe"}, "geometry": {"type": "Point", "coordinates": [11.212170000000128, 10.044687]}}, {"type": "Feature", "properties": {"name": "Kunchi", "level": "settlement", "lga": "Kunchi", "state": "Kano"}, "geometry": {"type": "Point", "coordinates": [8.271808, 12.501333000000159]}}, {"type": "Feature", "properties": {"name": "Kura", "level": "settlement", "lga": "Kura", "state": "Kano"}, "geometry": {"type": "Point", "coordinates": [8.430333, 11.769688]}}, {"type": "Feature", "properties": {"name": "Kurfi", "level": "settlement", "lga": "Kurfi", "state": "Katsina"}, "geometry": {"type": "Point", "coordinates": [7.48462000000012, 12.667473000000143]}}, {"type": "Feature", "properties": {"name": "Kusada", "level": "settlement", "lga": "Kusada", "state": "Katsina"}, "geometry": {"type": "Point", "coordinates": [7.98298, 12.466062]}}, {"type": "Feature", "properties": {"name": "Kutigi", "level": "settlement", "lga": "Lavun", "state": "Niger"}, "geometry": {"type": "Point", "coordinates": [5.6, 9.2]}}, {"type": "Feature", "properties": {"name": "Kwale", "level": "settlement", "lga": "Ndokwa West", "state": "Delta"}, "geometry": {"type": "Point", "coordinates": [6.43741, 5.706322000000171]}}, {"type": "Feature", "properties": {"name": "Kwali", "level": "settlement", "lga": "Kwali", "state": "Federal Capital Territory"}, "geometry": {"type": "Point", "coordinates": [7.005, 8.867222]}}, {"type": "Feature", "properties": {"name": "Kware", "level": "settlement", "lga": "Kware", "state": "Sokoto"}, "geometry": {"type": "Point", "coordinates": [5.263196000000107, 13.21297]}}, {"type": "Feature", "properties": {"name": "Kwaya", "level": "settlement", "lga": "Kwaya Kusar", "state": "Borno"}, "geometry": {"type": "Point", "coordinates": [11.842191, 10.497047000000123]}}, {"type": "Feature", "properties": {"name": "Kwoi", "level": "settlement", "lga": "Jaba", "state": "Kaduna"}, "geometry": {"type": "Point", "coordinates": [8.00000000000017, 9.45000000000016]}}, {"type": "Feature", "properties": {"name": "Lafia", "level": "settlement", "lga": "Lafia", "state": "Nasarawa"}, "geometry": {"type": "Point", "coordinates": [8.516667, 8.483333]}}, {"type": "Feature", "properties": {"name": "Lafiagi", "level": "settlement", "lga": "Edu", "state": "Kwara"}, "geometry": {"type": "Point", "coordinates": [5.416667, 8.866667]}}, {"type": "Feature", "properties": {"name": "Lagos", "level": "settlement", "lga": "Lagos Island", "state": "Lagos"}, "geometry": {"type": "Point", "coordinates": [3.395833, 6.453056000000117]}}, {"type": "Feature", "properties": {"name": "Lamurde", "level": "settlement", "lga": "Lamurde", "state": "Adamawa"}, "geometry": {"type": "Point", "coordinates": [11.8, 9.6]}}, {"type": "Feature", "properties": {"name": "Langtang", "level": "settlement", "lga": "Langtang North", "state": "Plateau"}, "geometry": {"type": "Point", "coordinates": [9.783333, 9.133333000000107]}}, {"type": "Feature", "properties": {"name": "Lapai", "level": "settlement", "lga": "Lapai", "state": "Niger"}, "geometry": {"type": "Point", "coordinates": [6.716667, 9.066667000000109]}}, {"type": "Feature", "properties": {"name": "Lau", "level": "settlement", "lga": "Lau", "state": "Taraba"}, "geometry": {"type": "Point", "coordinates": [11.283333, 9.216667]}}, {"type": "Feature", "properties": {"name": "Lemu", "level": "settlement", "lga": "Gbako", "state": "Niger"}, "geometry": {"type": "Point", "coordinates": [6.033333, 9.4]}}, {"type": "Feature", "properties": {"name": "Lere", "level": "settlement", "lga": "Lere", "state": "Kaduna"}, "geometry": {"type": "Point", "coordinates": [8.572617, 10.386966]}}, {"type": "Feature", "properties": {"name": "Lissam", "level": "settlement", "lga": "Ussa", "state": "Taraba"}, "geometry": {"type": "Point", "coordinates": [10.033333000000141, 7.183333]}}, {"type": "Feature", "properties": {"name": "Lokoja", "level": "settlement", "lga": "Lokoja", "state": "Kogi"}, "geometry": {"type": "Point", "coordinates": [6.743005, 7.802359]}}, {"type": "Feature", "properties": {"name": "Machina", "level": "settlement", "lga": "Machina", "state": "Yobe"}, "geometry": {"type": "Point", "coordinates": [10.04924, 13.136389000000122]}}, {"type": "Feature", "properties": {"name": "Madagali", "level": "settlement", "lga": "Madagali", "state": "Adamawa"}, "geometry": {"type": "Point", "coordinates": [13.63, 10.886389]}}, {"type": "Feature", "properties": {"name": "Madobi", "level": "settlement", "lga": "Madobi", "state": "Kano"}, "geometry": {"type": "Point", "coordinates": [8.288345, 11.776281]}}, {"type": "Feature", "properties": {"name": "Mafa", "level": "settlement", "lga": "Mafa", "state": "Borno"}, "geometry": {"type": "Point", "coordinates": [13.7, 12.1]}}, {"type": "Feature", "properties": {"name": "Magumeri", "level": "settlement", "lga": "Magumeri", "state": "Borno"}, "geometry": {"type": "Point", "coordinates": [12.827400000000125, 12.1131]}}, {"type": "Feature", "properties": {"name": "Maiaduwa", "level": "settlement", "lga": "Mai'adua", "state": "Katsina"}, "geometry": {"type": "Point", "coordinates": [8.211738000000139, 13.190545000000157]}}, {"type": "Feature", "properties": {"name": "Maiduguri", "level": "settlement", "lga": "Maiduguri", "state": "Borno"}, "geometry": {"type": "Point", "coordinates": [13.160274000000186, 11.84644100000014]}}, {"type": "Feature", "properties": {"name": "Maigatari", "level": "settlement", "lga": "Maigatari", "state": "Jigawa"}, "geometry": {"type": "Point", "coordinates": [9.46166200000016, 12.807817]}}, {"type": "Feature", "properties": {"name": "Maiha", "level": "settlement", "lga": "Maiha", "state": "Adamawa"}, "geometry": {"type": "Point", "coordinates": [13.218056, 9.995556000000136]}}, {"type": "Feature", "properties": {"name": "Maiyama", "level": "settlement", "lga": "Maiyama", "state": "Kebbi"}, "geometry": {"type": "Point", "coordinates": [4.367661, 12.084108000000185]}}, {"type": "Feature", "properties": {"name": "Makarfi", "level": "settlement", "lga": "Markafi", "state": "Kaduna"}, "geometry": {"type": "Point", "coordinates": [7.883787, 11.370074]}}, {"type": "Feature", "properties": {"name": "Makoda", "level": "settlement", "lga": "Makoda", "state": "Kano"}, "geometry": {"type": "Point", "coordinates": [8.432528000000161, 12.418681000000106]}}, {"type": "Feature", "properties": {"name": "Makurdi", "level": "settlement", "lga": "Makurdi", "state": "Benue"}, "geometry": {"type": "Point", "coordinates": [8.5121, 7.741100000000131]}}, {"type": "Feature", "properties": {"name": "Malam-Maduri", "level": "settlement", "lga": "Malam Madori", "state": "Jigawa"}, "geometry": {"type": "Point", "coordinates": [9.957291, 12.564999000000114]}}, {"type": "Feature", "properties": {"name": "Mallam Sidi", "level": "settlement", "lga": "Kwami", "state": "Gombe"}, "geometry": {"type": "Point", "coordinates": [11.311664000000121, 10.47104800000011]}}, {"type": "Feature", "properties": {"name": "Malumfashi", "level": "settlement", "lga": "Malumfashi", "state": "Katsina"}, "geometry": {"type": "Point", "coordinates": [7.621753, 11.785288]}}, {"type": "Feature", "properties": {"name": "Mani", "level": "settlement", "lga": "Mani", "state": "Katsina"}, "geometry": {"type": "Point", "coordinates": [7.87737, 12.853184]}}, {"type": "Feature", "properties": {"name": "Maradun", "level": "settlement", "lga": "Maradun", "state": "Zamfara"}, "geometry": {"type": "Point", "coordinates": [6.243954000000144, 12.565667000000133]}}, {"type": "Feature", "properties": {"name": "Mariga", "level": "settlement", "lga": "Mariga", "state": "Niger"}, "geometry": {"type": "Point", "coordinates": [6.02475, 10.1337410000001]}}, {"type": "Feature", "properties": {"name": "Marte", "level": "settlement", "lga": "Marte", "state": "Borno"}, "geometry": {"type": "Point", "coordinates": [13.8246, 12.36113]}}, {"type": "Feature", "properties": {"name": "Maru", "level": "settlement", "lga": "Maru", "state": "Zamfara"}, "geometry": {"type": "Point", "coordinates": [6.405686, 12.334166]}}, {"type": "Feature", "properties": {"name": "Mashi", "level": "settlement", "lga": "Mashi", "state": "Katsina"}, "geometry": {"type": "Point", "coordinates": [7.952926000000105, 12.978439]}}, {"type": "Feature", "properties": {"name": "Matazu", "level": "settlement", "lga": "Matazu", "state": "Katsina"}, "geometry": {"type": "Point", "coordinates": [7.674185000000136, 12.233938000000137]}}, {"type": "Feature", "properties": {"name": "Mayo Belwa", "level": "settlement", "lga": "Mayo-Belwa", "state": "Adamawa"}, "geometry": {"type": "Point", "coordinates": [12.050000000000125, 9.05]}}, {"type": "Feature", "properties": {"name": "Mboko", "level": "settlement", "lga": "Obi Ngwa", "state": "Abia"}, "geometry": {"type": "Point", "coordinates": [7.416667000000189, 5.200000000000102]}}, {"type": "Feature", "properties": {"name": "Mgbidi", "level": "settlement", "lga": "Oru West", "state": "Imo"}, "geometry": {"type": "Point", "coordinates": [6.890952, 5.730125]}}, {"type": "Feature", "properties": {"name": "Michika", "level": "settlement", "lga": "Michika", "state": "Adamawa"}, "geometry": {"type": "Point", "coordinates": [13.384905, 10.615919000000133]}}, {"type": "Feature", "properties": {"name": "Miga", "level": "settlement", "lga": "Miga", "state": "Jigawa"}, "geometry": {"type": "Point", "coordinates": [9.712179000000106, 12.239284000000168]}}, {"type": "Feature", "properties": {"name": "Minjibir", "level": "settlement", "lga": "Minjibir", "state": "Kano"}, "geometry": {"type": "Point", "coordinates": [8.659182, 12.178191]}}, {"type": "Feature", "properties": {"name": "Minna", "level": "settlement", "lga": "Chanchaga", "state": "Niger"}, "geometry": {"type": "Point", "coordinates": [6.556944000000101, 9.613889]}}, {"type": "Feature", "properties": {"name": "Misau", "level": "settlement", "lga": "Misau", "state": "Bauchi"}, "geometry": {"type": "Point", "coordinates": [10.4703, 11.316300000000183]}}, {"type": "Feature", "properties": {"name": "Mkpat Enin", "level": "settlement", "lga": "Mkpat Enin", "state": "Akwa Ibom"}, "geometry": {"type": "Point", "coordinates": [7.748607, 4.733853000000124]}}, {"type": "Feature", "properties": {"name": "Mokwa", "level": "settlement", "lga": "Mokwa", "state": "Niger"}, "geometry": {"type": "Point", "coordinates": [5.050000000000125, 9.283333000000141]}}, {"type": "Feature", "properties": {"name": "Mongu", "level": "settlement", "lga": "Mangu", "state": "Plateau"}, "geometry": {"type": "Point", "coordinates": [9.1, 9.516667]}}, {"type": "Feature", "properties": {"name": "Monguno", "level": "settlement", "lga": "Monguno", "state": "Borno"}, "geometry": {"type": "Point", "coordinates": [13.607917, 12.67863]}}, {"type": "Feature", "properties": {"name": "Moniya", "level": "settlement", "lga": "Akinyele", "state": "Oyo"}, "geometry": {"type": "Point", "coordinates": [3.911944, 7.528333000000146]}}, {"type": "Feature", "properties": {"name": "Mopa", "level": "settlement", "lga": "Mopa-Muro", "state": "Kogi"}, "geometry": {"type": "Point", "coordinates": [5.9, 8.100000000000136]}}, {"type": "Feature", "properties": {"name": "Moro, River", "level": "settlement", "lga": "Ilorin West", "state": "Kwara"}, "geometry": {"type": "Point", "coordinates": [4.500000000000171, 8.566667]}}, {"type": "Feature", "properties": {"name": "Mubi", "level": "settlement", "lga": "Mubi North", "state": "Adamawa"}, "geometry": {"type": "Point", "coordinates": [13.264360000000124, 10.267607000000112]}}, {"type": "Feature", "properties": {"name": "Musawa", "level": "settlement", "lga": "Musawa", "state": "Katsina"}, "geometry": {"type": "Point", "coordinates": [7.669797000000131, 12.127174]}}, {"type": "Feature", "properties": {"name": "Mushin", "level": "settlement", "lga": "Mushin", "state": "Lagos"}, "geometry": {"type": "Point", "coordinates": [3.357141, 6.526262]}}, {"type": "Feature", "properties": {"name": "Mutum Biyu", "level": "settlement", "lga": "Gassol", "state": "Taraba"}, "geometry": {"type": "Point", "coordinates": [10.766667, 8.633333]}}, {"type": "Feature", "properties": {"name": "Nafada", "level": "settlement", "lga": "Nafada", "state": "Gombe"}, "geometry": {"type": "Point", "coordinates": [11.332700000000159, 11.095600000000161]}}, {"type": "Feature", "properties": {"name": "Naka", "level": "settlement", "lga": "Gwer West", "state": "Benue"}, "geometry": {"type": "Point", "coordinates": [8.208700000000135, 7.588700000000131]}}, {"type": "Feature", "properties": {"name": "Nangere", "level": "settlement", "lga": "Nangere", "state": "Yobe"}, "geometry": {"type": "Point", "coordinates": [11.0698000000001, 11.864]}}, {"type": "Feature", "properties": {"name": "Nasko", "level": "settlement", "lga": "Magama", "state": "Niger"}, "geometry": {"type": "Point", "coordinates": [4.879207000000122, 10.487156]}}, {"type": "Feature", "properties": {"name": "Nassarawa", "level": "settlement", "lga": "Nasarawa", "state": "Nasarawa"}, "geometry": {"type": "Point", "coordinates": [7.724167, 8.529444000000183]}}, {"type": "Feature", "properties": {"name": "Nassarawa", "level": "settlement", "lga": "Tarauni", "state": "Kano"}, "geometry": {"type": "Point", "coordinates": [8.561565, 11.976999]}}, {"type": "Feature", "properties": {"name": "Nassarawan Eggon", "level": "settlement", "lga": "Nasarawa-Eggon", "state": "Nasarawa"}, "geometry": {"type": "Point", "coordinates": [8.533333, 8.716667]}}, {"type": "Feature", "properties": {"name": "Nbalano", "level": "settlement", "lga": "Isiukwuato", "state": "Abia"}, "geometry": {"type": "Point", "coordinates": [7.501615000000129, 5.731618]}}, {"type": "Feature", "properties": {"name": "Ndeaboh", "level": "settlement", "lga": "Aninri", "state": "Enugu"}, "geometry": {"type": "Point", "coordinates": [7.582072, 6.042548]}}, {"type": "Feature", "properties": {"name": "Nembe", "level": "settlement", "lga": "Nembe", "state": "Bayelsa"}, "geometry": {"type": "Point", "coordinates": [6.400344, 4.539402000000166]}}, {"type": "Feature", "properties": {"name": "New Bussa", "level": "settlement", "lga": "Borgu", "state": "Niger"}, "geometry": {"type": "Point", "coordinates": [4.516667, 9.883333000000164]}}, {"type": "Feature", "properties": {"name": "Ngala", "level": "settlement", "lga": "Ngala", "state": "Borno"}, "geometry": {"type": "Point", "coordinates": [14.191703000000189, 12.121809]}}, {"type": "Feature", "properties": {"name": "Ngaski", "level": "settlement", "lga": "Ngaski", "state": "Kebbi"}, "geometry": {"type": "Point", "coordinates": [4.717807000000107, 10.407089]}}, {"type": "Feature", "properties": {"name": "Ngo", "level": "settlement", "lga": "Andoni", "state": "Rivers"}, "geometry": {"type": "Point", "coordinates": [7.414591, 4.483279]}}, {"type": "Feature", "properties": {"name": "Nguru", "level": "settlement", "lga": "Nguru", "state": "Yobe"}, "geometry": {"type": "Point", "coordinates": [10.452600000000132, 12.879100000000108]}}, {"type": "Feature", "properties": {"name": "Ningi", "level": "settlement", "lga": "Ningi", "state": "Bauchi"}, "geometry": {"type": "Point", "coordinates": [9.386608000000138, 10.968786]}}, {"type": "Feature", "properties": {"name": "Nkoro", "level": "settlement", "lga": "Opobo/Nkoro", "state": "Rivers"}, "geometry": {"type": "Point", "coordinates": [7.461163000000113, 4.545627]}}, {"type": "Feature", "properties": {"name": "Nkwelle", "level": "settlement", "lga": "Oyi", "state": "Anambra"}, "geometry": {"type": "Point", "coordinates": [6.838669, 6.209497]}}, {"type": "Feature", "properties": {"name": "Nkwerre", "level": "settlement", "lga": "Nkwerre", "state": "Imo"}, "geometry": {"type": "Point", "coordinates": [7.106273000000101, 5.75555]}}, {"type": "Feature", "properties": {"name": "Nnewi", "level": "settlement", "lga": "Nnewi North", "state": "Anambra"}, "geometry": {"type": "Point", "coordinates": [6.914775, 6.019864]}}, {"type": "Feature", "properties": {"name": "Nsukka", "level": "settlement", "lga": "Nsukka", "state": "Enugu"}, "geometry": {"type": "Point", "coordinates": [7.392700000000104, 6.8561]}}, {"type": "Feature", "properties": {"name": "Numan", "level": "settlement", "lga": "Numan", "state": "Adamawa"}, "geometry": {"type": "Point", "coordinates": [12.033333, 9.466667]}}, {"type": "Feature", "properties": {"name": "Nzam", "level": "settlement", "lga": "Anambra West", "state": "Anambra"}, "geometry": {"type": "Point", "coordinates": [6.729249000000152, 6.454111]}}, {"type": "Feature", "properties": {"name": "Obangedde", "level": "settlement", "lga": "Agatu", "state": "Benue"}, "geometry": {"type": "Point", "coordinates": [7.8141, 7.828]}}, {"type": "Feature", "properties": {"name": "Obi", "level": "settlement", "lga": "Obi", "state": "Nasarawa"}, "geometry": {"type": "Point", "coordinates": [8.766667, 8.36666700000012]}}, {"type": "Feature", "properties": {"name": "Obia", "level": "settlement", "lga": "Obia/Akpor", "state": "Rivers"}, "geometry": {"type": "Point", "coordinates": [7.041239000000132, 4.839344000000153]}}, {"type": "Feature", "properties": {"name": "Obiaruku", "level": "settlement", "lga": "Ukwuani", "state": "Delta"}, "geometry": {"type": "Point", "coordinates": [6.152566, 5.846712000000139]}}, {"type": "Feature", "properties": {"name": "Obigbo", "level": "settlement", "lga": "Oyigbo", "state": "Rivers"}, "geometry": {"type": "Point", "coordinates": [7.148817, 4.875448000000119]}}, {"type": "Feature", "properties": {"name": "Obolo", "level": "settlement", "lga": "Udenu", "state": "Enugu"}, "geometry": {"type": "Point", "coordinates": [7.519413000000156, 6.915427]}}, {"type": "Feature", "properties": {"name": "Oboro District Court", "level": "settlement", "lga": "Ikwuano", "state": "Abia"}, "geometry": {"type": "Point", "coordinates": [7.559206000000188, 5.419078]}}, {"type": "Feature", "properties": {"name": "Obot-Akara", "level": "settlement", "lga": "Obot Akara", "state": "Akwa Ibom"}, "geometry": {"type": "Point", "coordinates": [7.658292000000131, 5.271813]}}, {"type": "Feature", "properties": {"name": "Obubra", "level": "settlement", "lga": "Obubra", "state": "Cross River"}, "geometry": {"type": "Point", "coordinates": [8.329038, 6.075254]}}, {"type": "Feature", "properties": {"name": "Obudu", "level": "settlement", "lga": "Obudu", "state": "Cross River"}, "geometry": {"type": "Point", "coordinates": [9.17157, 6.66737]}}, {"type": "Feature", "properties": {"name": "Ode", "level": "settlement", "lga": "Aiyekire (Gbonyin)", "state": "Ekiti"}, "geometry": {"type": "Point", "coordinates": [5.552041000000145, 7.645671]}}, {"type": "Feature", "properties": {"name": "Odeda", "level": "settlement", "lga": "Odeda", "state": "Ogun"}, "geometry": {"type": "Point", "coordinates": [3.533333, 7.233333]}}, {"type": "Feature", "properties": {"name": "Odo Ere", "level": "settlement", "lga": "Yagba West", "state": "Kogi"}, "geometry": {"type": "Point", "coordinates": [5.55, 8.250000000000114]}}, {"type": "Feature", "properties": {"name": "Odogbolu", "level": "settlement", "lga": "Odogbolu", "state": "Ogun"}, "geometry": {"type": "Point", "coordinates": [3.764057, 6.836544]}}, {"type": "Feature", "properties": {"name": "Odoro-Ikpe", "level": "settlement", "lga": "Ini", "state": "Akwa Ibom"}, "geometry": {"type": "Point", "coordinates": [7.750807, 5.355348000000163]}}, {"type": "Feature", "properties": {"name": "Odot", "level": "settlement", "lga": "Nsit Atai", "state": "Akwa Ibom"}, "geometry": {"type": "Point", "coordinates": [8.038977000000159, 4.829981000000146]}}, {"type": "Feature", "properties": {"name": "Odukpani", "level": "settlement", "lga": "Odukpani", "state": "Cross River"}, "geometry": {"type": "Point", "coordinates": [8.339537000000178, 5.131955]}}, {"type": "Feature", "properties": {"name": "Ofe", "level": "settlement", "lga": "Atiba", "state": "Oyo"}, "geometry": {"type": "Point", "coordinates": [3.916667000000189, 8.133333000000107]}}, {"type": "Feature", "properties": {"name": "Offa", "level": "settlement", "lga": "Offa", "state": "Kwara"}, "geometry": {"type": "Point", "coordinates": [4.716667, 8.15]}}, {"type": "Feature", "properties": {"name": "Ofu, River", "level": "settlement", "lga": "Ibaji", "state": "Kogi"}, "geometry": {"type": "Point", "coordinates": [6.941511000000105, 6.79135900000017]}}, {"type": "Feature", "properties": {"name": "Ogali", "level": "settlement", "lga": "Eleme", "state": "Rivers"}, "geometry": {"type": "Point", "coordinates": [7.126889, 4.786044]}}, {"type": "Feature", "properties": {"name": "Ogaminana", "level": "settlement", "lga": "Okehi", "state": "Kogi"}, "geometry": {"type": "Point", "coordinates": [6.201400000000149, 7.6004]}}, {"type": "Feature", "properties": {"name": "Ogbe-Ijoh", "level": "settlement", "lga": "Udu", "state": "Delta"}, "geometry": {"type": "Point", "coordinates": [5.734605000000101, 5.48324300000013]}}, {"type": "Feature", "properties": {"name": "Ogbede", "level": "settlement", "lga": "Igbo-Etiti", "state": "Enugu"}, "geometry": {"type": "Point", "coordinates": [7.368700000000104, 6.6703]}}, {"type": "Feature", "properties": {"name": "Ogbere", "level": "settlement", "lga": "Ijebu East", "state": "Ogun"}, "geometry": {"type": "Point", "coordinates": [4.16045, 6.737858000000131]}}, {"type": "Feature", "properties": {"name": "Ogbia", "level": "settlement", "lga": "Ogbia", "state": "Bayelsa"}, "geometry": {"type": "Point", "coordinates": [6.326291, 4.707703]}}, {"type": "Feature", "properties": {"name": "Ogbomoso", "level": "settlement", "lga": "Ogbomosho North", "state": "Oyo"}, "geometry": {"type": "Point", "coordinates": [4.266667, 8.133333000000107]}}, {"type": "Feature", "properties": {"name": "Ogoja", "level": "settlement", "lga": "Ogoja", "state": "Cross River"}, "geometry": {"type": "Point", "coordinates": [8.797645000000102, 6.654706000000147]}}, {"type": "Feature", "properties": {"name": "Ogori", "level": "settlement", "lga": "Ogori/Magongo", "state": "Kogi"}, "geometry": {"type": "Point", "coordinates": [6.187600000000145, 7.4588]}}, {"type": "Feature", "properties": {"name": "Ogu", "level": "settlement", "lga": "Ogu/Bolo", "state": "Rivers"}, "geometry": {"type": "Point", "coordinates": [7.196655, 4.730551000000105]}}, {"type": "Feature", "properties": {"name": "Oguma", "level": "settlement", "lga": "Bassa", "state": "Kogi"}, "geometry": {"type": "Point", "coordinates": [7.0524, 7.8981]}}, {"type": "Feature", "properties": {"name": "Oguta", "level": "settlement", "lga": "Oguta", "state": "Imo"}, "geometry": {"type": "Point", "coordinates": [6.810265000000186, 5.708901]}}, {"type": "Feature", "properties": {"name": "Ogwashi-Uku", "level": "settlement", "lga": "Aniocha South", "state": "Delta"}, "geometry": {"type": "Point", "coordinates": [6.524293000000171, 6.178178]}}, {"type": "Feature", "properties": {"name": "Oji River", "level": "settlement", "lga": "Oji-River", "state": "Enugu"}, "geometry": {"type": "Point", "coordinates": [7.261, 6.2611]}}, {"type": "Feature", "properties": {"name": "Ojo", "level": "settlement", "lga": "Ojo", "state": "Lagos"}, "geometry": {"type": "Point", "coordinates": [3.205846000000179, 6.453819]}}, {"type": "Feature", "properties": {"name": "Oju", "level": "settlement", "lga": "Oju", "state": "Benue"}, "geometry": {"type": "Point", "coordinates": [8.4173550000001, 6.84543]}}, {"type": "Feature", "properties": {"name": "Oka", "level": "settlement", "lga": "Akoko South West", "state": "Ondo"}, "geometry": {"type": "Point", "coordinates": [5.6204, 7.447700000000168]}}, {"type": "Feature", "properties": {"name": "Okada", "level": "settlement", "lga": "Ovia North East", "state": "Edo"}, "geometry": {"type": "Point", "coordinates": [5.389892, 6.732728]}}, {"type": "Feature", "properties": {"name": "Oke Agbe", "level": "settlement", "lga": "Akoko North West", "state": "Ondo"}, "geometry": {"type": "Point", "coordinates": [5.761518, 7.644835000000114]}}, {"type": "Feature", "properties": {"name": "Oke Ila", "level": "settlement", "lga": "Ifedayo", "state": "Osun"}, "geometry": {"type": "Point", "coordinates": [4.983333000000187, 7.950000000000102]}}, {"type": "Feature", "properties": {"name": "Okehi", "level": "settlement", "lga": "Etche", "state": "Rivers"}, "geometry": {"type": "Point", "coordinates": [7.135654000000159, 5.136058]}}, {"type": "Feature", "properties": {"name": "Okene", "level": "settlement", "lga": "Okene", "state": "Kogi"}, "geometry": {"type": "Point", "coordinates": [6.253800000000183, 7.5456]}}, {"type": "Feature", "properties": {"name": "Okigwi", "level": "settlement", "lga": "Okigwe", "state": "Imo"}, "geometry": {"type": "Point", "coordinates": [7.359889000000123, 5.835234]}}, {"type": "Feature", "properties": {"name": "Okitipupa", "level": "settlement", "lga": "Okitipupa", "state": "Ondo"}, "geometry": {"type": "Point", "coordinates": [4.783910000000105, 6.504748]}}, {"type": "Feature", "properties": {"name": "Oko Ita", "level": "settlement", "lga": "Ibiono Ibom", "state": "Akwa Ibom"}, "geometry": {"type": "Point", "coordinates": [7.896189, 5.191052000000127]}}, {"type": "Feature", "properties": {"name": "Okobo", "level": "settlement", "lga": "Okobo", "state": "Akwa Ibom"}, "geometry": {"type": "Point", "coordinates": [8.110569000000112, 4.824914]}}, {"type": "Feature", "properties": {"name": "Okoloma-Tai", "level": "settlement", "lga": "Tai", "state": "Rivers"}, "geometry": {"type": "Point", "coordinates": [7.280003000000136, 4.766061]}}, {"type": "Feature", "properties": {"name": "Okoro Ete", "level": "settlement", "lga": "Eastern Obolo", "state": "Akwa Ibom"}, "geometry": {"type": "Point", "coordinates": [7.751667000000111, 4.53953]}}, {"type": "Feature", "properties": {"name": "Okpo", "level": "settlement", "lga": "Olamabolo", "state": "Kogi"}, "geometry": {"type": "Point", "coordinates": [7.559600000000103, 7.1844]}}, {"type": "Feature", "properties": {"name": "Okpofe", "level": "settlement", "lga": "Ezinihitte", "state": "Imo"}, "geometry": {"type": "Point", "coordinates": [7.300303, 5.474134000000106]}}, {"type": "Feature", "properties": {"name": "Okpogu", "level": "settlement", "lga": "Apa", "state": "Benue"}, "geometry": {"type": "Point", "coordinates": [7.942691, 7.639256]}}, {"type": "Feature", "properties": {"name": "Okposi", "level": "settlement", "lga": "Ezza North", "state": "Ebonyi"}, "geometry": {"type": "Point", "coordinates": [8.013431, 6.28572400000013]}}, {"type": "Feature", "properties": {"name": "Okrika", "level": "settlement", "lga": "Okrika", "state": "Rivers"}, "geometry": {"type": "Point", "coordinates": [7.08487700000012, 4.741589000000147]}}, {"type": "Feature", "properties": {"name": "Okuku Railway Stati", "level": "settlement", "lga": "Odo-Otin", "state": "Osun"}, "geometry": {"type": "Point", "coordinates": [4.683333000000175, 8.033333]}}, {"type": "Feature", "properties": {"name": "Okwe", "level": "settlement", "lga": "Unuimo", "state": "Imo"}, "geometry": {"type": "Point", "coordinates": [7.217474, 5.768701]}}, {"type": "Feature", "properties": {"name": "Ole", "level": "settlement", "lga": "Isoko South", "state": "Delta"}, "geometry": {"type": "Point", "coordinates": [6.207872, 5.461601]}}, {"type": "Feature", "properties": {"name": "Omo", "level": "settlement", "lga": "Ayamelum", "state": "Anambra"}, "geometry": {"type": "Point", "coordinates": [6.964936000000137, 6.519858]}}, {"type": "Feature", "properties": {"name": "Omoba Station", "level": "settlement", "lga": "Isiala-Ngwa North", "state": "Abia"}, "geometry": {"type": "Point", "coordinates": [7.416667000000189, 5.25]}}, {"type": "Feature", "properties": {"name": "Omoku", "level": "settlement", "lga": "Ogba/Egbema/Ndoni", "state": "Rivers"}, "geometry": {"type": "Point", "coordinates": [6.653208000000177, 5.343504000000166]}}, {"type": "Feature", "properties": {"name": "Omuma", "level": "settlement", "lga": "Oru East", "state": "Imo"}, "geometry": {"type": "Point", "coordinates": [6.947511, 5.756909000000121]}}, {"type": "Feature", "properties": {"name": "Omuo-Ekiti", "level": "settlement", "lga": "Ekiti East", "state": "Ekiti"}, "geometry": {"type": "Point", "coordinates": [5.7228, 7.75733]}}, {"type": "Feature", "properties": {"name": "Ondo", "level": "settlement", "lga": "Ondo West", "state": "Ondo"}, "geometry": {"type": "Point", "coordinates": [4.833333, 7.100000000000136]}}, {"type": "Feature", "properties": {"name": "Onitsha", "level": "settlement", "lga": "Onitsha South", "state": "Anambra"}, "geometry": {"type": "Point", "coordinates": [6.78845200000012, 6.14543]}}, {"type": "Feature", "properties": {"name": "Opobo", "level": "settlement", "lga": "Ikot Abasi", "state": "Akwa Ibom"}, "geometry": {"type": "Point", "coordinates": [7.547802, 4.564844]}}, {"type": "Feature", "properties": {"name": "Opokuma", "level": "settlement", "lga": "Kolokuma/Opokuma", "state": "Bayelsa"}, "geometry": {"type": "Point", "coordinates": [6.26406, 5.076274000000126]}}, {"type": "Feature", "properties": {"name": "Oporoma", "level": "settlement", "lga": "Southern Ijaw", "state": "Bayelsa"}, "geometry": {"type": "Point", "coordinates": [6.078889000000117, 4.804722]}}, {"type": "Feature", "properties": {"name": "Ore", "level": "settlement", "lga": "Odigbo", "state": "Ondo"}, "geometry": {"type": "Point", "coordinates": [4.877482, 6.745692000000133]}}, {"type": "Feature", "properties": {"name": "Orerokpe", "level": "settlement", "lga": "Okpe", "state": "Delta"}, "geometry": {"type": "Point", "coordinates": [5.889557, 5.635058000000186]}}, {"type": "Feature", "properties": {"name": "Orlu", "level": "settlement", "lga": "Orlu", "state": "Imo"}, "geometry": {"type": "Point", "coordinates": [7.034947000000159, 5.794635]}}, {"type": "Feature", "properties": {"name": "Oron", "level": "settlement", "lga": "Oron", "state": "Akwa Ibom"}, "geometry": {"type": "Point", "coordinates": [8.234345000000133, 4.825614]}}, {"type": "Feature", "properties": {"name": "Oru", "level": "settlement", "lga": "Ahiazu-Mbaise", "state": "Imo"}, "geometry": {"type": "Point", "coordinates": [7.267071, 5.53414000000015]}}, {"type": "Feature", "properties": {"name": "Oruko", "level": "settlement", "lga": "Urue-Offong/Oruko", "state": "Akwa Ibom"}, "geometry": {"type": "Point", "coordinates": [8.179307000000165, 4.711207]}}, {"type": "Feature", "properties": {"name": "Ose-Mmahu", "level": "settlement", "lga": "Ohaji/Egbema", "state": "Imo"}, "geometry": {"type": "Point", "coordinates": [6.725487000000101, 5.539849000000174]}}, {"type": "Feature", "properties": {"name": "Oshodi", "level": "settlement", "lga": "Oshodi-Isolo", "state": "Lagos"}, "geometry": {"type": "Point", "coordinates": [3.346625000000188, 6.558174]}}, {"type": "Feature", "properties": {"name": "Osi Ekiti", "level": "settlement", "lga": "Ido-Osi", "state": "Ekiti"}, "geometry": {"type": "Point", "coordinates": [5.158324000000107, 7.788256]}}, {"type": "Feature", "properties": {"name": "Osogbo", "level": "settlement", "lga": "Osogbo", "state": "Osun"}, "geometry": {"type": "Point", "coordinates": [4.566667000000109, 7.766667]}}, {"type": "Feature", "properties": {"name": "Osu", "level": "settlement", "lga": "Atakumosa West", "state": "Osun"}, "geometry": {"type": "Point", "coordinates": [4.616667000000177, 7.583333]}}, {"type": "Feature", "properties": {"name": "Otan Aiyegbaju", "level": "settlement", "lga": "Boluwaduro", "state": "Osun"}, "geometry": {"type": "Point", "coordinates": [4.800000000000182, 7.950000000000102]}}, {"type": "Feature", "properties": {"name": "Otor Udu", "level": "settlement", "lga": "Udu", "state": "Delta"}, "geometry": {"type": "Point", "coordinates": [5.869573000000173, 5.452724]}}, {"type": "Feature", "properties": {"name": "Otu", "level": "settlement", "lga": "Itesiwaju", "state": "Oyo"}, "geometry": {"type": "Point", "coordinates": [3.416667000000132, 8.2]}}, {"type": "Feature", "properties": {"name": "Otujeremi", "level": "settlement", "lga": "Udu", "state": "Delta"}, "geometry": {"type": "Point", "coordinates": [5.866667, 5.433333]}}, {"type": "Feature", "properties": {"name": "Otukpa", "level": "settlement", "lga": "Ogbadibo", "state": "Benue"}, "geometry": {"type": "Point", "coordinates": [7.649886, 7.089209]}}, {"type": "Feature", "properties": {"name": "Otukpo", "level": "settlement", "lga": "Yala", "state": "Cross River"}, "geometry": {"type": "Point", "coordinates": [8.6531, 6.815000000000111]}}, {"type": "Feature", "properties": {"name": "Otun", "level": "settlement", "lga": "Moba", "state": "Ekiti"}, "geometry": {"type": "Point", "coordinates": [5.129883, 7.987706000000117]}}, {"type": "Feature", "properties": {"name": "Oturkpo", "level": "settlement", "lga": "Oturkpo", "state": "Benue"}, "geometry": {"type": "Point", "coordinates": [8.1333, 7.191400000000101]}}, {"type": "Feature", "properties": {"name": "Owa Oyiebu", "level": "settlement", "lga": "Ika North East", "state": "Delta"}, "geometry": {"type": "Point", "coordinates": [6.201218000000154, 6.180779000000143]}}, {"type": "Feature", "properties": {"name": "Owena", "level": "settlement", "lga": "Ondo East", "state": "Ondo"}, "geometry": {"type": "Point", "coordinates": [5.021736000000146, 7.195371]}}, {"type": "Feature", "properties": {"name": "Owerri", "level": "settlement", "lga": "Owerri-Municipal", "state": "Imo"}, "geometry": {"type": "Point", "coordinates": [7.030407, 5.483333]}}, {"type": "Feature", "properties": {"name": "Owo", "level": "settlement", "lga": "Owo", "state": "Ondo"}, "geometry": {"type": "Point", "coordinates": [5.586806, 7.196195]}}, {"type": "Feature", "properties": {"name": "Owode", "level": "settlement", "lga": "Obafemi-Owode", "state": "Ogun"}, "geometry": {"type": "Point", "coordinates": [3.505113000000108, 6.948637000000133]}}, {"type": "Feature", "properties": {"name": "Oye", "level": "settlement", "lga": "Oye", "state": "Ekiti"}, "geometry": {"type": "Point", "coordinates": [5.332422, 7.799765]}}, {"type": "Feature", "properties": {"name": "Oyo", "level": "settlement", "lga": "Oyo East", "state": "Oyo"}, "geometry": {"type": "Point", "coordinates": [3.933333000000175, 7.85]}}, {"type": "Feature", "properties": {"name": "Ozoro", "level": "settlement", "lga": "Isoko North", "state": "Delta"}, "geometry": {"type": "Point", "coordinates": [6.227493, 5.541913]}}, {"type": "Feature", "properties": {"name": "Pankshin", "level": "settlement", "lga": "Pankshin", "state": "Plateau"}, "geometry": {"type": "Point", "coordinates": [9.45000000000016, 9.333333]}}, {"type": "Feature", "properties": {"name": "Patani", "level": "settlement", "lga": "Patani", "state": "Delta"}, "geometry": {"type": "Point", "coordinates": [6.192382, 5.227239]}}, {"type": "Feature", "properties": {"name": "Pategi", "level": "settlement", "lga": "Pategi", "state": "Kwara"}, "geometry": {"type": "Point", "coordinates": [5.750000000000114, 8.73333300000013]}}, {"type": "Feature", "properties": {"name": "Port Harcourt", "level": "settlement", "lga": "Port-Harcourt", "state": "Rivers"}, "geometry": {"type": "Point", "coordinates": [7.013404, 4.777423000000169]}}, {"type": "Feature", "properties": {"name": "Potiskum", "level": "settlement", "lga": "Potiskum", "state": "Yobe"}, "geometry": {"type": "Point", "coordinates": [11.0694, 11.7091]}}, {"type": "Feature", "properties": {"name": "Rabah", "level": "settlement", "lga": "Rabah", "state": "Sokoto"}, "geometry": {"type": "Point", "coordinates": [5.507414, 13.121329000000173]}}, {"type": "Feature", "properties": {"name": "Rano", "level": "settlement", "lga": "Rano", "state": "Kano"}, "geometry": {"type": "Point", "coordinates": [8.574642, 11.54912]}}, {"type": "Feature", "properties": {"name": "Rijau", "level": "settlement", "lga": "Rijau", "state": "Niger"}, "geometry": {"type": "Point", "coordinates": [5.250681, 11.10298]}}, {"type": "Feature", "properties": {"name": "Rimi", "level": "settlement", "lga": "Rimi", "state": "Katsina"}, "geometry": {"type": "Point", "coordinates": [7.714850000000126, 12.84884]}}, {"type": "Feature", "properties": {"name": "Rimin Gado", "level": "settlement", "lga": "Rimin Gado", "state": "Kano"}, "geometry": {"type": "Point", "coordinates": [8.250295, 11.963873]}}, {"type": "Feature", "properties": {"name": "Ringim", "level": "settlement", "lga": "Ringim", "state": "Jigawa"}, "geometry": {"type": "Point", "coordinates": [9.161915000000135, 12.154818000000148]}}, {"type": "Feature", "properties": {"name": "Ririwai", "level": "settlement", "lga": "Doguwa", "state": "Kano"}, "geometry": {"type": "Point", "coordinates": [8.744503000000122, 10.738648]}}, {"type": "Feature", "properties": {"name": "Riyom", "level": "settlement", "lga": "Riyom", "state": "Plateau"}, "geometry": {"type": "Point", "coordinates": [8.766667, 9.633333]}}, {"type": "Feature", "properties": {"name": "Rogo", "level": "settlement", "lga": "Rogo", "state": "Kano"}, "geometry": {"type": "Point", "coordinates": [7.825069, 11.553135000000111]}}, {"type": "Feature", "properties": {"name": "Roni", "level": "settlement", "lga": "Roni", "state": "Jigawa"}, "geometry": {"type": "Point", "coordinates": [8.265308000000175, 12.657100000000185]}}, {"type": "Feature", "properties": {"name": "Sabon Birni", "level": "settlement", "lga": "Sabon Birni", "state": "Sokoto"}, "geometry": {"type": "Point", "coordinates": [6.325007, 13.56104500000015]}}, {"type": "Feature", "properties": {"name": "Sabon Gari", "level": "settlement", "lga": "Sabon-Gari", "state": "Kaduna"}, "geometry": {"type": "Point", "coordinates": [7.733333000000187, 11.11666700000012]}}, {"type": "Feature", "properties": {"name": "Sabuwa", "level": "settlement", "lga": "Yankwashi", "state": "Jigawa"}, "geometry": {"type": "Point", "coordinates": [8.591339000000175, 12.73152000000016]}}, {"type": "Feature", "properties": {"name": "Safana", "level": "settlement", "lga": "Safana", "state": "Katsina"}, "geometry": {"type": "Point", "coordinates": [8.362121, 12.960438000000181]}}, {"type": "Feature", "properties": {"name": "Sagbama", "level": "settlement", "lga": "Sagbama", "state": "Bayelsa"}, "geometry": {"type": "Point", "coordinates": [6.212590000000148, 5.163299000000166]}}, {"type": "Feature", "properties": {"name": "Sakaba", "level": "settlement", "lga": "Sakaba", "state": "Kebbi"}, "geometry": {"type": "Point", "coordinates": [5.6, 11.066667]}}, {"type": "Feature", "properties": {"name": "Saki", "level": "settlement", "lga": "Saki West", "state": "Oyo"}, "geometry": {"type": "Point", "coordinates": [3.383333, 8.666667000000132]}}, {"type": "Feature", "properties": {"name": "Sandamu", "level": "settlement", "lga": "Sandamu", "state": "Katsina"}, "geometry": {"type": "Point", "coordinates": [7.416990000000112, 12.40798]}}, {"type": "Feature", "properties": {"name": "Sanga", "level": "settlement", "lga": "Sanga", "state": "Kaduna"}, "geometry": {"type": "Point", "coordinates": [8.45, 9.316667]}}, {"type": "Feature", "properties": {"name": "Sankwala", "level": "settlement", "lga": "Obanliku", "state": "Cross River"}, "geometry": {"type": "Point", "coordinates": [9.224, 6.5476]}}, {"type": "Feature", "properties": {"name": "Sapele", "level": "settlement", "lga": "Sapele", "state": "Delta"}, "geometry": {"type": "Point", "coordinates": [5.67666000000014, 5.894053]}}, {"type": "Feature", "properties": {"name": "Serti", "level": "settlement", "lga": "Gashaka", "state": "Taraba"}, "geometry": {"type": "Point", "coordinates": [11.366667, 7.500000000000114]}}, {"type": "Feature", "properties": {"name": "Shagamu", "level": "settlement", "lga": "Shagamu", "state": "Ogun"}, "geometry": {"type": "Point", "coordinates": [3.647763, 6.843226000000129]}}, {"type": "Feature", "properties": {"name": "Shagari", "level": "settlement", "lga": "Shagari", "state": "Sokoto"}, "geometry": {"type": "Point", "coordinates": [4.993586000000164, 12.62746]}}, {"type": "Feature", "properties": {"name": "Shanga", "level": "settlement", "lga": "Shanga", "state": "Kebbi"}, "geometry": {"type": "Point", "coordinates": [4.578776000000119, 11.210619]}}, {"type": "Feature", "properties": {"name": "Shani", "level": "settlement", "lga": "Shani", "state": "Borno"}, "geometry": {"type": "Point", "coordinates": [12.061982000000171, 10.216171]}}, {"type": "Feature", "properties": {"name": "Shanono", "level": "settlement", "lga": "Shanono", "state": "Kano"}, "geometry": {"type": "Point", "coordinates": [7.994029000000126, 12.049697000000151]}}, {"type": "Feature", "properties": {"name": "Share", "level": "settlement", "lga": "Ifelodun", "state": "Kwara"}, "geometry": {"type": "Point", "coordinates": [4.983333000000187, 8.816667000000109]}}, {"type": "Feature", "properties": {"name": "Shelleng", "level": "settlement", "lga": "Shelleng", "state": "Adamawa"}, "geometry": {"type": "Point", "coordinates": [12.008889000000181, 9.8975]}}, {"type": "Feature", "properties": {"name": "Shendam", "level": "settlement", "lga": "Shendam", "state": "Plateau"}, "geometry": {"type": "Point", "coordinates": [9.533333, 8.883333000000164]}}, {"type": "Feature", "properties": {"name": "Shinkafi", "level": "settlement", "lga": "Shinkafi", "state": "Zamfara"}, "geometry": {"type": "Point", "coordinates": [6.510465, 13.075339]}}, {"type": "Feature", "properties": {"name": "Shira", "level": "settlement", "lga": "Shira", "state": "Bauchi"}, "geometry": {"type": "Point", "coordinates": [10.0468, 11.458300000000122]}}, {"type": "Feature", "properties": {"name": "Shiroro", "level": "settlement", "lga": "Shiroro", "state": "Niger"}, "geometry": {"type": "Point", "coordinates": [6.83694400000013, 9.961667000000148]}}, {"type": "Feature", "properties": {"name": "Shomolu", "level": "settlement", "lga": "Shomolu", "state": "Lagos"}, "geometry": {"type": "Point", "coordinates": [3.371667, 6.540278000000114]}}, {"type": "Feature", "properties": {"name": "Silame", "level": "settlement", "lga": "Silame", "state": "Sokoto"}, "geometry": {"type": "Point", "coordinates": [4.843895000000146, 13.037218]}}, {"type": "Feature", "properties": {"name": "Soba", "level": "settlement", "lga": "Soba", "state": "Kaduna"}, "geometry": {"type": "Point", "coordinates": [8.05749400000019, 10.981335000000115]}}, {"type": "Feature", "properties": {"name": "Sokoto", "level": "settlement", "lga": "Wamako", "state": "Sokoto"}, "geometry": {"type": "Point", "coordinates": [5.214285, 13.048025000000166]}}, {"type": "Feature", "properties": {"name": "Sokoto", "level": "settlement", "lga": "Sokoto North", "state": "Sokoto"}, "geometry": {"type": "Point", "coordinates": [5.239018000000158, 13.060925]}}, {"type": "Feature", "properties": {"name": "Sokoto State", "level": "settlement", "lga": "Sokoto North", "state": "Sokoto"}, "geometry": {"type": "Point", "coordinates": [5.25, 13.083333000000152]}}, {"type": "Feature", "properties": {"name": "Song", "level": "settlement", "lga": "Song", "state": "Adamawa"}, "geometry": {"type": "Point", "coordinates": [12.625, 9.824444]}}, {"type": "Feature", "properties": {"name": "Sule Tankarka", "level": "settlement", "lga": "Sule-Tankarkar", "state": "Jigawa"}, "geometry": {"type": "Point", "coordinates": [9.226426, 12.668975]}}, {"type": "Feature", "properties": {"name": "Suleja", "level": "settlement", "lga": "Suleja", "state": "Niger"}, "geometry": {"type": "Point", "coordinates": [7.180833000000121, 9.175833000000125]}}, {"type": "Feature", "properties": {"name": "Sumaila", "level": "settlement", "lga": "Sumaila", "state": "Kano"}, "geometry": {"type": "Point", "coordinates": [8.956326, 11.527557000000115]}}, {"type": "Feature", "properties": {"name": "Suru", "level": "settlement", "lga": "Suru", "state": "Kebbi"}, "geometry": {"type": "Point", "coordinates": [4.182165000000111, 11.923972000000106]}}, {"type": "Feature", "properties": {"name": "Suru-Lere", "level": "settlement", "lga": "Mushin", "state": "Lagos"}, "geometry": {"type": "Point", "coordinates": [3.35836200000017, 6.514365000000112]}}, {"type": "Feature", "properties": {"name": "Tafawa-Balewa", "level": "settlement", "lga": "Tafawa-Balewa", "state": "Bauchi"}, "geometry": {"type": "Point", "coordinates": [9.557222, 9.758333]}}, {"type": "Feature", "properties": {"name": "Takai", "level": "settlement", "lga": "Takai", "state": "Kano"}, "geometry": {"type": "Point", "coordinates": [9.11666700000012, 11.583333]}}, {"type": "Feature", "properties": {"name": "Takum", "level": "settlement", "lga": "Takum", "state": "Taraba"}, "geometry": {"type": "Point", "coordinates": [9.983333, 7.266667]}}, {"type": "Feature", "properties": {"name": "Talata Mafara", "level": "settlement", "lga": "Talata Mafara", "state": "Zamfara"}, "geometry": {"type": "Point", "coordinates": [6.05971, 12.573167]}}, {"type": "Feature", "properties": {"name": "Tambuwal", "level": "settlement", "lga": "Tambuwal", "state": "Sokoto"}, "geometry": {"type": "Point", "coordinates": [4.64692, 12.403858]}}, {"type": "Feature", "properties": {"name": "Tangaza", "level": "settlement", "lga": "Tangaza", "state": "Sokoto"}, "geometry": {"type": "Point", "coordinates": [4.937319, 13.365305]}}, {"type": "Feature", "properties": {"name": "Taura", "level": "settlement", "lga": "Taura", "state": "Jigawa"}, "geometry": {"type": "Point", "coordinates": [9.280571, 12.227216000000112]}}, {"type": "Feature", "properties": {"name": "Tede", "level": "settlement", "lga": "Atigbo", "state": "Oyo"}, "geometry": {"type": "Point", "coordinates": [3.450000000000102, 8.550000000000125]}}, {"type": "Feature", "properties": {"name": "Tofa", "level": "settlement", "lga": "Tofa", "state": "Kano"}, "geometry": {"type": "Point", "coordinates": [8.273131000000149, 12.057377]}}, {"type": "Feature", "properties": {"name": "Toro", "level": "settlement", "lga": "Toro", "state": "Bauchi"}, "geometry": {"type": "Point", "coordinates": [9.060434, 10.054517]}}, {"type": "Feature", "properties": {"name": "Toto", "level": "settlement", "lga": "Toto", "state": "Nasarawa"}, "geometry": {"type": "Point", "coordinates": [7.08444400000019, 8.378889]}}, {"type": "Feature", "properties": {"name": "Toungo", "level": "settlement", "lga": "Toungo", "state": "Adamawa"}, "geometry": {"type": "Point", "coordinates": [12.050000000000125, 8.116667000000177]}}, {"type": "Feature", "properties": {"name": "Tsanyawa", "level": "settlement", "lga": "Tsanyawa", "state": "Kano"}, "geometry": {"type": "Point", "coordinates": [7.987521, 12.293593]}}, {"type": "Feature", "properties": {"name": "Tudun Wada", "level": "settlement", "lga": "Tudun Wada", "state": "Kano"}, "geometry": {"type": "Point", "coordinates": [8.403849, 11.243376000000183]}}, {"type": "Feature", "properties": {"name": "Tureta", "level": "settlement", "lga": "Tureta", "state": "Sokoto"}, "geometry": {"type": "Point", "coordinates": [5.544310000000166, 12.591351]}}, {"type": "Feature", "properties": {"name": "Ubiaja", "level": "settlement", "lga": "Esan South East", "state": "Edo"}, "geometry": {"type": "Point", "coordinates": [6.386872, 6.655043]}}, {"type": "Feature", "properties": {"name": "Uburu", "level": "settlement", "lga": "Ohaozara", "state": "Ebonyi"}, "geometry": {"type": "Point", "coordinates": [7.7692, 6.0446]}}, {"type": "Feature", "properties": {"name": "Udi", "level": "settlement", "lga": "Udi", "state": "Enugu"}, "geometry": {"type": "Point", "coordinates": [7.4258, 6.3144]}}, {"type": "Feature", "properties": {"name": "Udung Uko", "level": "settlement", "lga": "Udung Uko", "state": "Akwa Ibom"}, "geometry": {"type": "Point", "coordinates": [8.242555000000152, 4.758010000000127]}}, {"type": "Feature", "properties": {"name": "Ufuma", "level": "settlement", "lga": "Orumba North", "state": "Anambra"}, "geometry": {"type": "Point", "coordinates": [7.202940000000183, 6.084792]}}, {"type": "Feature", "properties": {"name": "Ugba", "level": "settlement", "lga": "Logo", "state": "Benue"}, "geometry": {"type": "Point", "coordinates": [9.333333, 7.500000000000114]}}, {"type": "Feature", "properties": {"name": "Ugep", "level": "settlement", "lga": "Yakurr", "state": "Cross River"}, "geometry": {"type": "Point", "coordinates": [8.0812, 5.808600000000126]}}, {"type": "Feature", "properties": {"name": "Ughelli", "level": "settlement", "lga": "Ughelli North", "state": "Delta"}, "geometry": {"type": "Point", "coordinates": [6.00743000000017, 5.489857]}}, {"type": "Feature", "properties": {"name": "Ukanafun", "level": "settlement", "lga": "Abak", "state": "Akwa Ibom"}, "geometry": {"type": "Point", "coordinates": [7.743885, 5.002799]}}, {"type": "Feature", "properties": {"name": "Uke", "level": "settlement", "lga": "Idemili North", "state": "Anambra"}, "geometry": {"type": "Point", "coordinates": [6.920235000000105, 6.104633000000149]}}, {"type": "Feature", "properties": {"name": "Ukpo", "level": "settlement", "lga": "Njikoka", "state": "Anambra"}, "geometry": {"type": "Point", "coordinates": [6.964155000000176, 6.212867000000131]}}, {"type": "Feature", "properties": {"name": "Ukpor", "level": "settlement", "lga": "Nnewi South", "state": "Anambra"}, "geometry": {"type": "Point", "coordinates": [6.929337, 5.940698]}}, {"type": "Feature", "properties": {"name": "Ukwulu", "level": "settlement", "lga": "Dunukofia", "state": "Anambra"}, "geometry": {"type": "Point", "coordinates": [6.961105, 6.271688000000154]}}, {"type": "Feature", "properties": {"name": "Umu Elemai", "level": "settlement", "lga": "Isiala Mbano", "state": "Imo"}, "geometry": {"type": "Point", "coordinates": [7.233333, 5.683333000000175]}}, {"type": "Feature", "properties": {"name": "Umu Neke", "level": "settlement", "lga": "Ngor-Okpala", "state": "Imo"}, "geometry": {"type": "Point", "coordinates": [7.144652, 5.332122]}}, {"type": "Feature", "properties": {"name": "Umuahia", "level": "settlement", "lga": "Umuahia North", "state": "Abia"}, "geometry": {"type": "Point", "coordinates": [7.489589, 5.526269]}}, {"type": "Feature", "properties": {"name": "Umueje", "level": "settlement", "lga": "Orumba South", "state": "Anambra"}, "geometry": {"type": "Point", "coordinates": [7.266681000000119, 6.024142]}}, {"type": "Feature", "properties": {"name": "Umueze", "level": "settlement", "lga": "Ehime-Mbano", "state": "Imo"}, "geometry": {"type": "Point", "coordinates": [7.305403000000126, 5.632472]}}, {"type": "Feature", "properties": {"name": "Umulokpa", "level": "settlement", "lga": "Uzo-Uwani", "state": "Enugu"}, "geometry": {"type": "Point", "coordinates": [7.1002, 6.5062]}}, {"type": "Feature", "properties": {"name": "Umuoguma", "level": "settlement", "lga": "Owerri West", "state": "Imo"}, "geometry": {"type": "Point", "coordinates": [6.967603000000167, 5.467787]}}, {"type": "Feature", "properties": {"name": "Ungogo", "level": "settlement", "lga": "Ungogo", "state": "Kano"}, "geometry": {"type": "Point", "coordinates": [8.496641000000125, 12.090534]}}, {"type": "Feature", "properties": {"name": "Uromi", "level": "settlement", "lga": "Esan North East", "state": "Edo"}, "geometry": {"type": "Point", "coordinates": [6.328434, 6.707294000000104]}}, {"type": "Feature", "properties": {"name": "Urua Inyang", "level": "settlement", "lga": "Ika", "state": "Akwa Ibom"}, "geometry": {"type": "Point", "coordinates": [7.536602, 5.022022000000163]}}, {"type": "Feature", "properties": {"name": "Urualla", "level": "settlement", "lga": "Ideato North", "state": "Imo"}, "geometry": {"type": "Point", "coordinates": [7.099294000000157, 5.853128]}}, {"type": "Feature", "properties": {"name": "Uselu", "level": "settlement", "lga": "Egor", "state": "Edo"}, "geometry": {"type": "Point", "coordinates": [5.610999000000106, 6.384544000000119]}}, {"type": "Feature", "properties": {"name": "Uyo", "level": "settlement", "lga": "Uyo", "state": "Akwa Ibom"}, "geometry": {"type": "Point", "coordinates": [7.92657, 5.033333]}}, {"type": "Feature", "properties": {"name": "Vande Ikya", "level": "settlement", "lga": "Vandeikya", "state": "Benue"}, "geometry": {"type": "Point", "coordinates": [9.06764900000013, 6.783844000000101]}}, {"type": "Feature", "properties": {"name": "Wamako", "level": "settlement", "lga": "Wamako", "state": "Sokoto"}, "geometry": {"type": "Point", "coordinates": [5.105336, 13.028737000000149]}}, {"type": "Feature", "properties": {"name": "Wamba", "level": "settlement", "lga": "Wamba", "state": "Nasarawa"}, "geometry": {"type": "Point", "coordinates": [8.6, 8.933333]}}, {"type": "Feature", "properties": {"name": "Wannune", "level": "settlement", "lga": "Tarka", "state": "Benue"}, "geometry": {"type": "Point", "coordinates": [8.888700000000142, 7.5618]}}, {"type": "Feature", "properties": {"name": "Warji", "level": "settlement", "lga": "Warji", "state": "Bauchi"}, "geometry": {"type": "Point", "coordinates": [9.75000000000017, 11.183333000000118]}}, {"type": "Feature", "properties": {"name": "Warri", "level": "settlement", "lga": "Warri South", "state": "Delta"}, "geometry": {"type": "Point", "coordinates": [5.750000000000114, 5.516667]}}, {"type": "Feature", "properties": {"name": "Wasagu", "level": "settlement", "lga": "Wasagu/Danko", "state": "Kebbi"}, "geometry": {"type": "Point", "coordinates": [5.795361000000185, 11.376399]}}, {"type": "Feature", "properties": {"name": "Wase", "level": "settlement", "lga": "Wase", "state": "Plateau"}, "geometry": {"type": "Point", "coordinates": [9.966667000000143, 9.1]}}, {"type": "Feature", "properties": {"name": "Wudil", "level": "settlement", "lga": "Wudil", "state": "Kano"}, "geometry": {"type": "Point", "coordinates": [8.84505, 11.810671]}}, {"type": "Feature", "properties": {"name": "Wukari", "level": "settlement", "lga": "Wukari", "state": "Taraba"}, "geometry": {"type": "Point", "coordinates": [9.783333, 7.85]}}, {"type": "Feature", "properties": {"name": "Wurno", "level": "settlement", "lga": "Wurno", "state": "Sokoto"}, "geometry": {"type": "Point", "coordinates": [5.423262, 13.28777]}}, {"type": "Feature", "properties": {"name": "Wushishi", "level": "settlement", "lga": "Wushishi", "state": "Niger"}, "geometry": {"type": "Point", "coordinates": [6.079722000000118, 9.720556]}}, {"type": "Feature", "properties": {"name": "Yabo", "level": "settlement", "lga": "Yabo", "state": "Sokoto"}, "geometry": {"type": "Point", "coordinates": [5.015556, 12.721667]}}, {"type": "Feature", "properties": {"name": "Yankwashi", "level": "settlement", "lga": "Yankwashi", "state": "Jigawa"}, "geometry": {"type": "Point", "coordinates": [8.539973, 12.742809]}}, {"type": "Feature", "properties": {"name": "Yelwa", "level": "settlement", "lga": "Yauri", "state": "Kebbi"}, "geometry": {"type": "Point", "coordinates": [4.739019000000155, 10.835918]}}, {"type": "Feature", "properties": {"name": "Yenagoa", "level": "settlement", "lga": "Yenegoa", "state": "Bayelsa"}, "geometry": {"type": "Point", "coordinates": [6.264167000000157, 4.924722000000145]}}, {"type": "Feature", "properties": {"name": "Yola", "level": "settlement", "lga": "Yola South", "state": "Adamawa"}, "geometry": {"type": "Point", "coordinates": [12.48333300000013, 9.2]}}, {"type": "Feature", "properties": {"name": "Yorro", "level": "settlement", "lga": "Yorro", "state": "Taraba"}, "geometry": {"type": "Point", "coordinates": [11.616667000000177, 8.716667]}}, {"type": "Feature", "properties": {"name": "Yusufari", "level": "settlement", "lga": "Yusufari", "state": "Yobe"}, "geometry": {"type": "Point", "coordinates": [11.1758, 13.068300000000136]}}, {"type": "Feature", "properties": {"name": "Zaki Biam", "level": "settlement", "lga": "Ukum", "state": "Benue"}, "geometry": {"type": "Point", "coordinates": [9.616667, 7.516667000000155]}}, {"type": "Feature", "properties": {"name": "Zango", "level": "settlement", "lga": "Zango", "state": "Katsina"}, "geometry": {"type": "Point", "coordinates": [8.487646, 13.051512000000173]}}, {"type": "Feature", "properties": {"name": "Zangon Katab", "level": "settlement", "lga": "Zango-Kataf", "state": "Kaduna"}, "geometry": {"type": "Point", "coordinates": [8.400000000000148, 9.833333]}}, {"type": "Feature", "properties": {"name": "Zaria Native Area N", "level": "settlement", "lga": "Zaria", "state": "Kaduna"}, "geometry": {"type": "Point", "coordinates": [7.700000000000159, 11.066667]}}, {"type": "Feature", "properties": {"name": "Zing", "level": "settlement", "lga": "Zing", "state": "Taraba"}, "geometry": {"type": "Point", "coordinates": [11.700000000000102, 8.9]}}, {"type": "Feature", "properties": {"name": "Zurmi", "level": "settlement", "lga": "Zurmi", "state": "Zamfara"}, "geometry": {"type": "Point", "coordinates": [6.783401, 12.777604]}}, {"type": "Feature", "properties": {"name": "Zuru", "level": "settlement", "lga": "Zuru", "state": "Kebbi"}, "geometry": {"type": "Point", "coordinates": [5.228786000000127, 11.424065]}}]}